設備名,,推論時刻,conf値
N1,,2024/04/09 11:00:08,0.85
N1,,2024/04/09 11:00:09,0.90
N1,,2024/04/09 11:00:13,0.92
N1,,2024/04/09 11:00:14,0.79
N1,,2024/04/09 11:01:46,0.58
N1,,2024/04/09 11:01:48,0.70
N1,,2024/04/09 11:01:49,0.72
N1,,2024/04/09 11:01:50,0.57
N1,,2024/04/09 11:02:01,0.88
N1,,2024/04/09 11:02:02,0.87
N1,,2024/04/09 11:02:03,0.85
N1,,2024/04/09 11:02:49,0.89
N1,,2024/04/09 11:02:50,0.85
N1,,2024/04/09 11:02:51,0.90
N1,,2024/04/09 11:02:52,0.88
N1,,2024/04/09 11:02:53,0.89
N1,,2024/04/09 11:02:54,0.91
N1,,2024/04/09 11:02:55,0.92
N1,,2024/04/09 11:02:56,0.91
N1,,2024/04/09 11:02:56,0.91
N1,,2024/04/09 11:02:57,0.92
N1,,2024/04/09 11:02:58,0.92
N1,,2024/04/09 11:02:59,0.91
N1,,2024/04/09 11:03:00,0.87
N1,,2024/04/09 11:03:01,0.90
N1,,2024/04/09 11:03:02,0.89
N1,,2024/04/09 11:03:03,0.89
N1,,2024/04/09 11:03:04,0.90
N1,,2024/04/09 11:03:05,0.92
N1,,2024/04/09 11:03:06,0.92
N1,,2024/04/09 11:03:07,0.91
N1,,2024/04/09 11:03:08,0.91
N1,,2024/04/09 11:03:09,0.91
N1,,2024/04/09 11:03:10,0.91
N1,,2024/04/09 11:03:11,0.92
N1,,2024/04/09 11:03:12,0.92
N1,,2024/04/09 11:03:13,0.68
N1,,2024/04/09 11:05:22,0.89
N1,,2024/04/09 11:05:23,0.88
N1,,2024/04/09 11:05:24,0.70
N1,,2024/04/09 11:05:25,0.61
N1,,2024/04/09 11:06:10,0.73
N1,,2024/04/09 11:06:11,0.77
N1,,2024/04/09 11:06:23,0.87
N1,,2024/04/09 11:06:24,0.69
N1,,2024/04/09 11:08:31,0.41
N1,,2024/04/09 11:08:31,0.40
N1,,2024/04/09 11:08:32,0.88
N1,,2024/04/09 11:08:33,0.91
N1,,2024/04/09 11:08:34,0.92
N1,,2024/04/09 11:08:38,0.82
N1,,2024/04/09 11:08:39,0.91
N1,,2024/04/09 11:08:40,0.93
N1,,2024/04/09 11:08:42,0.90
N1,,2024/04/09 11:08:43,0.48
N1,,2024/04/09 11:09:20,0.84
N1,,2024/04/09 11:09:21,0.94
N1,,2024/04/09 11:09:22,0.91
N1,,2024/04/09 11:09:23,0.92
N1,,2024/04/09 11:09:23,0.90
N1,,2024/04/09 11:09:24,0.94
N1,,2024/04/09 11:09:25,0.68
N1,,2024/04/09 11:09:26,0.93
N1,,2024/04/09 11:09:27,0.94
N1,,2024/04/09 11:09:28,0.91
N1,,2024/04/09 11:09:29,0.92
N1,,2024/04/09 11:09:30,0.93
N1,,2024/04/09 11:09:31,0.93
N1,,2024/04/09 11:09:32,0.92
N1,,2024/04/09 11:09:33,0.91
N1,,2024/04/09 11:09:34,0.91
N1,,2024/04/09 11:09:35,0.92
N1,,2024/04/09 11:09:36,0.92
N1,,2024/04/09 11:09:37,0.93
N1,,2024/04/09 11:09:38,0.90
N1,,2024/04/09 11:09:39,0.91
N1,,2024/04/09 11:09:40,0.82
N1,,2024/04/09 11:09:41,0.74
N1,,2024/04/09 11:09:42,0.92
N1,,2024/04/09 11:09:43,0.92
N1,,2024/04/09 11:09:44,0.91
N1,,2024/04/09 11:09:45,0.93
N1,,2024/04/09 11:09:46,0.91
N1,,2024/04/09 11:09:47,0.92
N1,,2024/04/09 11:09:48,0.92
N1,,2024/04/09 11:09:49,0.92
N1,,2024/04/09 11:09:50,0.91
N1,,2024/04/09 11:09:51,0.91
N1,,2024/04/09 11:09:52,0.89
N1,,2024/04/09 11:09:52,0.93
N1,,2024/04/09 11:09:53,0.92
N1,,2024/04/09 11:09:54,0.89
N1,,2024/04/09 11:09:55,0.92
N1,,2024/04/09 11:09:56,0.92
N1,,2024/04/09 11:09:57,0.91
N1,,2024/04/09 11:09:58,0.91
N1,,2024/04/09 11:09:59,0.93
N1,,2024/04/09 11:10:00,0.93
N1,,2024/04/09 11:10:00,0.90
N1,,2024/04/09 11:10:01,0.59
N1,,2024/04/09 11:11:35,0.90
N1,,2024/04/09 11:11:36,0.90
N1,,2024/04/09 11:11:37,0.85
N1,,2024/04/09 11:11:38,0.87
N1,,2024/04/09 11:11:39,0.63
N1,,2024/04/09 11:11:44,0.75
N1,,2024/04/09 11:11:45,0.88
N1,,2024/04/09 11:11:46,0.93
N1,,2024/04/09 11:11:47,0.72
N1,,2024/04/09 11:12:44,0.88
N1,,2024/04/09 11:13:09,0.68
N1,,2024/04/09 11:13:10,0.89
N1,,2024/04/09 11:15:16,0.85
N1,,2024/04/09 11:15:17,0.89
N1,,2024/04/09 11:15:18,0.90
N1,,2024/04/09 11:15:19,0.88
N1,,2024/04/09 11:15:20,0.89
N1,,2024/04/09 11:15:21,0.90
N1,,2024/04/09 11:15:22,0.89
N1,,2024/04/09 11:15:23,0.88
N1,,2024/04/09 11:15:24,0.93
N1,,2024/04/09 11:15:25,0.92
N1,,2024/04/09 11:15:26,0.90
N1,,2024/04/09 11:15:27,0.93
N1,,2024/04/09 11:15:28,0.88
N1,,2024/04/09 11:15:29,0.93
N1,,2024/04/09 11:15:30,0.94
N1,,2024/04/09 11:15:31,0.94
N1,,2024/04/09 11:15:31,0.86
N1,,2024/04/09 11:15:32,0.60
N1,,2024/04/09 11:15:33,0.94
N1,,2024/04/09 11:15:34,0.94
N1,,2024/04/09 11:15:35,0.94
N1,,2024/04/09 11:15:36,0.90
N1,,2024/04/09 11:15:37,0.90
N1,,2024/04/09 11:15:38,0.91
N1,,2024/04/09 11:15:39,0.93
N1,,2024/04/09 11:15:40,0.91
N1,,2024/04/09 11:15:41,0.91
N1,,2024/04/09 11:15:42,0.92
N1,,2024/04/09 11:15:43,0.92
N1,,2024/04/09 11:15:44,0.91
N1,,2024/04/09 11:15:45,0.92
N1,,2024/04/09 11:15:46,0.86
N1,,2024/04/09 11:15:47,0.92
N1,,2024/04/09 11:15:48,0.87
N1,,2024/04/09 11:15:49,0.93
N1,,2024/04/09 11:15:50,0.91
N1,,2024/04/09 11:15:51,0.92
N1,,2024/04/09 11:15:52,0.90
N1,,2024/04/09 11:15:53,0.93
N1,,2024/04/09 11:15:54,0.84
N1,,2024/04/09 11:15:55,0.92
N1,,2024/04/09 11:15:56,0.93
N1,,2024/04/09 11:15:57,0.93
N1,,2024/04/09 11:15:58,0.88
N1,,2024/04/09 11:15:59,0.91
N1,,2024/04/09 11:16:00,0.89
N1,,2024/04/09 11:16:01,0.91
N1,,2024/04/09 11:16:02,0.93
N1,,2024/04/09 11:16:03,0.92
N1,,2024/04/09 11:16:03,0.90
N1,,2024/04/09 11:16:04,0.93
N1,,2024/04/09 11:16:05,0.92
N1,,2024/04/09 11:16:06,0.92
N1,,2024/04/09 11:16:07,0.92
N1,,2024/04/09 11:16:08,0.93
N1,,2024/04/09 11:16:09,0.92
N1,,2024/04/09 11:16:10,0.95
N1,,2024/04/09 11:16:11,0.92
N1,,2024/04/09 11:16:12,0.89
N1,,2024/04/09 11:16:13,0.92
N1,,2024/04/09 11:16:14,0.93
N1,,2024/04/09 11:16:15,0.91
N1,,2024/04/09 11:16:16,0.92
N1,,2024/04/09 11:16:17,0.90
N1,,2024/04/09 11:16:18,0.94
N1,,2024/04/09 11:16:19,0.93
N1,,2024/04/09 11:16:20,0.95
N1,,2024/04/09 11:16:21,0.94
N1,,2024/04/09 11:16:22,0.93
N1,,2024/04/09 11:16:23,0.93
N1,,2024/04/09 11:17:27,0.40
N1,,2024/04/09 11:17:28,0.82
N1,,2024/04/09 11:17:29,0.93
N1,,2024/04/09 11:17:30,0.94
N1,,2024/04/09 11:17:31,0.90
N1,,2024/04/09 11:19:06,0.79
N1,,2024/04/09 11:19:07,0.89
N1,,2024/04/09 11:19:08,0.91
N1,,2024/04/09 11:19:09,0.93
N1,,2024/04/09 11:19:10,0.92
N1,,2024/04/09 11:19:11,0.93
N1,,2024/04/09 11:19:12,0.93
N1,,2024/04/09 11:19:13,0.64
N1,,2024/04/09 11:21:42,0.80
N1,,2024/04/09 11:21:44,0.84
N1,,2024/04/09 11:21:45,0.90
N1,,2024/04/09 11:21:46,0.89
N1,,2024/04/09 11:21:47,0.89
N1,,2024/04/09 11:21:48,0.88
N1,,2024/04/09 11:21:49,0.89
N1,,2024/04/09 11:21:50,0.74
N1,,2024/04/09 11:21:51,0.91
N1,,2024/04/09 11:21:52,0.79
N1,,2024/04/09 11:21:53,0.77
N1,,2024/04/09 11:21:54,0.85
N1,,2024/04/09 11:21:55,0.85
N1,,2024/04/09 11:21:56,0.91
N1,,2024/04/09 11:21:57,0.83
N1,,2024/04/09 11:22:02,0.74
N1,,2024/04/09 11:22:02,0.86
N1,,2024/04/09 11:22:03,0.74
N1,,2024/04/09 11:22:04,0.57
N1,,2024/04/09 11:49:52,0.80
N1,,2024/04/09 11:49:53,0.90
N1,,2024/04/09 11:49:54,0.65
N1,,2024/04/09 11:49:55,0.94
N1,,2024/04/09 11:49:56,0.93
N1,,2024/04/09 11:49:57,0.90
N1,,2024/04/09 11:50:00,0.91
N1,,2024/04/09 11:50:00,0.91
N1,,2024/04/09 11:50:01,0.92
N1,,2024/04/09 11:50:02,0.91
N1,,2024/04/09 11:50:03,0.91
N1,,2024/04/09 11:50:04,0.89
N1,,2024/04/09 11:50:05,0.92
N1,,2024/04/09 11:50:06,0.89
N1,,2024/04/09 11:50:07,0.52
N1,,2024/04/09 11:50:08,0.89
N1,,2024/04/09 11:50:09,0.78
N1,,2024/04/09 11:50:10,0.86
N1,,2024/04/09 11:50:11,0.90
N1,,2024/04/09 11:50:12,0.88
N1,,2024/04/09 11:50:13,0.93
N1,,2024/04/09 11:50:14,0.94
N1,,2024/04/09 11:50:15,0.94
N1,,2024/04/09 11:50:16,0.94
N1,,2024/04/09 11:50:17,0.94
N1,,2024/04/09 11:50:18,0.91
N1,,2024/04/09 11:50:19,0.89
N1,,2024/04/09 11:50:20,0.91
N1,,2024/04/09 11:50:21,0.94
N1,,2024/04/09 11:50:22,0.94
N1,,2024/04/09 11:50:23,0.95
N1,,2024/04/09 11:50:24,0.95
N1,,2024/04/09 11:50:25,0.92
N1,,2024/04/09 11:50:26,0.93
N1,,2024/04/09 11:50:27,0.92
N1,,2024/04/09 11:50:28,0.92
N1,,2024/04/09 11:50:29,0.89
N1,,2024/04/09 11:50:30,0.89
N1,,2024/04/09 11:50:31,0.84
N1,,2024/04/09 11:50:31,0.84
N1,,2024/04/09 11:50:32,0.86
N1,,2024/04/09 11:50:33,0.90
N1,,2024/04/09 11:50:34,0.88
N1,,2024/04/09 11:50:35,0.89
N1,,2024/04/09 11:50:36,0.42
N1,,2024/04/09 11:50:37,0.71
N1,,2024/04/09 11:50:38,0.72
N1,,2024/04/09 11:50:39,0.60
N1,,2024/04/09 11:50:40,0.49
N1,,2024/04/09 11:50:41,0.57
N1,,2024/04/09 11:50:42,0.85
N1,,2024/04/09 11:50:43,0.93
N1,,2024/04/09 11:50:44,0.89
N1,,2024/04/09 11:50:45,0.82
N1,,2024/04/09 11:50:46,0.84
N1,,2024/04/09 11:50:47,0.88
N1,,2024/04/09 11:50:48,0.88
N1,,2024/04/09 11:50:49,0.89
N1,,2024/04/09 11:50:50,0.88
N1,,2024/04/09 11:50:51,0.81
N1,,2024/04/09 11:50:52,0.86
N1,,2024/04/09 11:50:53,0.85
N1,,2024/04/09 11:50:54,0.81
N1,,2024/04/09 11:50:55,0.86
N1,,2024/04/09 11:50:56,0.76
N1,,2024/04/09 11:50:57,0.82
N1,,2024/04/09 11:50:58,0.80
N1,,2024/04/09 11:50:59,0.80
N1,,2024/04/09 11:51:00,0.83
N1,,2024/04/09 11:51:01,0.79
N1,,2024/04/09 11:51:02,0.74
N1,,2024/04/09 11:51:03,0.79
N1,,2024/04/09 11:51:03,0.77
N1,,2024/04/09 11:51:04,0.85
N1,,2024/04/09 11:51:05,0.93
N1,,2024/04/09 11:51:06,0.85
N1,,2024/04/09 11:51:07,0.91
N1,,2024/04/09 11:51:08,0.92
N1,,2024/04/09 11:51:09,0.85
N1,,2024/04/09 11:51:10,0.89
N1,,2024/04/09 11:51:11,0.90
N1,,2024/04/09 11:51:12,0.88
N1,,2024/04/09 11:51:13,0.82
N1,,2024/04/09 11:51:14,0.84
N1,,2024/04/09 11:51:15,0.85
N1,,2024/04/09 11:51:16,0.79
N1,,2024/04/09 11:51:17,0.71
N1,,2024/04/09 11:51:18,0.87
N1,,2024/04/09 11:51:19,0.79
N1,,2024/04/09 11:51:20,0.82
N1,,2024/04/09 11:51:21,0.83
N1,,2024/04/09 11:51:22,0.86
N1,,2024/04/09 11:51:23,0.81
N1,,2024/04/09 11:51:24,0.60
N1,,2024/04/09 11:51:25,0.80
N1,,2024/04/09 11:51:26,0.82
N1,,2024/04/09 11:51:27,0.87
N1,,2024/04/09 11:51:28,0.79
N1,,2024/04/09 11:51:29,0.82
N1,,2024/04/09 11:51:30,0.76
N1,,2024/04/09 11:51:31,0.79
N1,,2024/04/09 11:51:32,0.71
N1,,2024/04/09 11:51:33,0.82
N1,,2024/04/09 11:51:34,0.91
N1,,2024/04/09 11:51:35,0.90
N1,,2024/04/09 11:51:35,0.91
N1,,2024/04/09 11:51:36,0.80
N1,,2024/04/09 11:51:37,0.88
N1,,2024/04/09 11:51:38,0.92
N1,,2024/04/09 11:51:40,0.77
N1,,2024/04/09 11:51:41,0.92
N1,,2024/04/09 11:51:42,0.92
N1,,2024/04/09 11:51:43,0.92
N1,,2024/04/09 11:51:44,0.90
N1,,2024/04/09 11:51:45,0.69
N1,,2024/04/09 11:51:48,0.78
N1,,2024/04/09 11:51:49,0.93
N1,,2024/04/09 11:51:50,0.90
N1,,2024/04/09 11:51:51,0.87
N1,,2024/04/09 11:52:01,0.91
N1,,2024/04/09 11:52:02,0.88
N1,,2024/04/09 11:52:03,0.77
N1,,2024/04/09 11:52:04,0.83
N1,,2024/04/09 11:52:05,0.79
N1,,2024/04/09 11:52:06,0.77
N1,,2024/04/09 11:52:07,0.85
N1,,2024/04/09 11:52:07,0.87
N1,,2024/04/09 11:52:08,0.84
N1,,2024/04/09 11:52:09,0.78
N1,,2024/04/09 11:52:10,0.91
N1,,2024/04/09 11:52:11,0.92
N1,,2024/04/09 11:52:12,0.91
N1,,2024/04/09 11:52:13,0.91
N1,,2024/04/09 11:52:14,0.89
N1,,2024/04/09 11:52:15,0.89
N1,,2024/04/09 11:52:16,0.87
N1,,2024/04/09 11:52:17,0.86
N1,,2024/04/09 11:52:18,0.90
N1,,2024/04/09 11:52:19,0.87
N1,,2024/04/09 11:52:20,0.86
N1,,2024/04/09 11:52:21,0.88
N1,,2024/04/09 11:52:22,0.87
N1,,2024/04/09 11:52:23,0.86
N1,,2024/04/09 11:52:24,0.84
N1,,2024/04/09 11:52:25,0.83
N1,,2024/04/09 11:52:26,0.80
N1,,2024/04/09 11:52:27,0.79
N1,,2024/04/09 11:52:28,0.87
N1,,2024/04/09 11:52:29,0.89
N1,,2024/04/09 11:52:30,0.90
N1,,2024/04/09 11:52:31,0.89
N1,,2024/04/09 11:52:32,0.89
N1,,2024/04/09 11:52:33,0.91
N1,,2024/04/09 11:52:34,0.93
N1,,2024/04/09 11:52:35,0.93
N1,,2024/04/09 11:52:36,0.93
N1,,2024/04/09 11:52:37,0.95
N1,,2024/04/09 11:52:38,0.74
N1,,2024/04/09 11:52:39,0.93
N1,,2024/04/09 11:52:39,0.95
N1,,2024/04/09 11:52:40,0.94
N1,,2024/04/09 11:52:41,0.92
N1,,2024/04/09 11:52:42,0.95
N1,,2024/04/09 11:52:43,0.91
N1,,2024/04/09 11:52:44,0.92
N1,,2024/04/09 11:52:45,0.92
N1,,2024/04/09 11:52:46,0.95
N1,,2024/04/09 11:52:47,0.95
N1,,2024/04/09 11:52:48,0.90
N1,,2024/04/09 11:52:49,0.92
N1,,2024/04/09 11:52:50,0.90
N1,,2024/04/09 11:52:51,0.94
N1,,2024/04/09 11:52:52,0.91
N1,,2024/04/09 11:52:53,0.91
N1,,2024/04/09 11:52:54,0.87
N1,,2024/04/09 12:24:41,0.84
N1,,2024/04/09 12:24:42,0.92
N1,,2024/04/09 12:24:43,0.92
N1,,2024/04/09 12:24:44,0.92
N1,,2024/04/09 12:24:45,0.93
N1,,2024/04/09 12:24:46,0.89
N1,,2024/04/09 12:24:47,0.89
N1,,2024/04/09 12:41:22,0.91
N1,,2024/04/09 12:41:23,0.94
N1,,2024/04/09 12:41:24,0.90
N1,,2024/04/09 12:41:25,0.91
N1,,2024/04/09 12:41:26,0.92
N1,,2024/04/09 12:41:27,0.90
N1,,2024/04/09 12:41:28,0.90
N1,,2024/04/09 12:41:28,0.91
N1,,2024/04/09 12:41:29,0.91
N1,,2024/04/09 12:41:30,0.93
N1,,2024/04/09 12:41:31,0.92
N1,,2024/04/09 12:41:32,0.91
N1,,2024/04/09 12:41:33,0.93
N1,,2024/04/09 12:41:34,0.91
N1,,2024/04/09 12:41:35,0.92
N1,,2024/04/09 12:41:36,0.92
N1,,2024/04/09 12:41:37,0.93
N1,,2024/04/09 12:41:38,0.92
N1,,2024/04/09 12:41:39,0.92
N1,,2024/04/09 12:41:40,0.92
N1,,2024/04/09 12:41:41,0.91
N1,,2024/04/09 12:41:42,0.93
N1,,2024/04/09 12:41:43,0.92
N1,,2024/04/09 12:41:44,0.92
N1,,2024/04/09 12:41:45,0.92
N1,,2024/04/09 12:41:46,0.85
N1,,2024/04/09 12:41:47,0.91
N1,,2024/04/09 12:41:48,0.92
N1,,2024/04/09 12:41:49,0.91
N1,,2024/04/09 12:41:50,0.89
N1,,2024/04/09 12:41:51,0.91
N1,,2024/04/09 12:41:52,0.92
N1,,2024/04/09 12:41:53,0.92
N1,,2024/04/09 12:41:54,0.92
N1,,2024/04/09 12:41:55,0.94
N1,,2024/04/09 12:41:56,0.89
N1,,2024/04/09 12:41:57,0.90
N1,,2024/04/09 12:41:58,0.80
N1,,2024/04/09 12:41:58,0.90
N1,,2024/04/09 12:41:59,0.91
N1,,2024/04/09 12:42:00,0.91
N1,,2024/04/09 12:42:01,0.91
N1,,2024/04/09 12:42:02,0.91
N1,,2024/04/09 12:42:03,0.92
N1,,2024/04/09 12:42:04,0.89
N1,,2024/04/09 12:42:05,0.90
N1,,2024/04/09 12:42:06,0.91
N1,,2024/04/09 12:42:07,0.91
N1,,2024/04/09 12:42:08,0.91
N1,,2024/04/09 12:42:09,0.91
N1,,2024/04/09 12:42:10,0.76
N1,,2024/04/09 12:42:10,0.45
N1,,2024/04/09 12:42:11,0.91
N1,,2024/04/09 12:42:12,0.90
N1,,2024/04/09 12:42:13,0.92
N1,,2024/04/09 12:42:14,0.93
N1,,2024/04/09 12:42:15,0.92
N1,,2024/04/09 12:42:16,0.89
N1,,2024/04/09 12:42:17,0.91
N1,,2024/04/09 12:42:18,0.92
N1,,2024/04/09 12:42:19,0.91
N1,,2024/04/09 12:42:20,0.93
N1,,2024/04/09 12:42:21,0.94
N1,,2024/04/09 12:42:22,0.94
N1,,2024/04/09 12:42:23,0.91
N1,,2024/04/09 12:42:24,0.88
N1,,2024/04/09 12:42:25,0.87
N1,,2024/04/09 12:42:26,0.91
N1,,2024/04/09 12:42:27,0.90
N1,,2024/04/09 12:42:27,0.93
N1,,2024/04/09 12:42:28,0.93
N1,,2024/04/09 12:42:29,0.91
N1,,2024/04/09 12:44:59,0.89
N1,,2024/04/09 12:45:00,0.81
N1,,2024/04/09 12:45:00,0.90
N1,,2024/04/09 12:45:01,0.87
N1,,2024/04/09 12:45:02,0.84
N1,,2024/04/09 12:45:03,0.91
N1,,2024/04/09 12:45:04,0.60
N1,,2024/04/09 12:51:09,0.46
N1,,2024/04/09 12:51:10,0.91
N1,,2024/04/09 12:51:11,0.70
N1,,2024/04/09 12:51:13,0.89
N1,,2024/04/09 12:51:14,0.90
N1,,2024/04/09 12:51:15,0.90
N1,,2024/04/09 12:51:16,0.89
N1,,2024/04/09 12:51:17,0.86
N1,,2024/04/09 12:51:18,0.88
N1,,2024/04/09 12:51:19,0.88
N1,,2024/04/09 12:51:20,0.76
N1,,2024/04/09 12:51:21,0.73
N1,,2024/04/09 12:51:22,0.82
N1,,2024/04/09 12:51:23,0.91
N1,,2024/04/09 12:51:24,0.81
N1,,2024/04/09 12:51:29,0.84
N1,,2024/04/09 12:51:30,0.48
N1,,2024/04/09 12:51:31,0.77
N1,,2024/04/09 13:10:23,0.57
N1,,2024/04/09 13:10:24,0.89
N1,,2024/04/09 13:10:25,0.91
N1,,2024/04/09 13:10:26,0.92
N1,,2024/04/09 13:10:27,0.84
N1,,2024/04/09 13:10:28,0.91
N1,,2024/04/09 13:10:29,0.92
N1,,2024/04/09 13:10:29,0.91
N1,,2024/04/09 13:10:30,0.92
N1,,2024/04/09 13:10:31,0.90
N1,,2024/04/09 13:10:32,0.90
N1,,2024/04/09 13:10:33,0.94
N1,,2024/04/09 13:10:34,0.93
N1,,2024/04/09 13:10:35,0.93
N1,,2024/04/09 13:10:36,0.95
N1,,2024/04/09 13:10:37,0.94
N1,,2024/04/09 13:10:38,0.92
N1,,2024/04/09 13:10:39,0.92
N1,,2024/04/09 13:10:40,0.94
N1,,2024/04/09 13:10:41,0.94
N1,,2024/04/09 13:10:42,0.92
N1,,2024/04/09 13:10:43,0.91
N1,,2024/04/09 13:10:44,0.93
N1,,2024/04/09 13:10:45,0.93
N1,,2024/04/09 13:10:46,0.92
N1,,2024/04/09 13:10:47,0.93
N1,,2024/04/09 13:10:48,0.93
N1,,2024/04/09 13:10:49,0.93
N1,,2024/04/09 13:10:50,0.91
N1,,2024/04/09 13:10:51,0.93
N1,,2024/04/09 13:10:52,0.93
N1,,2024/04/09 13:10:53,0.93
N1,,2024/04/09 13:10:54,0.92
N1,,2024/04/09 13:10:55,0.90
N1,,2024/04/09 13:10:56,0.91
N1,,2024/04/09 13:10:57,0.92
N1,,2024/04/09 13:10:58,0.92
N1,,2024/04/09 13:10:58,0.91
N1,,2024/04/09 13:10:59,0.92
N1,,2024/04/09 13:11:00,0.90
N1,,2024/04/09 13:11:01,0.92
N1,,2024/04/09 13:11:02,0.92
N1,,2024/04/09 13:11:03,0.93
N1,,2024/04/09 13:11:04,0.93
N1,,2024/04/09 13:11:05,0.93
N1,,2024/04/09 13:11:06,0.89
N1,,2024/04/09 13:11:07,0.90
N1,,2024/04/09 13:11:08,0.79
N1,,2024/04/09 13:11:09,0.90
N1,,2024/04/09 13:11:10,0.90
N1,,2024/04/09 13:11:11,0.90
N1,,2024/04/09 13:11:12,0.92
N1,,2024/04/09 13:11:13,0.91
N1,,2024/04/09 13:11:14,0.92
N1,,2024/04/09 13:11:15,0.92
N1,,2024/04/09 13:11:16,0.90
N1,,2024/04/09 13:11:17,0.92
N1,,2024/04/09 13:11:18,0.91
N1,,2024/04/09 13:11:19,0.91
N1,,2024/04/09 13:11:20,0.91
N1,,2024/04/09 13:11:21,0.91
N1,,2024/04/09 13:11:22,0.87
N1,,2024/04/09 13:11:23,0.92
N1,,2024/04/09 13:11:24,0.90
N1,,2024/04/09 13:11:25,0.88
N1,,2024/04/09 13:11:26,0.89
N1,,2024/04/09 13:11:27,0.91
N1,,2024/04/09 13:11:28,0.95
N1,,2024/04/09 13:11:28,0.91
N1,,2024/04/09 13:11:29,0.91
N1,,2024/04/09 13:11:30,0.92
N1,,2024/04/09 13:11:31,0.93
N1,,2024/04/09 13:11:32,0.57
N1,,2024/04/09 13:14:07,0.57
N1,,2024/04/09 13:14:09,0.90
N1,,2024/04/09 13:14:10,0.90
N1,,2024/04/09 13:14:11,0.89
N1,,2024/04/09 13:14:12,0.89
N1,,2024/04/09 13:14:13,0.90
N1,,2024/04/09 13:14:14,0.92
N1,,2024/04/09 13:14:15,0.74
N1,,2024/04/09 13:14:16,0.80
N1,,2024/04/09 13:14:17,0.88
N1,,2024/04/09 13:14:18,0.89
N1,,2024/04/09 13:14:19,0.86
N1,,2024/04/09 13:14:23,0.45
N1,,2024/04/09 13:14:24,0.90
N1,,2024/04/09 13:14:25,0.88
N1,,2024/04/09 13:14:25,0.93
N1,,2024/04/09 13:16:06,0.82
N1,,2024/04/09 13:16:07,0.92
N1,,2024/04/09 13:16:08,0.90
N1,,2024/04/09 13:16:09,0.91
N1,,2024/04/09 13:16:10,0.92
N1,,2024/04/09 13:16:11,0.92
N1,,2024/04/09 13:16:12,0.94
N1,,2024/04/09 13:16:13,0.93
N1,,2024/04/09 13:16:14,0.87
N1,,2024/04/09 13:16:15,0.90
N1,,2024/04/09 13:16:16,0.89
N1,,2024/04/09 13:16:17,0.92
N1,,2024/04/09 13:16:18,0.93
N1,,2024/04/09 13:16:19,0.92
N1,,2024/04/09 13:16:20,0.93
N1,,2024/04/09 13:16:21,0.92
N1,,2024/04/09 13:16:22,0.92
N1,,2024/04/09 13:16:23,0.93
N1,,2024/04/09 13:16:24,0.89
N1,,2024/04/09 13:16:25,0.78
N1,,2024/04/09 13:16:26,0.94
N1,,2024/04/09 13:16:27,0.73
N1,,2024/04/09 13:16:27,0.46
N1,,2024/04/09 13:16:28,0.92
N1,,2024/04/09 13:16:29,0.91
N1,,2024/04/09 13:16:30,0.91
N1,,2024/04/09 13:16:31,0.90
N1,,2024/04/09 13:16:32,0.92
N1,,2024/04/09 13:16:32,0.92
N1,,2024/04/09 13:16:33,0.93
N1,,2024/04/09 13:16:34,0.93
N1,,2024/04/09 13:16:35,0.90
N1,,2024/04/09 13:16:36,0.89
N1,,2024/04/09 13:16:37,0.92
N1,,2024/04/09 13:16:38,0.93
N1,,2024/04/09 13:16:39,0.91
N1,,2024/04/09 13:16:40,0.93
N1,,2024/04/09 13:16:41,0.92
N1,,2024/04/09 13:16:42,0.93
N1,,2024/04/09 13:16:43,0.92
N1,,2024/04/09 13:16:44,0.93
N1,,2024/04/09 13:16:45,0.92
N1,,2024/04/09 13:16:46,0.93
N1,,2024/04/09 13:16:47,0.94
N1,,2024/04/09 13:16:48,0.94
N1,,2024/04/09 13:16:49,0.90
N1,,2024/04/09 13:16:50,0.85
N1,,2024/04/09 13:16:51,0.91
N1,,2024/04/09 13:16:52,0.91
N1,,2024/04/09 13:16:53,0.89
N1,,2024/04/09 13:16:54,0.88
N1,,2024/04/09 13:16:55,0.92
N1,,2024/04/09 13:16:56,0.93
N1,,2024/04/09 13:16:57,0.92
N1,,2024/04/09 13:16:58,0.90
N1,,2024/04/09 13:16:59,0.87
N1,,2024/04/09 13:17:00,0.91
N1,,2024/04/09 13:17:01,0.91
N1,,2024/04/09 13:17:02,0.93
N1,,2024/04/09 13:17:03,0.94
N1,,2024/04/09 13:17:03,0.73
N1,,2024/04/09 13:17:04,0.93
N1,,2024/04/09 13:17:05,0.92
N1,,2024/04/09 13:17:06,0.91
N1,,2024/04/09 13:17:07,0.92
N1,,2024/04/09 13:17:08,0.93
N1,,2024/04/09 13:17:09,0.93
N1,,2024/04/09 13:17:10,0.92
N1,,2024/04/09 13:17:11,0.93
N1,,2024/04/09 13:17:12,0.93
N1,,2024/04/09 13:17:13,0.90
N1,,2024/04/09 13:17:14,0.93
N1,,2024/04/09 13:17:15,0.92
N1,,2024/04/09 13:17:16,0.93
N1,,2024/04/09 13:17:17,0.95
N1,,2024/04/09 13:17:18,0.95
N1,,2024/04/09 13:17:19,0.95
N1,,2024/04/09 13:17:20,0.93
N1,,2024/04/09 13:19:38,0.62
N1,,2024/04/09 13:19:39,0.87
N1,,2024/04/09 13:19:40,0.91
N1,,2024/04/09 13:19:41,0.90
N1,,2024/04/09 13:20:01,0.53
N1,,2024/04/09 13:20:02,0.95
N1,,2024/04/09 13:20:03,0.93
N1,,2024/04/09 13:20:04,0.94
N1,,2024/04/09 13:20:05,0.90
N1,,2024/04/09 13:20:06,0.92
N1,,2024/04/09 13:20:07,0.94
N1,,2024/04/09 13:20:08,0.93
N1,,2024/04/09 13:20:09,0.93
N1,,2024/04/09 13:20:11,0.92
N1,,2024/04/09 13:20:12,0.87
N1,,2024/04/09 13:20:13,0.88
N1,,2024/04/09 13:20:14,0.91
N1,,2024/04/09 13:20:15,0.88
N1,,2024/04/09 13:20:16,0.86
N1,,2024/04/09 13:20:17,0.91
N1,,2024/04/09 13:20:18,0.87
N1,,2024/04/09 13:20:19,0.91
N1,,2024/04/09 13:20:20,0.91
N1,,2024/04/09 13:20:21,0.87
N1,,2024/04/09 13:20:22,0.86
N1,,2024/04/09 13:20:23,0.68
N1,,2024/04/09 13:20:27,0.91
N1,,2024/04/09 13:20:28,0.90
N1,,2024/04/09 13:20:29,0.91
N1,,2024/04/09 13:20:30,0.89
N1,,2024/04/09 13:20:31,0.91
N1,,2024/04/09 13:20:31,0.55
N1,,2024/04/09 13:21:33,0.40
N1,,2024/04/09 13:21:40,0.71
N1,,2024/04/09 13:21:41,0.91
N1,,2024/04/09 13:21:42,0.91
N1,,2024/04/09 13:21:43,0.91
N1,,2024/04/09 13:21:44,0.90
N1,,2024/04/09 13:21:45,0.91
N1,,2024/04/09 13:21:46,0.90
N1,,2024/04/09 13:21:47,0.91
N1,,2024/04/09 13:21:48,0.93
N1,,2024/04/09 13:21:49,0.91
N1,,2024/04/09 13:21:50,0.93
N1,,2024/04/09 13:21:51,0.91
N1,,2024/04/09 13:21:52,0.91
N1,,2024/04/09 13:21:53,0.89
N1,,2024/04/09 13:21:54,0.92
N1,,2024/04/09 13:21:55,0.90
N1,,2024/04/09 13:21:56,0.91
N1,,2024/04/09 13:21:57,0.93
N1,,2024/04/09 13:21:58,0.94
N1,,2024/04/09 13:21:59,0.94
N1,,2024/04/09 13:22:00,0.87
N1,,2024/04/09 13:22:01,0.91
N1,,2024/04/09 13:22:02,0.94
N1,,2024/04/09 13:22:03,0.94
N1,,2024/04/09 13:22:04,0.93
N1,,2024/04/09 13:22:05,0.94
N1,,2024/04/09 13:22:06,0.94
N1,,2024/04/09 13:22:06,0.91
N1,,2024/04/09 13:22:07,0.93
N1,,2024/04/09 13:22:08,0.90
N1,,2024/04/09 13:22:09,0.93
N1,,2024/04/09 13:22:10,0.92
N1,,2024/04/09 13:22:11,0.92
N1,,2024/04/09 13:22:12,0.92
N1,,2024/04/09 13:22:13,0.88
N1,,2024/04/09 13:22:14,0.90
N1,,2024/04/09 13:22:15,0.92
N1,,2024/04/09 13:22:16,0.85
N1,,2024/04/09 13:22:17,0.92
N1,,2024/04/09 13:22:18,0.91
N1,,2024/04/09 13:22:19,0.91
N1,,2024/04/09 13:22:20,0.92
N1,,2024/04/09 13:22:21,0.86
N1,,2024/04/09 13:22:22,0.90
N1,,2024/04/09 13:22:23,0.92
N1,,2024/04/09 13:22:24,0.92
N1,,2024/04/09 13:22:25,0.94
N1,,2024/04/09 13:22:26,0.89
N1,,2024/04/09 13:22:27,0.91
N1,,2024/04/09 13:22:28,0.91
N1,,2024/04/09 13:22:29,0.90
N1,,2024/04/09 13:22:30,0.90
N1,,2024/04/09 13:22:31,0.92
N1,,2024/04/09 13:22:32,0.92
N1,,2024/04/09 13:22:33,0.91
N1,,2024/04/09 13:22:34,0.91
N1,,2024/04/09 13:22:35,0.90
N1,,2024/04/09 13:22:36,0.93
N1,,2024/04/09 13:22:37,0.93
N1,,2024/04/09 13:22:37,0.94
N1,,2024/04/09 13:22:38,0.94
N1,,2024/04/09 13:22:39,0.91
N1,,2024/04/09 13:22:40,0.90
N1,,2024/04/09 13:22:41,0.94
N1,,2024/04/09 13:22:42,0.93
N1,,2024/04/09 13:22:43,0.91
N1,,2024/04/09 13:22:44,0.92
N1,,2024/04/09 13:22:45,0.90
N1,,2024/04/09 13:22:46,0.89
N1,,2024/04/09 13:22:47,0.93
N1,,2024/04/09 13:22:48,0.83
N1,,2024/04/09 13:22:49,0.74
N1,,2024/04/09 13:25:04,0.41
N1,,2024/04/09 13:25:05,0.93
N1,,2024/04/09 13:25:06,0.87
N1,,2024/04/09 13:25:07,0.88
N1,,2024/04/09 13:25:08,0.87
N1,,2024/04/09 13:25:09,0.91
N1,,2024/04/09 13:25:53,0.51
N1,,2024/04/09 13:25:54,0.91
N1,,2024/04/09 13:25:55,0.91
N1,,2024/04/09 13:25:56,0.91
N1,,2024/04/09 13:25:57,0.93
N1,,2024/04/09 13:25:58,0.94
N1,,2024/04/09 13:25:59,0.95
N1,,2024/04/09 13:26:00,0.94
N1,,2024/04/09 13:26:01,0.93
N1,,2024/04/09 13:26:02,0.93
N1,,2024/04/09 13:26:03,0.93
N1,,2024/04/09 13:26:04,0.93
N1,,2024/04/09 13:26:05,0.93
N1,,2024/04/09 13:26:05,0.93
N1,,2024/04/09 13:26:06,0.94
N1,,2024/04/09 13:26:07,0.92
N1,,2024/04/09 13:26:08,0.93
N1,,2024/04/09 13:26:09,0.93
N1,,2024/04/09 13:26:10,0.92
N1,,2024/04/09 13:26:11,0.92
N1,,2024/04/09 13:26:12,0.93
N1,,2024/04/09 13:26:14,0.89
N1,,2024/04/09 13:26:15,0.92
N1,,2024/04/09 13:26:16,0.90
N1,,2024/04/09 13:26:17,0.90
N1,,2024/04/09 13:26:18,0.92
N1,,2024/04/09 13:26:19,0.90
N1,,2024/04/09 13:26:20,0.91
N1,,2024/04/09 13:26:21,0.55
N1,,2024/04/09 13:26:22,0.88
N1,,2024/04/09 13:26:23,0.88
N1,,2024/04/09 13:26:24,0.92
N1,,2024/04/09 13:26:25,0.82
N1,,2024/04/09 13:26:29,0.91
N1,,2024/04/09 13:26:30,0.89
N1,,2024/04/09 13:26:31,0.88
N1,,2024/04/09 13:26:32,0.93
N1,,2024/04/09 13:26:33,0.89
N1,,2024/04/09 13:27:34,0.89
N1,,2024/04/09 13:27:35,0.91
N1,,2024/04/09 13:27:36,0.91
N1,,2024/04/09 13:27:37,0.92
N1,,2024/04/09 13:27:38,0.92
N1,,2024/04/09 13:27:39,0.90
N1,,2024/04/09 13:27:40,0.91
N1,,2024/04/09 13:27:41,0.91
N1,,2024/04/09 13:27:42,0.91
N1,,2024/04/09 13:27:42,0.94
N1,,2024/04/09 13:27:43,0.93
N1,,2024/04/09 13:27:44,0.90
N1,,2024/04/09 13:27:45,0.92
N1,,2024/04/09 13:27:46,0.94
N1,,2024/04/09 13:27:47,0.88
N1,,2024/04/09 13:27:48,0.61
N1,,2024/04/09 13:27:49,0.94
N1,,2024/04/09 13:27:50,0.94
N1,,2024/04/09 13:27:51,0.93
N1,,2024/04/09 13:27:52,0.91
N1,,2024/04/09 13:27:53,0.92
N1,,2024/04/09 13:27:54,0.90
N1,,2024/04/09 13:27:55,0.91
N1,,2024/04/09 13:27:56,0.92
N1,,2024/04/09 13:27:57,0.92
N1,,2024/04/09 13:27:58,0.88
N1,,2024/04/09 13:27:59,0.87
N1,,2024/04/09 13:28:00,0.89
N1,,2024/04/09 13:28:01,0.89
N1,,2024/04/09 13:28:02,0.92
N1,,2024/04/09 13:28:03,0.94
N1,,2024/04/09 13:28:04,0.90
N1,,2024/04/09 13:28:05,0.90
N1,,2024/04/09 13:28:06,0.88
N1,,2024/04/09 13:28:06,0.48
N1,,2024/04/09 13:28:07,0.93
N1,,2024/04/09 13:28:08,0.91
N1,,2024/04/09 13:28:09,0.89
N1,,2024/04/09 13:28:10,0.93
N1,,2024/04/09 13:28:11,0.93
N1,,2024/04/09 13:28:12,0.92
N1,,2024/04/09 13:28:13,0.91
N1,,2024/04/09 13:28:14,0.91
N1,,2024/04/09 13:28:15,0.90
N1,,2024/04/09 13:28:15,0.91
N1,,2024/04/09 13:28:16,0.92
N1,,2024/04/09 13:28:17,0.92
N1,,2024/04/09 13:28:18,0.91
N1,,2024/04/09 13:28:19,0.92
N1,,2024/04/09 13:28:20,0.93
N1,,2024/04/09 13:28:21,0.92
N1,,2024/04/09 13:28:22,0.93
N1,,2024/04/09 13:28:23,0.93
N1,,2024/04/09 13:28:24,0.93
N1,,2024/04/09 13:28:25,0.95
N1,,2024/04/09 13:28:26,0.94
N1,,2024/04/09 13:28:27,0.93
N1,,2024/04/09 13:28:28,0.93
N1,,2024/04/09 13:28:29,0.92
N1,,2024/04/09 13:28:30,0.92
N1,,2024/04/09 13:28:31,0.89
N1,,2024/04/09 13:28:32,0.92
N1,,2024/04/09 13:28:33,0.94
N1,,2024/04/09 13:28:34,0.94
N1,,2024/04/09 13:28:35,0.94
N1,,2024/04/09 13:28:36,0.96
N1,,2024/04/09 13:28:37,0.95
N1,,2024/04/09 13:28:38,0.89
N1,,2024/04/09 13:30:46,0.51
N1,,2024/04/09 13:30:47,0.93
N1,,2024/04/09 13:30:48,0.87
N1,,2024/04/09 13:30:49,0.89
N1,,2024/04/09 13:30:50,0.90
N1,,2024/04/09 13:30:51,0.85
N1,,2024/04/09 13:30:52,0.90
N1,,2024/04/09 13:31:49,0.38
N1,,2024/04/09 13:31:50,0.93
N1,,2024/04/09 13:31:51,0.89
N1,,2024/04/09 13:31:52,0.91
N1,,2024/04/09 13:31:53,0.90
N1,,2024/04/09 13:31:54,0.90
N1,,2024/04/09 13:31:55,0.92
N1,,2024/04/09 13:31:56,0.92
N1,,2024/04/09 13:31:57,0.90
N1,,2024/04/09 13:31:58,0.89
N1,,2024/04/09 13:31:59,0.92
N1,,2024/04/09 13:32:00,0.89
N1,,2024/04/09 13:32:01,0.92
N1,,2024/04/09 13:32:02,0.91
N1,,2024/04/09 13:32:03,0.92
N1,,2024/04/09 13:32:04,0.91
N1,,2024/04/09 13:32:05,0.91
N1,,2024/04/09 13:32:06,0.90
N1,,2024/04/09 13:32:07,0.90
N1,,2024/04/09 13:32:08,0.92
N1,,2024/04/09 13:32:09,0.92
N1,,2024/04/09 13:32:09,0.92
N1,,2024/04/09 13:32:10,0.91
N1,,2024/04/09 13:32:11,0.90
N1,,2024/04/09 13:32:12,0.89
N1,,2024/04/09 13:32:13,0.90
N1,,2024/04/09 13:32:14,0.92
N1,,2024/04/09 13:32:15,0.39
N1,,2024/04/09 13:32:16,0.89
N1,,2024/04/09 13:32:17,0.53
N1,,2024/04/09 13:32:18,0.85
N1,,2024/04/09 13:32:19,0.64
N1,,2024/04/09 13:32:20,0.59
N1,,2024/04/09 13:32:21,0.80
N1,,2024/04/09 13:32:22,0.89
N1,,2024/04/09 13:32:23,0.85
N1,,2024/04/09 13:32:24,0.88
N1,,2024/04/09 13:32:25,0.87
N1,,2024/04/09 13:32:26,0.90
N1,,2024/04/09 13:32:27,0.77
N1,,2024/04/09 13:32:31,0.79
N1,,2024/04/09 13:32:32,0.91
N1,,2024/04/09 13:32:34,0.94
N1,,2024/04/09 13:33:40,0.92
N1,,2024/04/09 13:33:41,0.89
N1,,2024/04/09 13:33:42,0.90
N1,,2024/04/09 13:33:43,0.91
N1,,2024/04/09 13:33:44,0.91
N1,,2024/04/09 13:33:45,0.89
N1,,2024/04/09 13:33:46,0.91
N1,,2024/04/09 13:33:47,0.93
N1,,2024/04/09 13:33:47,0.94
N1,,2024/04/09 13:33:48,0.92
N1,,2024/04/09 13:33:49,0.89
N1,,2024/04/09 13:33:50,0.93
N1,,2024/04/09 13:33:51,0.87
N1,,2024/04/09 13:33:52,0.93
N1,,2024/04/09 13:33:53,0.93
N1,,2024/04/09 13:33:54,0.94
N1,,2024/04/09 13:33:55,0.93
N1,,2024/04/09 13:33:56,0.92
N1,,2024/04/09 13:33:57,0.90
N1,,2024/04/09 13:33:58,0.90
N1,,2024/04/09 13:33:59,0.92
N1,,2024/04/09 13:34:00,0.88
N1,,2024/04/09 13:34:01,0.90
N1,,2024/04/09 13:34:02,0.94
N1,,2024/04/09 13:34:03,0.91
N1,,2024/04/09 13:34:04,0.90
N1,,2024/04/09 13:34:05,0.92
N1,,2024/04/09 13:34:06,0.94
N1,,2024/04/09 13:34:07,0.93
N1,,2024/04/09 13:34:08,0.92
N1,,2024/04/09 13:34:09,0.85
N1,,2024/04/09 13:34:10,0.80
N1,,2024/04/09 13:34:11,0.91
N1,,2024/04/09 13:34:12,0.91
N1,,2024/04/09 13:34:13,0.93
N1,,2024/04/09 13:34:14,0.91
N1,,2024/04/09 13:34:15,0.93
N1,,2024/04/09 13:34:16,0.90
N1,,2024/04/09 13:34:17,0.89
N1,,2024/04/09 13:34:18,0.90
N1,,2024/04/09 13:34:19,0.93
N1,,2024/04/09 13:34:19,0.93
N1,,2024/04/09 13:34:20,0.92
N1,,2024/04/09 13:34:21,0.92
N1,,2024/04/09 13:34:22,0.92
N1,,2024/04/09 13:34:23,0.93
N1,,2024/04/09 13:34:24,0.88
N1,,2024/04/09 13:34:25,0.93
N1,,2024/04/09 13:34:26,0.93
N1,,2024/04/09 13:34:27,0.92
N1,,2024/04/09 13:34:28,0.93
N1,,2024/04/09 13:34:29,0.94
N1,,2024/04/09 13:34:30,0.93
N1,,2024/04/09 13:34:31,0.92
N1,,2024/04/09 13:34:32,0.94
N1,,2024/04/09 13:34:33,0.93
N1,,2024/04/09 13:34:34,0.91
N1,,2024/04/09 13:34:35,0.87
N1,,2024/04/09 13:34:36,0.91
N1,,2024/04/09 13:34:37,0.93
N1,,2024/04/09 13:34:38,0.93
N1,,2024/04/09 13:34:39,0.95
N1,,2024/04/09 13:34:40,0.94
N1,,2024/04/09 13:34:41,0.42
N1,,2024/04/09 13:36:55,0.77
N1,,2024/04/09 13:36:56,0.88
N1,,2024/04/09 13:36:57,0.56
N1,,2024/04/09 13:37:30,0.53
N1,,2024/04/09 13:37:33,0.62
N1,,2024/04/09 13:37:34,0.46
N1,,2024/04/09 13:37:47,0.63
N1,,2024/04/09 13:37:48,0.75
N1,,2024/04/09 13:37:49,0.38
N1,,2024/04/09 13:37:51,0.71
N1,,2024/04/09 13:37:52,0.50
N1,,2024/04/09 13:37:53,0.87
N1,,2024/04/09 13:37:54,0.86
N1,,2024/04/09 13:37:55,0.91
N1,,2024/04/09 13:37:56,0.91
N1,,2024/04/09 13:37:57,0.93
N1,,2024/04/09 13:37:58,0.92
N1,,2024/04/09 13:37:59,0.93
N1,,2024/04/09 13:38:00,0.91
N1,,2024/04/09 13:38:01,0.92
N1,,2024/04/09 13:38:03,0.77
N1,,2024/04/09 13:38:04,0.91
N1,,2024/04/09 13:38:05,0.84
N1,,2024/04/09 13:38:06,0.81
N1,,2024/04/09 13:38:07,0.45
N1,,2024/04/09 13:38:07,0.42
N1,,2024/04/09 13:38:08,0.82
N1,,2024/04/09 13:38:09,0.92
N1,,2024/04/09 13:38:09,0.89
N1,,2024/04/09 13:38:10,0.91
N1,,2024/04/09 13:38:11,0.92
N1,,2024/04/09 13:38:12,0.89
N1,,2024/04/09 13:38:13,0.91
N1,,2024/04/09 13:38:14,0.90
N1,,2024/04/09 13:38:15,0.90
N1,,2024/04/09 13:38:16,0.93
N1,,2024/04/09 13:38:18,0.87
N1,,2024/04/09 13:38:19,0.90
N1,,2024/04/09 13:38:20,0.88
N1,,2024/04/09 13:38:21,0.86
N1,,2024/04/09 13:38:22,0.51
N1,,2024/04/09 13:38:23,0.89
N1,,2024/04/09 13:38:24,0.89
N1,,2024/04/09 13:38:25,0.55
N1,,2024/04/09 13:38:26,0.87
N1,,2024/04/09 13:38:27,0.86
N1,,2024/04/09 13:38:28,0.87
N1,,2024/04/09 13:38:29,0.90
N1,,2024/04/09 13:38:30,0.82
N1,,2024/04/09 13:38:34,0.84
N1,,2024/04/09 13:38:35,0.90
N1,,2024/04/09 13:38:37,0.94
N1,,2024/04/09 13:39:44,0.90
N1,,2024/04/09 13:39:44,0.93
N1,,2024/04/09 13:39:45,0.91
N1,,2024/04/09 13:39:46,0.91
N1,,2024/04/09 13:39:47,0.89
N1,,2024/04/09 13:39:48,0.90
N1,,2024/04/09 13:39:49,0.89
N1,,2024/04/09 13:39:50,0.93
N1,,2024/04/09 13:39:51,0.94
N1,,2024/04/09 13:39:52,0.92
N1,,2024/04/09 13:39:53,0.91
N1,,2024/04/09 13:39:54,0.92
N1,,2024/04/09 13:39:55,0.94
N1,,2024/04/09 13:39:56,0.93
N1,,2024/04/09 13:39:57,0.92
N1,,2024/04/09 13:39:58,0.94
N1,,2024/04/09 13:39:59,0.92
N1,,2024/04/09 13:40:00,0.94
N1,,2024/04/09 13:40:00,0.89
N1,,2024/04/09 13:40:00,0.92
N1,,2024/04/09 13:40:01,0.92
N1,,2024/04/09 13:40:02,0.89
N1,,2024/04/09 13:40:03,0.90
N1,,2024/04/09 13:40:04,0.92
N1,,2024/04/09 13:40:05,0.92
N1,,2024/04/09 13:40:06,0.88
N1,,2024/04/09 13:40:07,0.89
N1,,2024/04/09 13:40:08,0.94
N1,,2024/04/09 13:40:09,0.94
N1,,2024/04/09 13:40:10,0.92
N1,,2024/04/09 13:40:11,0.92
N1,,2024/04/09 13:40:12,0.92
N1,,2024/04/09 13:40:13,0.91
N1,,2024/04/09 13:40:14,0.72
N1,,2024/04/09 13:40:16,0.94
N1,,2024/04/09 13:40:17,0.93
N1,,2024/04/09 13:40:18,0.94
N1,,2024/04/09 13:40:19,0.92
N1,,2024/04/09 13:40:20,0.93
N1,,2024/04/09 13:40:21,0.94
N1,,2024/04/09 13:40:22,0.94
N1,,2024/04/09 13:40:23,0.93
N1,,2024/04/09 13:40:24,0.94
N1,,2024/04/09 13:40:25,0.93
N1,,2024/04/09 13:40:26,0.94
N1,,2024/04/09 13:40:27,0.77
N1,,2024/04/09 13:40:28,0.94
N1,,2024/04/09 13:40:29,0.93
N1,,2024/04/09 13:40:30,0.94
N1,,2024/04/09 13:40:31,0.91
N1,,2024/04/09 13:40:31,0.94
N1,,2024/04/09 13:40:32,0.95
N1,,2024/04/09 13:40:33,0.93
N1,,2024/04/09 13:40:34,0.93
N1,,2024/04/09 13:40:35,0.93
N1,,2024/04/09 13:40:36,0.90
N1,,2024/04/09 13:40:37,0.94
N1,,2024/04/09 13:40:38,0.93
N1,,2024/04/09 13:40:39,0.94
N1,,2024/04/09 13:40:40,0.94
N1,,2024/04/09 13:43:16,0.40
N1,,2024/04/09 13:43:17,0.90
N1,,2024/04/09 13:43:18,0.85
N1,,2024/04/09 13:43:19,0.90
N1,,2024/04/09 13:43:20,0.92
N1,,2024/04/09 13:43:21,0.92
N1,,2024/04/09 13:43:22,0.93
N1,,2024/04/09 13:44:10,0.92
N1,,2024/04/09 13:44:11,0.91
N1,,2024/04/09 13:44:12,0.91
N1,,2024/04/09 13:44:13,0.91
N1,,2024/04/09 13:44:13,0.89
N1,,2024/04/09 13:44:14,0.90
N1,,2024/04/09 13:44:15,0.90
N1,,2024/04/09 13:44:16,0.91
N1,,2024/04/09 13:44:17,0.93
N1,,2024/04/09 13:44:19,0.90
N1,,2024/04/09 13:44:21,0.50
N1,,2024/04/09 13:44:22,0.72
N1,,2024/04/09 13:44:23,0.80
N1,,2024/04/09 13:44:24,0.91
N1,,2024/04/09 13:44:25,0.89
N1,,2024/04/09 13:44:26,0.78
N1,,2024/04/09 13:44:27,0.85
N1,,2024/04/09 13:44:28,0.90
N1,,2024/04/09 13:44:29,0.87
N1,,2024/04/09 13:44:34,0.87
N1,,2024/04/09 13:44:35,0.86
N1,,2024/04/09 13:44:36,0.62
N1,,2024/04/09 13:44:37,0.81
N1,,2024/04/09 13:45:41,0.88
N1,,2024/04/09 13:45:42,0.91
N1,,2024/04/09 13:45:43,0.91
N1,,2024/04/09 13:45:44,0.92
N1,,2024/04/09 13:45:45,0.92
N1,,2024/04/09 13:45:46,0.92
N1,,2024/04/09 13:45:47,0.91
N1,,2024/04/09 13:45:48,0.93
N1,,2024/04/09 13:45:49,0.93
N1,,2024/04/09 13:45:50,0.90
N1,,2024/04/09 13:45:51,0.90
N1,,2024/04/09 13:45:52,0.92
N1,,2024/04/09 13:45:53,0.94
N1,,2024/04/09 13:45:54,0.94
N1,,2024/04/09 13:45:55,0.66
N1,,2024/04/09 13:45:56,0.92
N1,,2024/04/09 13:45:57,0.94
N1,,2024/04/09 13:45:58,0.91
N1,,2024/04/09 13:45:59,0.93
N1,,2024/04/09 13:46:00,0.91
N1,,2024/04/09 13:46:01,0.92
N1,,2024/04/09 13:46:02,0.91
N1,,2024/04/09 13:46:03,0.91
N1,,2024/04/09 13:46:04,0.65
N1,,2024/04/09 13:46:04,0.64
N1,,2024/04/09 13:46:05,0.91
N1,,2024/04/09 13:46:05,0.90
N1,,2024/04/09 13:46:06,0.92
N1,,2024/04/09 13:46:07,0.94
N1,,2024/04/09 13:46:08,0.93
N1,,2024/04/09 13:46:09,0.91
N1,,2024/04/09 13:46:10,0.91
N1,,2024/04/09 13:46:11,0.92
N1,,2024/04/09 13:46:12,0.67
N1,,2024/04/09 13:46:12,0.50
N1,,2024/04/09 13:46:13,0.91
N1,,2024/04/09 13:46:14,0.93
N1,,2024/04/09 13:46:15,0.93
N1,,2024/04/09 13:46:16,0.93
N1,,2024/04/09 13:46:17,0.90
N1,,2024/04/09 13:46:18,0.91
N1,,2024/04/09 13:46:19,0.91
N1,,2024/04/09 13:46:20,0.92
N1,,2024/04/09 13:46:21,0.90
N1,,2024/04/09 13:46:22,0.94
N1,,2024/04/09 13:46:23,0.93
N1,,2024/04/09 13:46:24,0.92
N1,,2024/04/09 13:46:25,0.91
N1,,2024/04/09 13:46:26,0.92
N1,,2024/04/09 13:46:27,0.93
N1,,2024/04/09 13:46:28,0.90
N1,,2024/04/09 13:46:29,0.92
N1,,2024/04/09 13:46:30,0.92
N1,,2024/04/09 13:46:31,0.92
N1,,2024/04/09 13:46:32,0.93
N1,,2024/04/09 13:46:33,0.90
N1,,2024/04/09 13:46:34,0.92
N1,,2024/04/09 13:46:35,0.94
N1,,2024/04/09 13:46:36,0.95
N1,,2024/04/09 13:46:37,0.95
N1,,2024/04/09 13:48:57,0.92
N1,,2024/04/09 13:48:58,0.91
N1,,2024/04/09 13:48:59,0.92
N1,,2024/04/09 13:49:00,0.91
N1,,2024/04/09 13:49:01,0.94
N1,,2024/04/09 13:49:02,0.91
N1,,2024/04/09 13:49:03,0.90
N1,,2024/04/09 13:49:04,0.91
N1,,2024/04/09 13:49:05,0.93
N1,,2024/04/09 13:49:06,0.89
N1,,2024/04/09 13:49:07,0.76
N1,,2024/04/09 13:49:48,0.90
N1,,2024/04/09 13:49:49,0.80
N1,,2024/04/09 13:50:03,0.87
N1,,2024/04/09 13:50:04,0.89
N1,,2024/04/09 13:50:05,0.94
N1,,2024/04/09 13:50:06,0.88
N1,,2024/04/09 13:50:07,0.91
N1,,2024/04/09 13:50:08,0.92
N1,,2024/04/09 13:50:09,0.89
N1,,2024/04/09 13:50:10,0.89
N1,,2024/04/09 13:50:11,0.91
N1,,2024/04/09 13:50:12,0.91
N1,,2024/04/09 13:50:13,0.90
N1,,2024/04/09 13:50:14,0.92
N1,,2024/04/09 13:50:15,0.91
N1,,2024/04/09 13:50:16,0.87
N1,,2024/04/09 13:50:17,0.92
N1,,2024/04/09 13:50:18,0.89
N1,,2024/04/09 13:50:19,0.93
N1,,2024/04/09 13:50:20,0.56
N1,,2024/04/09 13:50:24,0.61
N1,,2024/04/09 13:50:25,0.78
N1,,2024/04/09 13:50:26,0.73
N1,,2024/04/09 13:50:27,0.80
N1,,2024/04/09 13:50:28,0.80
N1,,2024/04/09 13:50:29,0.91
N1,,2024/04/09 13:50:30,0.89
N1,,2024/04/09 13:50:31,0.90
N1,,2024/04/09 13:50:33,0.91
N1,,2024/04/09 13:50:33,0.90
N1,,2024/04/09 13:50:34,0.47
N1,,2024/04/09 13:50:35,0.85
N1,,2024/04/09 13:50:36,0.56
N1,,2024/04/09 13:50:40,0.83
N1,,2024/04/09 13:50:41,0.86
N1,,2024/04/09 13:50:45,0.77
N1,,2024/04/09 13:50:46,0.85
N1,,2024/04/09 13:50:50,0.89
N1,,2024/04/09 13:50:51,0.93
N1,,2024/04/09 13:50:52,0.89
N1,,2024/04/09 13:51:00,0.89
N1,,2024/04/09 13:51:01,0.90
N1,,2024/04/09 13:51:02,0.78
N1,,2024/04/09 13:51:05,0.88
N1,,2024/04/09 13:51:06,0.88
N1,,2024/04/09 13:51:07,0.59
N1,,2024/04/09 13:51:07,0.68
N1,,2024/04/09 13:51:11,0.64
N1,,2024/04/09 13:51:12,0.93
N1,,2024/04/09 13:51:13,0.89
N1,,2024/04/09 13:51:14,0.89
N1,,2024/04/09 13:51:15,0.89
N1,,2024/04/09 13:51:16,0.93
N1,,2024/04/09 13:51:17,0.91
N1,,2024/04/09 13:51:18,0.92
N1,,2024/04/09 13:51:19,0.87
N1,,2024/04/09 13:51:20,0.92
N1,,2024/04/09 13:52:23,0.47
N1,,2024/04/09 13:52:24,0.93
N1,,2024/04/09 13:52:25,0.91
N1,,2024/04/09 13:52:26,0.92
N1,,2024/04/09 13:52:27,0.93
N1,,2024/04/09 13:52:28,0.94
N1,,2024/04/09 13:52:29,0.94
N1,,2024/04/09 13:52:30,0.92
N1,,2024/04/09 13:52:31,0.89
N1,,2024/04/09 13:52:32,0.94
N1,,2024/04/09 13:52:33,0.93
N1,,2024/04/09 13:52:34,0.91
N1,,2024/04/09 13:52:35,0.90
N1,,2024/04/09 13:52:36,0.93
N1,,2024/04/09 13:52:37,0.92
N1,,2024/04/09 13:52:38,0.92
N1,,2024/04/09 13:52:39,0.95
N1,,2024/04/09 13:52:40,0.93
N1,,2024/04/09 13:52:41,0.94
N1,,2024/04/09 13:52:42,0.94
N1,,2024/04/09 13:52:43,0.92
N1,,2024/04/09 13:52:44,0.85
N1,,2024/04/09 13:52:45,0.91
N1,,2024/04/09 13:52:46,0.89
N1,,2024/04/09 13:52:47,0.91
N1,,2024/04/09 13:52:48,0.92
N1,,2024/04/09 13:52:48,0.92
N1,,2024/04/09 13:52:49,0.91
N1,,2024/04/09 13:52:50,0.92
N1,,2024/04/09 13:52:51,0.80
N1,,2024/04/09 13:52:52,0.92
N1,,2024/04/09 13:52:53,0.93
N1,,2024/04/09 13:52:54,0.93
N1,,2024/04/09 13:52:55,0.93
N1,,2024/04/09 13:52:56,0.92
N1,,2024/04/09 13:52:57,0.93
N1,,2024/04/09 13:52:58,0.93
N1,,2024/04/09 13:52:59,0.94
N1,,2024/04/09 13:53:00,0.90
N1,,2024/04/09 13:53:01,0.91
N1,,2024/04/09 13:53:02,0.93
N1,,2024/04/09 13:53:03,0.88
N1,,2024/04/09 13:53:04,0.90
N1,,2024/04/09 13:53:05,0.91
N1,,2024/04/09 13:53:06,0.92
N1,,2024/04/09 13:53:07,0.93
N1,,2024/04/09 13:53:08,0.94
N1,,2024/04/09 13:53:09,0.91
N1,,2024/04/09 13:53:10,0.91
N1,,2024/04/09 13:53:11,0.91
N1,,2024/04/09 13:53:12,0.93
N1,,2024/04/09 13:53:13,0.89
N1,,2024/04/09 13:53:14,0.73
N1,,2024/04/09 13:53:15,0.93
N1,,2024/04/09 13:53:16,0.90
N1,,2024/04/09 13:53:17,0.89
N1,,2024/04/09 13:53:18,0.91
N1,,2024/04/09 13:53:19,0.91
N1,,2024/04/09 13:53:20,0.91
N1,,2024/04/09 13:53:21,0.93
N1,,2024/04/09 13:53:22,0.94
N1,,2024/04/09 13:53:22,0.92
N1,,2024/04/09 13:53:23,0.91
N1,,2024/04/09 13:53:24,0.64
N1,,2024/04/09 13:53:25,0.93
N1,,2024/04/09 13:55:48,0.82
N1,,2024/04/09 13:55:49,0.89
N1,,2024/04/09 13:55:50,0.71
N1,,2024/04/09 13:55:51,0.93
N1,,2024/04/09 13:55:52,0.90
N1,,2024/04/09 13:56:55,0.54
N1,,2024/04/09 13:56:56,0.92
N1,,2024/04/09 13:56:57,0.92
N1,,2024/04/09 13:56:58,0.85
N1,,2024/04/09 13:56:59,0.88
N1,,2024/04/09 13:57:00,0.71
N1,,2024/04/09 13:57:01,0.70
N1,,2024/04/09 13:57:02,0.88
N1,,2024/04/09 13:57:05,0.91
N1,,2024/04/09 13:57:06,0.85
N1,,2024/04/09 13:57:07,0.91
N1,,2024/04/09 13:57:08,0.89
N1,,2024/04/09 13:57:08,0.71
N1,,2024/04/09 13:57:09,0.82
N1,,2024/04/09 13:57:10,0.89
N1,,2024/04/09 13:57:11,0.90
N1,,2024/04/09 13:57:16,0.89
N1,,2024/04/09 13:57:17,0.88
N1,,2024/04/09 13:57:18,0.88
N1,,2024/04/09 13:57:19,0.78
N1,,2024/04/09 13:58:22,0.72
N1,,2024/04/09 13:58:23,0.88
N1,,2024/04/09 13:58:24,0.90
N1,,2024/04/09 13:58:25,0.92
N1,,2024/04/09 13:58:26,0.92
N1,,2024/04/09 13:58:27,0.91
N1,,2024/04/09 13:58:28,0.90
N1,,2024/04/09 13:58:29,0.91
N1,,2024/04/09 13:58:30,0.93
N1,,2024/04/09 13:58:31,0.94
N1,,2024/04/09 13:58:32,0.87
N1,,2024/04/09 13:58:33,0.91
N1,,2024/04/09 13:58:34,0.91
N1,,2024/04/09 13:58:35,0.92
N1,,2024/04/09 13:58:36,0.92
N1,,2024/04/09 13:58:37,0.94
N1,,2024/04/09 13:58:38,0.90
N1,,2024/04/09 13:58:39,0.89
N1,,2024/04/09 13:58:40,0.91
N1,,2024/04/09 13:58:41,0.92
N1,,2024/04/09 13:58:42,0.91
N1,,2024/04/09 13:58:43,0.91
N1,,2024/04/09 13:58:44,0.68
N1,,2024/04/09 13:58:45,0.91
N1,,2024/04/09 13:58:45,0.90
N1,,2024/04/09 13:58:46,0.89
N1,,2024/04/09 13:58:47,0.90
N1,,2024/04/09 13:58:48,0.90
N1,,2024/04/09 13:58:49,0.81
N1,,2024/04/09 13:58:50,0.66
N1,,2024/04/09 13:58:51,0.93
N1,,2024/04/09 13:58:52,0.91
N1,,2024/04/09 13:58:53,0.94
N1,,2024/04/09 13:58:54,0.90
N1,,2024/04/09 13:58:55,0.90
N1,,2024/04/09 13:58:56,0.90
N1,,2024/04/09 13:58:57,0.93
N1,,2024/04/09 13:58:58,0.93
N1,,2024/04/09 13:58:59,0.90
N1,,2024/04/09 13:59:00,0.94
N1,,2024/04/09 13:59:01,0.93
N1,,2024/04/09 13:59:02,0.91
N1,,2024/04/09 13:59:03,0.92
N1,,2024/04/09 13:59:04,0.93
N1,,2024/04/09 13:59:05,0.86
N1,,2024/04/09 13:59:06,0.94
N1,,2024/04/09 13:59:07,0.92
N1,,2024/04/09 13:59:08,0.90
N1,,2024/04/09 13:59:09,0.92
N1,,2024/04/09 13:59:10,0.94
N1,,2024/04/09 13:59:11,0.92
N1,,2024/04/09 13:59:12,0.93
N1,,2024/04/09 13:59:13,0.93
N1,,2024/04/09 13:59:14,0.79
N1,,2024/04/09 13:59:15,0.93
N1,,2024/04/09 13:59:16,0.92
N1,,2024/04/09 13:59:17,0.91
N1,,2024/04/09 13:59:17,0.91
N1,,2024/04/09 13:59:18,0.90
N1,,2024/04/09 13:59:19,0.95
N1,,2024/04/09 13:59:20,0.93
N1,,2024/04/09 14:01:56,0.60
N1,,2024/04/09 14:01:57,0.86
N1,,2024/04/09 14:01:58,0.59
N1,,2024/04/09 14:01:59,0.90
N1,,2024/04/09 14:02:00,0.91
N1,,2024/04/09 14:02:01,0.94
N1,,2024/04/09 14:02:02,0.92
N1,,2024/04/09 14:02:03,0.83
N1,,2024/04/09 14:03:07,0.89
N1,,2024/04/09 14:03:08,0.90
N1,,2024/04/09 14:03:09,0.42
N1,,2024/04/09 14:03:10,0.91
N1,,2024/04/09 14:03:11,0.84
N1,,2024/04/09 14:03:11,0.86
N1,,2024/04/09 14:03:12,0.84
N1,,2024/04/09 14:03:13,0.89
N1,,2024/04/09 14:03:14,0.91
N1,,2024/04/09 14:03:15,0.84
N1,,2024/04/09 14:03:16,0.89
N1,,2024/04/09 14:03:17,0.91
N1,,2024/04/09 14:03:18,0.87
N1,,2024/04/09 14:03:19,0.46
N1,,2024/04/09 14:03:24,0.90
N1,,2024/04/09 14:03:25,0.75
N1,,2024/04/09 14:03:26,0.87
N1,,2024/04/09 14:03:27,0.38
N1,,2024/04/09 14:04:33,0.91
N1,,2024/04/09 14:04:34,0.90
N1,,2024/04/09 14:04:35,0.93
N1,,2024/04/09 14:04:36,0.91
N1,,2024/04/09 14:04:37,0.90
N1,,2024/04/09 14:04:38,0.93
N1,,2024/04/09 14:04:39,0.93
N1,,2024/04/09 14:04:40,0.93
N1,,2024/04/09 14:04:41,0.92
N1,,2024/04/09 14:04:42,0.88
N1,,2024/04/09 14:04:43,0.92
N1,,2024/04/09 14:04:44,0.93
N1,,2024/04/09 14:04:45,0.93
N1,,2024/04/09 14:04:46,0.94
N1,,2024/04/09 14:04:47,0.92
N1,,2024/04/09 14:04:47,0.94
N1,,2024/04/09 14:04:48,0.93
N1,,2024/04/09 14:04:49,0.90
N1,,2024/04/09 14:04:50,0.90
N1,,2024/04/09 14:04:51,0.92
N1,,2024/04/09 14:04:52,0.92
N1,,2024/04/09 14:04:53,0.91
N1,,2024/04/09 14:04:54,0.92
N1,,2024/04/09 14:04:55,0.90
N1,,2024/04/09 14:04:56,0.92
N1,,2024/04/09 14:04:57,0.93
N1,,2024/04/09 14:04:58,0.93
N1,,2024/04/09 14:04:59,0.92
N1,,2024/04/09 14:05:00,0.92
N1,,2024/04/09 14:05:00,0.90
N1,,2024/04/09 14:05:00,0.93
N1,,2024/04/09 14:05:01,0.92
N1,,2024/04/09 14:05:02,0.93
N1,,2024/04/09 14:05:03,0.93
N1,,2024/04/09 14:05:04,0.92
N1,,2024/04/09 14:05:05,0.94
N1,,2024/04/09 14:05:06,0.71
N1,,2024/04/09 14:05:07,0.86
N1,,2024/04/09 14:05:08,0.90
N1,,2024/04/09 14:05:09,0.90
N1,,2024/04/09 14:05:10,0.91
N1,,2024/04/09 14:05:11,0.93
N1,,2024/04/09 14:05:12,0.93
N1,,2024/04/09 14:05:13,0.92
N1,,2024/04/09 14:05:14,0.91
N1,,2024/04/09 14:05:15,0.92
N1,,2024/04/09 14:05:16,0.94
N1,,2024/04/09 14:05:17,0.92
N1,,2024/04/09 14:05:18,0.92
N1,,2024/04/09 14:05:19,0.92
N1,,2024/04/09 14:05:20,0.92
N1,,2024/04/09 14:05:21,0.94
N1,,2024/04/09 14:05:22,0.93
N1,,2024/04/09 14:05:23,0.92
N1,,2024/04/09 14:05:24,0.94
N1,,2024/04/09 14:05:25,0.89
N1,,2024/04/09 14:05:26,0.90
N1,,2024/04/09 14:05:27,0.92
N1,,2024/04/09 14:05:28,0.89
N1,,2024/04/09 14:07:46,0.46
N1,,2024/04/09 14:07:47,0.90
N1,,2024/04/09 14:07:48,0.86
N1,,2024/04/09 14:07:49,0.86
N1,,2024/04/09 14:07:50,0.91
N1,,2024/04/09 14:07:51,0.90
N1,,2024/04/09 14:07:52,0.66
N1,,2024/04/09 14:08:59,0.92
N1,,2024/04/09 14:09:00,0.90
N1,,2024/04/09 14:09:01,0.88
N1,,2024/04/09 14:09:02,0.91
N1,,2024/04/09 14:09:03,0.91
N1,,2024/04/09 14:09:04,0.49
N1,,2024/04/09 14:09:04,0.43
N1,,2024/04/09 14:09:05,0.86
N1,,2024/04/09 14:09:06,0.89
N1,,2024/04/09 14:09:07,0.91
N1,,2024/04/09 14:09:08,0.93
N1,,2024/04/09 14:09:09,0.92
N1,,2024/04/09 14:09:13,0.91
N1,,2024/04/09 14:09:14,0.91
N1,,2024/04/09 14:09:15,0.89
N1,,2024/04/09 14:09:16,0.68
N1,,2024/04/09 14:09:17,0.88
N1,,2024/04/09 14:09:18,0.91
N1,,2024/04/09 14:09:19,0.88
N1,,2024/04/09 14:09:24,0.89
N1,,2024/04/09 14:09:25,0.89
N1,,2024/04/09 14:10:32,0.69
N1,,2024/04/09 14:10:33,0.92
N1,,2024/04/09 14:10:34,0.90
N1,,2024/04/09 14:10:35,0.88
N1,,2024/04/09 14:10:36,0.92
N1,,2024/04/09 14:10:37,0.92
N1,,2024/04/09 14:10:38,0.91
N1,,2024/04/09 14:10:39,0.93
N1,,2024/04/09 14:10:40,0.93
N1,,2024/04/09 14:10:41,0.92
N1,,2024/04/09 14:10:42,0.92
N1,,2024/04/09 14:10:43,0.89
N1,,2024/04/09 14:10:44,0.93
N1,,2024/04/09 14:10:45,0.94
N1,,2024/04/09 14:10:46,0.94
N1,,2024/04/09 14:10:47,0.95
N1,,2024/04/09 14:10:48,0.94
N1,,2024/04/09 14:10:49,0.94
N1,,2024/04/09 14:10:50,0.93
N1,,2024/04/09 14:10:51,0.92
N1,,2024/04/09 14:10:52,0.93
N1,,2024/04/09 14:10:53,0.87
N1,,2024/04/09 14:10:54,0.90
N1,,2024/04/09 14:10:55,0.93
N1,,2024/04/09 14:10:56,0.93
N1,,2024/04/09 14:10:57,0.91
N1,,2024/04/09 14:10:58,0.89
N1,,2024/04/09 14:10:59,0.89
N1,,2024/04/09 14:11:00,0.92
N1,,2024/04/09 14:11:01,0.94
N1,,2024/04/09 14:11:02,0.93
N1,,2024/04/09 14:11:03,0.92
N1,,2024/04/09 14:11:04,0.90
N1,,2024/04/09 14:11:04,0.93
N1,,2024/04/09 14:11:05,0.94
N1,,2024/04/09 14:11:06,0.92
N1,,2024/04/09 14:11:07,0.93
N1,,2024/04/09 14:11:08,0.94
N1,,2024/04/09 14:11:09,0.92
N1,,2024/04/09 14:11:10,0.91
N1,,2024/04/09 14:11:11,0.92
N1,,2024/04/09 14:11:12,0.92
N1,,2024/04/09 14:11:13,0.91
N1,,2024/04/09 14:11:14,0.92
N1,,2024/04/09 14:11:15,0.93
N1,,2024/04/09 14:11:16,0.93
N1,,2024/04/09 14:11:17,0.91
N1,,2024/04/09 14:11:18,0.91
N1,,2024/04/09 14:11:19,0.84
N1,,2024/04/09 14:11:20,0.91
N1,,2024/04/09 14:11:21,0.94
N1,,2024/04/09 14:11:22,0.92
N1,,2024/04/09 14:11:23,0.85
N1,,2024/04/09 14:11:24,0.90
N1,,2024/04/09 14:11:25,0.77
N1,,2024/04/09 14:11:25,0.63
N1,,2024/04/09 14:11:26,0.93
N1,,2024/04/09 14:11:27,0.92
N1,,2024/04/09 14:11:28,0.93
N1,,2024/04/09 14:11:29,0.92
N1,,2024/04/09 14:11:30,0.94
N1,,2024/04/09 14:11:31,0.95
N1,,2024/04/09 14:11:32,0.94
N1,,2024/04/09 14:11:33,0.58
N1,,2024/04/09 14:13:58,0.89
N1,,2024/04/09 14:13:59,0.90
N1,,2024/04/09 14:14:00,0.87
N1,,2024/04/09 14:14:01,0.40
N1,,2024/04/09 14:14:02,0.87
N1,,2024/04/09 14:14:03,0.89
N1,,2024/04/09 14:14:04,0.89
N1,,2024/04/09 14:14:05,0.95
N1,,2024/04/09 14:14:06,0.88
N1,,2024/04/09 14:14:07,0.59
N1,,2024/04/09 14:14:36,0.61
N1,,2024/04/09 14:14:37,0.93
N1,,2024/04/09 14:14:38,0.92
N1,,2024/04/09 14:14:39,0.94
N1,,2024/04/09 14:14:40,0.93
N1,,2024/04/09 14:14:41,0.93
N1,,2024/04/09 14:14:42,0.79
N1,,2024/04/09 14:14:43,0.87
N1,,2024/04/09 14:15:01,0.92
N1,,2024/04/09 14:15:02,0.93
N1,,2024/04/09 14:15:03,0.94
N1,,2024/04/09 14:15:04,0.94
N1,,2024/04/09 14:15:05,0.63
N1,,2024/04/09 14:15:05,0.38
N1,,2024/04/09 14:15:06,0.81
N1,,2024/04/09 14:15:07,0.90
N1,,2024/04/09 14:15:08,0.92
N1,,2024/04/09 14:15:09,0.86
N1,,2024/04/09 14:15:10,0.70
N1,,2024/04/09 14:15:13,0.88
N1,,2024/04/09 14:15:14,0.83
N1,,2024/04/09 14:15:15,0.90
N1,,2024/04/09 14:15:16,0.91
N1,,2024/04/09 14:15:17,0.61
N1,,2024/04/09 14:15:18,0.84
N1,,2024/04/09 14:15:19,0.48
N1,,2024/04/09 14:15:20,0.91
N1,,2024/04/09 14:15:21,0.63
N1,,2024/04/09 14:15:25,0.87
N1,,2024/04/09 14:15:26,0.92
N1,,2024/04/09 14:16:28,0.91
N1,,2024/04/09 14:16:29,0.91
N1,,2024/04/09 14:16:30,0.91
N1,,2024/04/09 14:16:31,0.92
N1,,2024/04/09 14:16:32,0.92
N1,,2024/04/09 14:16:33,0.88
N1,,2024/04/09 14:16:34,0.91
N1,,2024/04/09 14:16:34,0.93
N1,,2024/04/09 14:16:35,0.94
N1,,2024/04/09 14:16:36,0.94
N1,,2024/04/09 14:16:37,0.90
N1,,2024/04/09 14:16:38,0.93
N1,,2024/04/09 14:16:39,0.94
N1,,2024/04/09 14:16:40,0.95
N1,,2024/04/09 14:16:41,0.94
N1,,2024/04/09 14:16:42,0.95
N1,,2024/04/09 14:16:43,0.94
N1,,2024/04/09 14:16:44,0.94
N1,,2024/04/09 14:16:45,0.93
N1,,2024/04/09 14:16:46,0.91
N1,,2024/04/09 14:16:47,0.90
N1,,2024/04/09 14:16:48,0.92
N1,,2024/04/09 14:16:49,0.91
N1,,2024/04/09 14:16:50,0.92
N1,,2024/04/09 14:16:51,0.93
N1,,2024/04/09 14:16:52,0.90
N1,,2024/04/09 14:16:53,0.90
N1,,2024/04/09 14:16:54,0.94
N1,,2024/04/09 14:16:55,0.94
N1,,2024/04/09 14:16:56,0.89
N1,,2024/04/09 14:16:57,0.93
N1,,2024/04/09 14:16:58,0.91
N1,,2024/04/09 14:16:59,0.91
N1,,2024/04/09 14:17:00,0.93
N1,,2024/04/09 14:17:01,0.84
N1,,2024/04/09 14:17:02,0.94
N1,,2024/04/09 14:17:03,0.93
N1,,2024/04/09 14:17:04,0.90
N1,,2024/04/09 14:17:05,0.93
N1,,2024/04/09 14:17:06,0.91
N1,,2024/04/09 14:17:06,0.90
N1,,2024/04/09 14:17:07,0.89
N1,,2024/04/09 14:17:08,0.91
N1,,2024/04/09 14:17:09,0.90
N1,,2024/04/09 14:17:10,0.83
N1,,2024/04/09 14:17:11,0.89
N1,,2024/04/09 14:17:12,0.90
N1,,2024/04/09 14:17:13,0.92
N1,,2024/04/09 14:17:14,0.92
N1,,2024/04/09 14:17:15,0.93
N1,,2024/04/09 14:17:16,0.90
N1,,2024/04/09 14:17:17,0.91
N1,,2024/04/09 14:17:18,0.93
N1,,2024/04/09 14:17:19,0.93
N1,,2024/04/09 14:17:20,0.93
N1,,2024/04/09 14:17:21,0.92
N1,,2024/04/09 14:17:22,0.95
N1,,2024/04/09 14:17:23,0.91
N1,,2024/04/09 14:17:24,0.93
N1,,2024/04/09 14:17:25,0.91
N1,,2024/04/09 14:17:26,0.95
N1,,2024/04/09 14:19:43,0.89
N1,,2024/04/09 14:19:43,0.93
N1,,2024/04/09 14:19:44,0.92
N1,,2024/04/09 14:19:45,0.91
N1,,2024/04/09 14:19:46,0.84
N1,,2024/04/09 14:19:47,0.91
N1,,2024/04/09 14:19:48,0.92
N1,,2024/04/09 14:19:49,0.84
N1,,2024/04/09 14:19:50,0.83
N1,,2024/04/09 14:20:38,0.82
N1,,2024/04/09 14:20:39,0.91
N1,,2024/04/09 14:20:40,0.90
N1,,2024/04/09 14:20:41,0.91
N1,,2024/04/09 14:20:42,0.93
N1,,2024/04/09 14:20:43,0.94
N1,,2024/04/09 14:20:44,0.86
N1,,2024/04/09 14:20:57,0.90
N1,,2024/04/09 14:20:58,0.91
N1,,2024/04/09 14:20:59,0.91
N1,,2024/04/09 14:21:00,0.90
N1,,2024/04/09 14:21:01,0.90
N1,,2024/04/09 14:21:02,0.92
N1,,2024/04/09 14:21:03,0.91
N1,,2024/04/09 14:21:03,0.91
N1,,2024/04/09 14:21:04,0.92
N1,,2024/04/09 14:21:05,0.91
N1,,2024/04/09 14:21:06,0.91
N1,,2024/04/09 14:21:07,0.90
N1,,2024/04/09 14:21:08,0.92
N1,,2024/04/09 14:21:09,0.91
N1,,2024/04/09 14:21:11,0.87
N1,,2024/04/09 14:21:12,0.81
N1,,2024/04/09 14:21:13,0.89
N1,,2024/04/09 14:21:14,0.87
N1,,2024/04/09 14:21:15,0.89
N1,,2024/04/09 14:21:16,0.85
N1,,2024/04/09 14:21:17,0.90
N1,,2024/04/09 14:21:18,0.54
N1,,2024/04/09 14:21:19,0.76
N1,,2024/04/09 14:21:20,0.84
N1,,2024/04/09 14:21:21,0.91
N1,,2024/04/09 14:21:22,0.86
N1,,2024/04/09 14:21:27,0.60
N1,,2024/04/09 14:21:28,0.80
N1,,2024/04/09 14:21:30,0.94
N1,,2024/04/09 14:22:35,0.89
N1,,2024/04/09 14:22:36,0.86
N1,,2024/04/09 14:22:37,0.91
N1,,2024/04/09 14:22:37,0.92
N1,,2024/04/09 14:22:38,0.93
N1,,2024/04/09 14:22:39,0.94
N1,,2024/04/09 14:22:40,0.89
N1,,2024/04/09 14:22:41,0.94
N1,,2024/04/09 14:22:42,0.93
N1,,2024/04/09 14:22:43,0.92
N1,,2024/04/09 14:22:44,0.91
N1,,2024/04/09 14:22:45,0.89
N1,,2024/04/09 14:22:46,0.92
N1,,2024/04/09 14:22:47,0.93
N1,,2024/04/09 14:22:48,0.93
N1,,2024/04/09 14:22:49,0.94
N1,,2024/04/09 14:22:50,0.94
N1,,2024/04/09 14:22:51,0.93
N1,,2024/04/09 14:22:52,0.92
N1,,2024/04/09 14:22:53,0.92
N1,,2024/04/09 14:22:54,0.91
N1,,2024/04/09 14:22:55,0.91
N1,,2024/04/09 14:22:56,0.89
N1,,2024/04/09 14:22:57,0.90
N1,,2024/04/09 14:22:58,0.91
N1,,2024/04/09 14:22:59,0.91
N1,,2024/04/09 14:23:00,0.91
N1,,2024/04/09 14:23:01,0.92
N1,,2024/04/09 14:23:02,0.92
N1,,2024/04/09 14:23:03,0.91
N1,,2024/04/09 14:23:04,0.91
N1,,2024/04/09 14:23:05,0.92
N1,,2024/04/09 14:23:06,0.92
N1,,2024/04/09 14:23:07,0.93
N1,,2024/04/09 14:23:08,0.93
N1,,2024/04/09 14:23:09,0.91
N1,,2024/04/09 14:23:09,0.88
N1,,2024/04/09 14:23:10,0.91
N1,,2024/04/09 14:23:11,0.79
N1,,2024/04/09 14:23:12,0.93
N1,,2024/04/09 14:23:13,0.95
N1,,2024/04/09 14:23:14,0.94
N1,,2024/04/09 14:23:15,0.94
N1,,2024/04/09 14:23:16,0.92
N1,,2024/04/09 14:23:17,0.92
N1,,2024/04/09 14:23:18,0.93
N1,,2024/04/09 14:23:19,0.91
N1,,2024/04/09 14:23:20,0.91
N1,,2024/04/09 14:23:21,0.91
N1,,2024/04/09 14:23:22,0.89
N1,,2024/04/09 14:23:23,0.94
N1,,2024/04/09 14:23:24,0.91
N1,,2024/04/09 14:23:25,0.95
N1,,2024/04/09 14:23:26,0.91
N1,,2024/04/09 14:23:27,0.94
N1,,2024/04/09 14:23:28,0.90
N1,,2024/04/09 14:23:29,0.92
N1,,2024/04/09 14:23:30,0.93
N1,,2024/04/09 14:23:31,0.93
N1,,2024/04/09 14:23:32,0.91
N1,,2024/04/09 14:25:49,0.45
N1,,2024/04/09 14:25:50,0.93
N1,,2024/04/09 14:25:51,0.88
N1,,2024/04/09 14:25:52,0.90
N1,,2024/04/09 14:25:53,0.92
N1,,2024/04/09 14:25:54,0.91
N1,,2024/04/09 14:25:56,0.40
N1,,2024/04/09 14:25:58,0.39
N1,,2024/04/09 14:25:59,0.63
N1,,2024/04/09 14:26:00,0.84
N1,,2024/04/09 14:26:01,0.66
N1,,2024/04/09 14:26:18,0.88
N1,,2024/04/09 14:26:19,0.91
N1,,2024/04/09 14:26:20,0.92
N1,,2024/04/09 14:27:06,0.91
N1,,2024/04/09 14:27:07,0.94
N1,,2024/04/09 14:27:08,0.92
N1,,2024/04/09 14:27:09,0.92
N1,,2024/04/09 14:27:10,0.90
N1,,2024/04/09 14:27:10,0.92
N1,,2024/04/09 14:27:11,0.92
N1,,2024/04/09 14:27:12,0.44
N1,,2024/04/09 14:27:13,0.90
N1,,2024/04/09 14:27:14,0.86
N1,,2024/04/09 14:27:15,0.90
N1,,2024/04/09 14:27:16,0.90
N1,,2024/04/09 14:27:17,0.63
N1,,2024/04/09 14:27:18,0.88
N1,,2024/04/09 14:27:19,0.90
N1,,2024/04/09 14:27:20,0.83
N1,,2024/04/09 14:27:21,0.87
N1,,2024/04/09 14:27:22,0.90
N1,,2024/04/09 14:27:23,0.90
N1,,2024/04/09 14:27:28,0.91
N1,,2024/04/09 14:27:29,0.84
N1,,2024/04/09 14:27:30,0.89
N1,,2024/04/09 14:28:43,0.92
N1,,2024/04/09 14:28:44,0.93
N1,,2024/04/09 14:28:45,0.91
N1,,2024/04/09 14:28:46,0.91
N1,,2024/04/09 14:28:47,0.90
N1,,2024/04/09 14:28:47,0.87
N1,,2024/04/09 14:28:48,0.91
N1,,2024/04/09 14:28:49,0.93
N1,,2024/04/09 14:28:50,0.93
N1,,2024/04/09 14:28:51,0.92
N1,,2024/04/09 14:28:52,0.92
N1,,2024/04/09 14:28:53,0.94
N1,,2024/04/09 14:28:54,0.91
N1,,2024/04/09 14:28:55,0.93
N1,,2024/04/09 14:28:56,0.93
N1,,2024/04/09 14:28:57,0.72
N1,,2024/04/09 14:28:57,0.42
N1,,2024/04/09 14:28:58,0.93
N1,,2024/04/09 14:28:59,0.91
N1,,2024/04/09 14:29:00,0.90
N1,,2024/04/09 14:29:01,0.90
N1,,2024/04/09 14:29:02,0.90
N1,,2024/04/09 14:29:03,0.92
N1,,2024/04/09 14:29:04,0.92
N1,,2024/04/09 14:29:05,0.90
N1,,2024/04/09 14:29:06,0.91
N1,,2024/04/09 14:29:07,0.93
N1,,2024/04/09 14:29:08,0.84
N1,,2024/04/09 14:29:09,0.90
N1,,2024/04/09 14:29:10,0.93
N1,,2024/04/09 14:29:11,0.92
N1,,2024/04/09 14:29:12,0.93
N1,,2024/04/09 14:29:13,0.92
N1,,2024/04/09 14:29:14,0.91
N1,,2024/04/09 14:29:15,0.90
N1,,2024/04/09 14:29:16,0.93
N1,,2024/04/09 14:29:17,0.93
N1,,2024/04/09 14:29:18,0.92
N1,,2024/04/09 14:29:19,0.92
N1,,2024/04/09 14:29:20,0.90
N1,,2024/04/09 14:29:20,0.89
N1,,2024/04/09 14:29:21,0.92
N1,,2024/04/09 14:29:22,0.92
N1,,2024/04/09 14:29:23,0.93
N1,,2024/04/09 14:29:24,0.93
N1,,2024/04/09 14:29:25,0.91
N1,,2024/04/09 14:29:26,0.92
N1,,2024/04/09 14:29:27,0.92
N1,,2024/04/09 14:29:28,0.93
N1,,2024/04/09 14:29:29,0.93
N1,,2024/04/09 14:29:30,0.92
N1,,2024/04/09 14:29:31,0.92
N1,,2024/04/09 14:29:32,0.93
N1,,2024/04/09 14:29:33,0.91
N1,,2024/04/09 14:29:34,0.92
N1,,2024/04/09 14:29:35,0.90
N1,,2024/04/09 14:29:36,0.94
N1,,2024/04/09 14:29:37,0.90
N1,,2024/04/09 14:29:38,0.93
N1,,2024/04/09 14:29:39,0.93
N1,,2024/04/09 14:29:40,0.94
N1,,2024/04/09 14:29:41,0.57
N1,,2024/04/09 14:32:04,0.93
N1,,2024/04/09 14:32:05,0.89
N1,,2024/04/09 14:32:06,0.91
N1,,2024/04/09 14:32:07,0.94
N1,,2024/04/09 14:32:08,0.60
N1,,2024/04/09 14:32:09,0.90
N1,,2024/04/09 14:32:10,0.91
N1,,2024/04/09 14:32:11,0.90
N1,,2024/04/09 14:32:12,0.93
N1,,2024/04/09 14:32:13,0.90
N1,,2024/04/09 14:32:14,0.92
N1,,2024/04/09 14:32:15,0.92
N1,,2024/04/09 14:32:16,0.92
N1,,2024/04/09 14:32:17,0.93
N1,,2024/04/09 14:32:18,0.93
N1,,2024/04/09 14:32:19,0.92
N1,,2024/04/09 14:32:20,0.94
N1,,2024/04/09 14:32:21,0.80
N1,,2024/04/09 14:32:22,0.78
N1,,2024/04/09 14:33:13,0.89
N1,,2024/04/09 14:33:14,0.88
N1,,2024/04/09 14:33:16,0.77
N1,,2024/04/09 14:33:17,0.89
N1,,2024/04/09 14:33:18,0.89
N1,,2024/04/09 14:33:19,0.92
N1,,2024/04/09 14:33:20,0.89
N1,,2024/04/09 14:33:21,0.90
N1,,2024/04/09 14:33:22,0.76
N1,,2024/04/09 14:33:23,0.89
N1,,2024/04/09 14:33:24,0.72
N1,,2024/04/09 14:33:25,0.77
N1,,2024/04/09 14:33:26,0.87
N1,,2024/04/09 14:33:27,0.88
N1,,2024/04/09 14:33:28,0.91
N1,,2024/04/09 14:33:29,0.77
N1,,2024/04/09 14:33:33,0.87
N1,,2024/04/09 14:33:34,0.91
N1,,2024/04/09 14:33:35,0.93
N1,,2024/04/09 14:34:43,0.92
N1,,2024/04/09 14:34:44,0.89
N1,,2024/04/09 14:34:45,0.91
N1,,2024/04/09 14:34:46,0.91
N1,,2024/04/09 14:34:47,0.90
N1,,2024/04/09 14:34:48,0.91
N1,,2024/04/09 14:34:49,0.92
N1,,2024/04/09 14:34:50,0.93
N1,,2024/04/09 14:34:51,0.94
N1,,2024/04/09 14:34:52,0.92
N1,,2024/04/09 14:34:53,0.93
N1,,2024/04/09 14:34:54,0.93
N1,,2024/04/09 14:34:55,0.93
N1,,2024/04/09 14:34:56,0.94
N1,,2024/04/09 14:34:57,0.94
N1,,2024/04/09 14:34:58,0.94
N1,,2024/04/09 14:34:59,0.92
N1,,2024/04/09 14:35:00,0.92
N1,,2024/04/09 14:35:00,0.92
N1,,2024/04/09 14:35:00,0.76
N1,,2024/04/09 14:35:01,0.91
N1,,2024/04/09 14:35:02,0.92
N1,,2024/04/09 14:35:03,0.90
N1,,2024/04/09 14:35:04,0.90
N1,,2024/04/09 14:35:05,0.90
N1,,2024/04/09 14:35:06,0.92
N1,,2024/04/09 14:35:07,0.92
N1,,2024/04/09 14:35:08,0.92
N1,,2024/04/09 14:35:09,0.91
N1,,2024/04/09 14:35:10,0.93
N1,,2024/04/09 14:35:11,0.85
N1,,2024/04/09 14:35:12,0.93
N1,,2024/04/09 14:35:13,0.93
N1,,2024/04/09 14:35:14,0.94
N1,,2024/04/09 14:35:15,0.89
N1,,2024/04/09 14:35:16,0.90
N1,,2024/04/09 14:35:17,0.91
N1,,2024/04/09 14:35:18,0.89
N1,,2024/04/09 14:35:19,0.91
N1,,2024/04/09 14:35:20,0.92
N1,,2024/04/09 14:35:21,0.93
N1,,2024/04/09 14:35:22,0.84
N1,,2024/04/09 14:35:23,0.93
N1,,2024/04/09 14:35:24,0.91
N1,,2024/04/09 14:35:25,0.93
N1,,2024/04/09 14:35:26,0.93
N1,,2024/04/09 14:35:27,0.93
N1,,2024/04/09 14:35:28,0.94
N1,,2024/04/09 14:35:29,0.92
N1,,2024/04/09 14:35:30,0.93
N1,,2024/04/09 14:35:31,0.92
N1,,2024/04/09 14:35:32,0.84
N1,,2024/04/09 14:35:32,0.93
N1,,2024/04/09 14:35:33,0.92
N1,,2024/04/09 14:35:34,0.91
N1,,2024/04/09 14:35:35,0.92
N1,,2024/04/09 14:35:36,0.92
N1,,2024/04/09 14:35:37,0.88
N1,,2024/04/09 14:38:49,0.76
N1,,2024/04/09 14:38:50,0.92
N1,,2024/04/09 14:38:51,0.81
N1,,2024/04/09 14:38:52,0.92
N1,,2024/04/09 14:38:53,0.66
N1,,2024/04/09 14:39:19,0.79
N1,,2024/04/09 14:39:20,0.90
N1,,2024/04/09 14:39:21,0.50
N1,,2024/04/09 14:39:22,0.90
N1,,2024/04/09 14:39:23,0.90
N1,,2024/04/09 14:39:24,0.88
N1,,2024/04/09 14:39:25,0.88
N1,,2024/04/09 14:39:26,0.88
N1,,2024/04/09 14:39:27,0.90
N1,,2024/04/09 14:39:28,0.85
N1,,2024/04/09 14:39:29,0.84
N1,,2024/04/09 14:39:30,0.84
N1,,2024/04/09 14:39:31,0.90
N1,,2024/04/09 14:39:32,0.84
N1,,2024/04/09 14:39:38,0.69
N1,,2024/04/09 14:39:39,0.84
N1,,2024/04/09 14:39:41,0.94
N1,,2024/04/09 14:49:08,0.72
N1,,2024/04/09 14:49:09,0.84
N1,,2024/04/09 14:49:24,0.72
N1,,2024/04/09 14:49:25,0.86
N1,,2024/04/09 14:51:27,0.87
N1,,2024/04/09 14:51:28,0.70
N1,,2024/04/09 14:51:32,0.87
N1,,2024/04/09 14:51:33,0.92
N1,,2024/04/09 14:51:34,0.53
N1,,2024/04/09 14:52:04,0.90
N1,,2024/04/09 14:52:05,0.88
N1,,2024/04/09 14:52:06,0.59
N1,,2024/04/09 14:52:07,0.51
N1,,2024/04/09 14:52:07,0.42
N1,,2024/04/09 14:52:08,0.90
N1,,2024/04/09 14:52:09,0.91
N1,,2024/04/09 14:52:10,0.89
N1,,2024/04/09 14:52:11,0.75
N1,,2024/04/09 14:52:12,0.80
N1,,2024/04/09 14:52:13,0.85
N1,,2024/04/09 14:52:14,0.69
N1,,2024/04/09 14:52:15,0.92
N1,,2024/04/09 14:52:16,0.92
N1,,2024/04/09 14:52:17,0.92
N1,,2024/04/09 14:52:18,0.92
N1,,2024/04/09 14:52:19,0.92
N1,,2024/04/09 14:52:20,0.93
N1,,2024/04/09 14:52:21,0.94
N1,,2024/04/09 14:52:22,0.92
N1,,2024/04/09 14:52:23,0.93
N1,,2024/04/09 14:52:24,0.94
N1,,2024/04/09 14:52:25,0.93
N1,,2024/04/09 14:52:26,0.94
N1,,2024/04/09 14:52:26,0.92
N1,,2024/04/09 14:52:27,0.91
N1,,2024/04/09 14:52:28,0.93
N1,,2024/04/09 14:52:29,0.93
N1,,2024/04/09 14:52:30,0.93
N1,,2024/04/09 14:52:31,0.93
N1,,2024/04/09 14:52:32,0.93
N1,,2024/04/09 14:52:33,0.92
N1,,2024/04/09 14:52:34,0.91
N1,,2024/04/09 14:52:35,0.91
N1,,2024/04/09 14:52:36,0.92
N1,,2024/04/09 14:52:37,0.91
N1,,2024/04/09 14:52:38,0.92
N1,,2024/04/09 14:52:39,0.93
N1,,2024/04/09 14:52:40,0.94
N1,,2024/04/09 14:52:41,0.89
N1,,2024/04/09 14:52:42,0.91
N1,,2024/04/09 14:52:43,0.89
N1,,2024/04/09 14:52:44,0.92
N1,,2024/04/09 14:52:45,0.91
N1,,2024/04/09 14:52:46,0.92
N1,,2024/04/09 14:52:47,0.83
N1,,2024/04/09 14:52:48,0.92
N1,,2024/04/09 14:52:49,0.93
N1,,2024/04/09 14:52:50,0.95
N1,,2024/04/09 14:52:51,0.92
N1,,2024/04/09 14:52:52,0.91
N1,,2024/04/09 14:52:53,0.91
N1,,2024/04/09 14:52:54,0.88
N1,,2024/04/09 14:52:55,0.90
N1,,2024/04/09 14:52:56,0.91
N1,,2024/04/09 14:52:56,0.91
N1,,2024/04/09 14:52:57,0.92
N1,,2024/04/09 14:52:58,0.91
N1,,2024/04/09 14:52:59,0.90
N1,,2024/04/09 14:53:00,0.89
N1,,2024/04/09 14:53:01,0.90
N1,,2024/04/09 14:53:02,0.91
N1,,2024/04/09 14:53:03,0.91
N1,,2024/04/09 14:53:04,0.89
N1,,2024/04/09 14:53:05,0.89
N1,,2024/04/09 14:53:06,0.91
N1,,2024/04/09 14:53:07,0.88
N1,,2024/04/09 14:53:08,0.92
N1,,2024/04/09 14:53:09,0.40
N1,,2024/04/09 14:53:10,0.90
N1,,2024/04/09 14:53:11,0.90
N1,,2024/04/09 14:53:12,0.91
N1,,2024/04/09 14:53:13,0.91
N1,,2024/04/09 14:53:14,0.89
N1,,2024/04/09 14:55:29,0.84
N1,,2024/04/09 14:55:30,0.88
N1,,2024/04/09 14:55:31,0.85
N1,,2024/04/09 14:55:32,0.77
N1,,2024/04/09 14:55:33,0.69
N1,,2024/04/09 14:55:34,0.77
N1,,2024/04/09 14:55:35,0.83
N1,,2024/04/09 14:55:36,0.90
N1,,2024/04/09 14:55:37,0.88
N1,,2024/04/09 14:55:38,0.62
N1,,2024/04/09 14:55:39,0.70
N1,,2024/04/09 14:55:40,0.52
N1,,2024/04/09 14:55:41,0.89
N1,,2024/04/09 14:55:42,0.90
N1,,2024/04/09 14:55:47,0.67
N1,,2024/04/09 14:55:48,0.88
N1,,2024/04/09 14:55:50,0.90
N1,,2024/04/09 14:57:51,0.48
N1,,2024/04/09 14:57:52,0.91
N1,,2024/04/09 14:57:53,0.87
N1,,2024/04/09 14:57:54,0.92
N1,,2024/04/09 14:57:55,0.93
N1,,2024/04/09 14:57:56,0.92
N1,,2024/04/09 14:57:57,0.81
N1,,2024/04/09 14:57:58,0.90
N1,,2024/04/09 14:57:59,0.92
N1,,2024/04/09 14:58:00,0.93
N1,,2024/04/09 14:58:01,0.92
N1,,2024/04/09 14:58:02,0.92
N1,,2024/04/09 14:58:03,0.90
N1,,2024/04/09 14:58:04,0.91
N1,,2024/04/09 14:58:05,0.95
N1,,2024/04/09 14:58:06,0.93
N1,,2024/04/09 14:58:07,0.94
N1,,2024/04/09 14:58:07,0.88
N1,,2024/04/09 14:58:08,0.84
N1,,2024/04/09 14:58:09,0.94
N1,,2024/04/09 14:58:10,0.93
N1,,2024/04/09 14:58:11,0.93
N1,,2024/04/09 14:58:12,0.90
N1,,2024/04/09 14:58:13,0.90
N1,,2024/04/09 14:58:14,0.92
N1,,2024/04/09 14:58:15,0.89
N1,,2024/04/09 14:58:16,0.92
N1,,2024/04/09 14:58:17,0.88
N1,,2024/04/09 14:58:18,0.86
N1,,2024/04/09 14:58:19,0.89
N1,,2024/04/09 14:58:20,0.92
N1,,2024/04/09 14:58:21,0.88
N1,,2024/04/09 14:58:22,0.88
N1,,2024/04/09 14:58:23,0.90
N1,,2024/04/09 14:58:24,0.93
N1,,2024/04/09 14:58:25,0.92
N1,,2024/04/09 14:58:26,0.93
N1,,2024/04/09 14:58:27,0.94
N1,,2024/04/09 14:58:28,0.90
N1,,2024/04/09 14:58:29,0.93
N1,,2024/04/09 14:58:30,0.91
N1,,2024/04/09 14:58:31,0.91
N1,,2024/04/09 14:58:32,0.92
N1,,2024/04/09 14:58:33,0.91
N1,,2024/04/09 14:58:34,0.92
N1,,2024/04/09 14:58:35,0.92
N1,,2024/04/09 14:58:36,0.90
N1,,2024/04/09 14:58:37,0.93
N1,,2024/04/09 14:58:38,0.93
N1,,2024/04/09 14:58:38,0.93
N1,,2024/04/09 14:58:39,0.90
N1,,2024/04/09 14:58:40,0.93
N1,,2024/04/09 14:58:41,0.91
N1,,2024/04/09 14:58:42,0.94
N1,,2024/04/09 14:58:43,0.95
N1,,2024/04/09 14:58:44,0.94
N1,,2024/04/09 14:58:45,0.92
N1,,2024/04/09 14:58:46,0.94
N1,,2024/04/09 14:58:47,0.86
N1,,2024/04/09 14:58:48,0.93
N1,,2024/04/09 14:58:49,0.92
N1,,2024/04/09 14:58:50,0.92
N1,,2024/04/09 14:58:51,0.94
N1,,2024/04/09 14:58:52,0.95
N1,,2024/04/09 14:58:53,0.95
N1,,2024/04/09 14:58:54,0.63
N1,,2024/04/09 15:00:02,0.38
N1,,2024/04/09 15:01:16,0.88
N1,,2024/04/09 15:01:17,0.86
N1,,2024/04/09 15:01:18,0.94
N1,,2024/04/09 15:01:19,0.87
N1,,2024/04/09 15:01:20,0.92
N1,,2024/04/09 15:01:21,0.92
N1,,2024/04/09 15:01:22,0.92
N1,,2024/04/09 15:01:23,0.93
N1,,2024/04/09 15:01:24,0.90
N1,,2024/04/09 15:01:25,0.91
N1,,2024/04/09 15:01:26,0.93
N1,,2024/04/09 15:01:27,0.92
N1,,2024/04/09 15:01:28,0.90
N1,,2024/04/09 15:01:29,0.93
N1,,2024/04/09 15:01:30,0.91
N1,,2024/04/09 15:01:31,0.93
N1,,2024/04/09 15:01:33,0.90
N1,,2024/04/09 15:01:34,0.89
N1,,2024/04/09 15:01:35,0.90
N1,,2024/04/09 15:01:36,0.88
N1,,2024/04/09 15:01:37,0.89
N1,,2024/04/09 15:01:38,0.91
N1,,2024/04/09 15:01:39,0.70
N1,,2024/04/09 15:01:40,0.67
N1,,2024/04/09 15:01:40,0.88
N1,,2024/04/09 15:01:41,0.91
N1,,2024/04/09 15:01:42,0.70
N1,,2024/04/09 15:01:43,0.60
N1,,2024/04/09 15:01:47,0.86
N1,,2024/04/09 15:01:48,0.90
N1,,2024/04/09 15:01:50,0.73
N1,,2024/04/09 15:02:55,0.87
N1,,2024/04/09 15:02:56,0.90
N1,,2024/04/09 15:02:57,0.86
N1,,2024/04/09 15:02:58,0.89
N1,,2024/04/09 15:02:59,0.84
N1,,2024/04/09 15:03:00,0.92
N1,,2024/04/09 15:03:01,0.81
N1,,2024/04/09 15:03:02,0.87
N1,,2024/04/09 15:03:03,0.64
N1,,2024/04/09 15:03:04,0.93
N1,,2024/04/09 15:03:25,0.85
N1,,2024/04/09 15:03:26,0.93
N1,,2024/04/09 15:03:27,0.92
N1,,2024/04/09 15:03:28,0.92
N1,,2024/04/09 15:03:29,0.90
N1,,2024/04/09 15:03:30,0.90
N1,,2024/04/09 15:03:31,0.90
N1,,2024/04/09 15:03:32,0.87
N1,,2024/04/09 15:03:33,0.92
N1,,2024/04/09 15:03:34,0.87
N1,,2024/04/09 15:03:35,0.94
N1,,2024/04/09 15:03:36,0.93
N1,,2024/04/09 15:03:37,0.92
N1,,2024/04/09 15:03:38,0.91
N1,,2024/04/09 15:03:39,0.92
N1,,2024/04/09 15:03:40,0.94
N1,,2024/04/09 15:03:41,0.94
N1,,2024/04/09 15:03:42,0.94
N1,,2024/04/09 15:03:43,0.94
N1,,2024/04/09 15:03:44,0.93
N1,,2024/04/09 15:03:45,0.92
N1,,2024/04/09 15:03:46,0.93
N1,,2024/04/09 15:03:47,0.91
N1,,2024/04/09 15:03:48,0.93
N1,,2024/04/09 15:03:49,0.92
N1,,2024/04/09 15:03:50,0.91
N1,,2024/04/09 15:03:51,0.90
N1,,2024/04/09 15:03:52,0.90
N1,,2024/04/09 15:03:53,0.92
N1,,2024/04/09 15:03:54,0.93
N1,,2024/04/09 15:03:54,0.92
N1,,2024/04/09 15:03:55,0.91
N1,,2024/04/09 15:03:56,0.92
N1,,2024/04/09 15:03:57,0.93
N1,,2024/04/09 15:03:58,0.87
N1,,2024/04/09 15:03:59,0.93
N1,,2024/04/09 15:04:00,0.73
N1,,2024/04/09 15:04:01,0.89
N1,,2024/04/09 15:04:02,0.86
N1,,2024/04/09 15:04:03,0.92
N1,,2024/04/09 15:04:04,0.92
N1,,2024/04/09 15:04:05,0.92
N1,,2024/04/09 15:04:06,0.88
N1,,2024/04/09 15:04:07,0.91
N1,,2024/04/09 15:04:08,0.86
N1,,2024/04/09 15:04:09,0.92
N1,,2024/04/09 15:04:10,0.93
N1,,2024/04/09 15:04:11,0.88
N1,,2024/04/09 15:04:12,0.93
N1,,2024/04/09 15:04:13,0.91
N1,,2024/04/09 15:04:14,0.91
N1,,2024/04/09 15:04:15,0.88
N1,,2024/04/09 15:04:15,0.39
N1,,2024/04/09 15:04:16,0.93
N1,,2024/04/09 15:04:17,0.93
N1,,2024/04/09 15:04:18,0.93
N1,,2024/04/09 15:04:19,0.91
N1,,2024/04/09 15:04:20,0.93
N1,,2024/04/09 15:04:21,0.92
N1,,2024/04/09 15:04:22,0.93
N1,,2024/04/09 15:04:23,0.92
N1,,2024/04/09 15:04:24,0.91
N1,,2024/04/09 15:04:25,0.91
N1,,2024/04/09 15:04:26,0.94
N1,,2024/04/09 15:04:27,0.93
N1,,2024/04/09 15:04:27,0.91
N1,,2024/04/09 15:06:49,0.65
N1,,2024/04/09 15:06:50,0.86
N1,,2024/04/09 15:06:51,0.91
N1,,2024/04/09 15:06:52,0.82
N1,,2024/04/09 15:06:53,0.92
N1,,2024/04/09 15:06:54,0.92
N1,,2024/04/09 15:06:55,0.47
N1,,2024/04/09 15:07:18,0.94
N1,,2024/04/09 15:07:19,0.89
N1,,2024/04/09 15:07:20,0.93
N1,,2024/04/09 15:07:21,0.90
N1,,2024/04/09 15:07:22,0.91
N1,,2024/04/09 15:07:23,0.91
N1,,2024/04/09 15:07:24,0.93
N1,,2024/04/09 15:07:25,0.90
N1,,2024/04/09 15:07:26,0.92
N1,,2024/04/09 15:07:27,0.91
N1,,2024/04/09 15:07:28,0.92
N1,,2024/04/09 15:07:29,0.92
N1,,2024/04/09 15:07:30,0.87
N1,,2024/04/09 15:07:31,0.93
N1,,2024/04/09 15:07:32,0.59
N1,,2024/04/09 15:07:32,0.49
N1,,2024/04/09 15:07:34,0.89
N1,,2024/04/09 15:07:35,0.88
N1,,2024/04/09 15:07:36,0.88
N1,,2024/04/09 15:07:37,0.85
N1,,2024/04/09 15:07:38,0.88
N1,,2024/04/09 15:07:39,0.89
N1,,2024/04/09 15:07:40,0.76
N1,,2024/04/09 15:07:41,0.77
N1,,2024/04/09 15:07:42,0.84
N1,,2024/04/09 15:07:43,0.91
N1,,2024/04/09 15:07:44,0.67
N1,,2024/04/09 15:07:48,0.88
N1,,2024/04/09 15:07:49,0.88
N1,,2024/04/09 15:07:51,0.92
N1,,2024/04/09 15:09:02,0.81
N1,,2024/04/09 15:09:03,0.92
N1,,2024/04/09 15:09:04,0.89
N1,,2024/04/09 15:09:05,0.72
N1,,2024/04/09 15:09:06,0.89
N1,,2024/04/09 15:09:06,0.92
N1,,2024/04/09 15:09:07,0.92
N1,,2024/04/09 15:09:08,0.90
N1,,2024/04/09 15:09:09,0.89
N1,,2024/04/09 15:09:10,0.89
N1,,2024/04/09 15:09:11,0.89
N1,,2024/04/09 15:09:12,0.93
N1,,2024/04/09 15:09:13,0.94
N1,,2024/04/09 15:09:14,0.93
N1,,2024/04/09 15:09:15,0.94
N1,,2024/04/09 15:09:16,0.93
N1,,2024/04/09 15:09:17,0.92
N1,,2024/04/09 15:09:18,0.93
N1,,2024/04/09 15:09:19,0.94
N1,,2024/04/09 15:09:20,0.94
N1,,2024/04/09 15:09:21,0.93
N1,,2024/04/09 15:09:22,0.91
N1,,2024/04/09 15:09:23,0.93
N1,,2024/04/09 15:09:24,0.91
N1,,2024/04/09 15:09:25,0.92
N1,,2024/04/09 15:09:26,0.93
N1,,2024/04/09 15:09:27,0.92
N1,,2024/04/09 15:09:28,0.92
N1,,2024/04/09 15:09:29,0.91
N1,,2024/04/09 15:09:30,0.93
N1,,2024/04/09 15:09:31,0.92
N1,,2024/04/09 15:09:32,0.92
N1,,2024/04/09 15:09:33,0.92
N1,,2024/04/09 15:09:34,0.91
N1,,2024/04/09 15:09:35,0.78
N1,,2024/04/09 15:09:36,0.73
N1,,2024/04/09 15:09:37,0.90
N1,,2024/04/09 15:09:37,0.93
N1,,2024/04/09 15:09:38,0.94
N1,,2024/04/09 15:09:39,0.84
N1,,2024/04/09 15:09:40,0.93
N1,,2024/04/09 15:09:41,0.92
N1,,2024/04/09 15:09:42,0.92
N1,,2024/04/09 15:09:43,0.91
N1,,2024/04/09 15:09:44,0.88
N1,,2024/04/09 15:09:45,0.91
N1,,2024/04/09 15:09:46,0.92
N1,,2024/04/09 15:09:47,0.91
N1,,2024/04/09 15:09:48,0.90
N1,,2024/04/09 15:09:49,0.91
N1,,2024/04/09 15:09:50,0.90
N1,,2024/04/09 15:09:51,0.93
N1,,2024/04/09 15:09:52,0.94
N1,,2024/04/09 15:09:53,0.91
N1,,2024/04/09 15:09:54,0.93
N1,,2024/04/09 15:09:55,0.95
N1,,2024/04/09 15:09:56,0.93
N1,,2024/04/09 15:09:57,0.93
N1,,2024/04/09 15:09:58,0.93
N1,,2024/04/09 15:09:59,0.94
N1,,2024/04/09 15:10:00,0.94
N1,,2024/04/09 15:10:00,0.93
N1,,2024/04/09 15:10:01,0.93
N1,,2024/04/09 15:10:02,0.92
N1,,2024/04/09 15:10:03,0.95
N1,,2024/04/09 15:12:28,0.85
N1,,2024/04/09 15:12:29,0.82
N1,,2024/04/09 15:12:30,0.91
N1,,2024/04/09 15:12:31,0.93
N1,,2024/04/09 15:12:32,0.93
N1,,2024/04/09 15:12:33,0.92
N1,,2024/04/09 15:12:34,0.95
N1,,2024/04/09 15:12:35,0.92
N1,,2024/04/09 15:12:36,0.91
N1,,2024/04/09 15:12:37,0.95
N1,,2024/04/09 15:12:38,0.77
N1,,2024/04/09 15:13:17,0.68
N1,,2024/04/09 15:13:18,0.93
N1,,2024/04/09 15:13:19,0.88
N1,,2024/04/09 15:13:20,0.88
N1,,2024/04/09 15:13:21,0.94
N1,,2024/04/09 15:13:22,0.92
N1,,2024/04/09 15:13:23,0.83
N1,,2024/04/09 15:13:24,0.89
N1,,2024/04/09 15:13:25,0.91
N1,,2024/04/09 15:13:26,0.86
N1,,2024/04/09 15:13:27,0.92
N1,,2024/04/09 15:13:28,0.92
N1,,2024/04/09 15:13:29,0.94
N1,,2024/04/09 15:13:30,0.92
N1,,2024/04/09 15:13:31,0.92
N1,,2024/04/09 15:13:32,0.92
N1,,2024/04/09 15:13:33,0.89
N1,,2024/04/09 15:13:35,0.91
N1,,2024/04/09 15:13:36,0.90
N1,,2024/04/09 15:13:37,0.88
N1,,2024/04/09 15:13:38,0.88
N1,,2024/04/09 15:13:39,0.84
N1,,2024/04/09 15:13:40,0.90
N1,,2024/04/09 15:13:41,0.79
N1,,2024/04/09 15:13:42,0.81
N1,,2024/04/09 15:13:43,0.82
N1,,2024/04/09 15:13:44,0.90
N1,,2024/04/09 15:13:45,0.78
N1,,2024/04/09 15:13:48,0.79
N1,,2024/04/09 15:13:49,0.88
N1,,2024/04/09 15:13:51,0.93
N1,,2024/04/09 15:14:55,0.88
N1,,2024/04/09 15:14:56,0.91
N1,,2024/04/09 15:14:57,0.90
N1,,2024/04/09 15:14:58,0.92
N1,,2024/04/09 15:14:59,0.93
N1,,2024/04/09 15:15:00,0.93
N1,,2024/04/09 15:15:00,0.90
N1,,2024/04/09 15:15:01,0.93
N1,,2024/04/09 15:15:02,0.93
N1,,2024/04/09 15:15:03,0.94
N1,,2024/04/09 15:15:04,0.92
N1,,2024/04/09 15:15:05,0.93
N1,,2024/04/09 15:15:06,0.94
N1,,2024/04/09 15:15:07,0.94
N1,,2024/04/09 15:15:08,0.94
N1,,2024/04/09 15:15:09,0.94
N1,,2024/04/09 15:15:10,0.94
N1,,2024/04/09 15:15:11,0.94
N1,,2024/04/09 15:15:12,0.92
N1,,2024/04/09 15:15:13,0.92
N1,,2024/04/09 15:15:14,0.91
N1,,2024/04/09 15:15:15,0.90
N1,,2024/04/09 15:15:16,0.92
N1,,2024/04/09 15:15:17,0.91
N1,,2024/04/09 15:15:18,0.92
N1,,2024/04/09 15:15:19,0.90
N1,,2024/04/09 15:15:20,0.93
N1,,2024/04/09 15:15:21,0.92
N1,,2024/04/09 15:15:22,0.94
N1,,2024/04/09 15:15:23,0.93
N1,,2024/04/09 15:15:24,0.92
N1,,2024/04/09 15:15:25,0.92
N1,,2024/04/09 15:15:26,0.93
N1,,2024/04/09 15:15:27,0.94
N1,,2024/04/09 15:15:28,0.92
N1,,2024/04/09 15:15:29,0.93
N1,,2024/04/09 15:15:30,0.92
N1,,2024/04/09 15:15:31,0.92
N1,,2024/04/09 15:15:31,0.92
N1,,2024/04/09 15:15:32,0.90
N1,,2024/04/09 15:15:33,0.92
N1,,2024/04/09 15:15:34,0.92
N1,,2024/04/09 15:15:35,0.91
N1,,2024/04/09 15:15:36,0.93
N1,,2024/04/09 15:15:37,0.93
N1,,2024/04/09 15:15:38,0.92
N1,,2024/04/09 15:15:39,0.93
N1,,2024/04/09 15:15:40,0.93
N1,,2024/04/09 15:15:41,0.89
N1,,2024/04/09 15:15:42,0.93
N1,,2024/04/09 15:15:43,0.94
N1,,2024/04/09 15:15:44,0.94
N1,,2024/04/09 15:15:45,0.93
N1,,2024/04/09 15:15:46,0.93
N1,,2024/04/09 15:15:47,0.94
N1,,2024/04/09 15:15:48,0.93
N1,,2024/04/09 15:15:49,0.94
N1,,2024/04/09 15:15:50,0.94
N1,,2024/04/09 15:15:51,0.93
N1,,2024/04/09 15:18:21,0.87
N1,,2024/04/09 15:18:22,0.88
N1,,2024/04/09 15:18:23,0.91
N1,,2024/04/09 15:18:24,0.92
N1,,2024/04/09 15:18:25,0.93
N1,,2024/04/09 15:19:22,0.64
N1,,2024/04/09 15:19:23,0.92
N1,,2024/04/09 15:19:24,0.94
N1,,2024/04/09 15:19:25,0.94
N1,,2024/04/09 15:19:26,0.94
N1,,2024/04/09 15:19:27,0.89
N1,,2024/04/09 15:19:28,0.94
N1,,2024/04/09 15:19:29,0.92
N1,,2024/04/09 15:19:30,0.91
N1,,2024/04/09 15:19:31,0.89
N1,,2024/04/09 15:19:32,0.91
N1,,2024/04/09 15:19:33,0.93
N1,,2024/04/09 15:19:34,0.79
N1,,2024/04/09 15:19:35,0.86
N1,,2024/04/09 15:19:36,0.54
N1,,2024/04/09 15:19:38,0.69
N1,,2024/04/09 15:19:39,0.86
N1,,2024/04/09 15:19:40,0.89
N1,,2024/04/09 15:19:40,0.93
N1,,2024/04/09 15:19:41,0.82
N1,,2024/04/09 15:19:42,0.83
N1,,2024/04/09 15:19:43,0.85
N1,,2024/04/09 15:19:44,0.89
N1,,2024/04/09 15:19:45,0.89
N1,,2024/04/09 15:19:51,0.81
N1,,2024/04/09 15:19:52,0.84
N1,,2024/04/09 15:19:53,0.68
N1,,2024/04/09 15:19:54,0.94
N1,,2024/04/09 15:21:02,0.92
N1,,2024/04/09 15:21:03,0.88
N1,,2024/04/09 15:21:04,0.92
N1,,2024/04/09 15:21:05,0.91
N1,,2024/04/09 15:21:05,0.92
N1,,2024/04/09 15:21:06,0.80
N1,,2024/04/09 15:21:07,0.86
N1,,2024/04/09 15:21:08,0.92
N1,,2024/04/09 15:21:09,0.91
N1,,2024/04/09 15:21:10,0.93
N1,,2024/04/09 15:21:11,0.89
N1,,2024/04/09 15:21:12,0.92
N1,,2024/04/09 15:21:13,0.93
N1,,2024/04/09 15:21:14,0.94
N1,,2024/04/09 15:21:15,0.82
N1,,2024/04/09 15:21:16,0.93
N1,,2024/04/09 15:21:17,0.94
N1,,2024/04/09 15:21:18,0.94
N1,,2024/04/09 15:21:19,0.94
N1,,2024/04/09 15:21:20,0.92
N1,,2024/04/09 15:21:21,0.94
N1,,2024/04/09 15:21:22,0.93
N1,,2024/04/09 15:21:23,0.92
N1,,2024/04/09 15:21:24,0.91
N1,,2024/04/09 15:21:25,0.90
N1,,2024/04/09 15:21:26,0.90
N1,,2024/04/09 15:21:27,0.93
N1,,2024/04/09 15:21:28,0.92
N1,,2024/04/09 15:21:29,0.90
N1,,2024/04/09 15:21:30,0.90
N1,,2024/04/09 15:21:31,0.84
N1,,2024/04/09 15:21:32,0.88
N1,,2024/04/09 15:21:33,0.93
N1,,2024/04/09 15:21:34,0.92
N1,,2024/04/09 15:21:35,0.93
N1,,2024/04/09 15:21:36,0.92
N1,,2024/04/09 15:21:37,0.91
N1,,2024/04/09 15:21:38,0.93
N1,,2024/04/09 15:21:38,0.92
N1,,2024/04/09 15:21:39,0.93
N1,,2024/04/09 15:21:40,0.92
N1,,2024/04/09 15:21:41,0.52
N1,,2024/04/09 15:21:42,0.78
N1,,2024/04/09 15:21:43,0.92
N1,,2024/04/09 15:21:44,0.91
N1,,2024/04/09 15:21:45,0.91
N1,,2024/04/09 15:21:46,0.92
N1,,2024/04/09 15:21:47,0.91
N1,,2024/04/09 15:21:48,0.93
N1,,2024/04/09 15:21:49,0.92
N1,,2024/04/09 15:21:50,0.93
N1,,2024/04/09 15:21:51,0.94
N1,,2024/04/09 15:21:52,0.93
N1,,2024/04/09 15:21:53,0.93
N1,,2024/04/09 15:21:54,0.90
N1,,2024/04/09 15:21:55,0.93
N1,,2024/04/09 15:21:56,0.94
N1,,2024/04/09 15:21:57,0.93
N1,,2024/04/09 15:21:58,0.92
N1,,2024/04/09 15:21:59,0.92
N1,,2024/04/09 15:22:00,0.87
N1,,2024/04/09 15:22:01,0.91
N1,,2024/04/09 15:22:02,0.93
N1,,2024/04/09 15:22:03,0.94
N1,,2024/04/09 15:22:04,0.94
N1,,2024/04/09 15:22:05,0.92
N1,,2024/04/09 15:22:55,0.66
N1,,2024/04/09 15:24:19,0.75
N1,,2024/04/09 15:24:20,0.94
N1,,2024/04/09 15:24:21,0.91
N1,,2024/04/09 15:24:21,0.92
N1,,2024/04/09 15:24:22,0.95
N1,,2024/04/09 15:24:23,0.91
N1,,2024/04/09 15:24:24,0.94
N1,,2024/04/09 15:24:25,0.58
N1,,2024/04/09 15:24:25,0.41
N1,,2024/04/09 15:24:26,0.90
N1,,2024/04/09 15:24:27,0.84
N1,,2024/04/09 15:26:35,0.80
N1,,2024/04/09 15:26:36,0.86
N1,,2024/04/09 15:26:37,0.90
N1,,2024/04/09 15:26:38,0.92
N1,,2024/04/09 15:26:39,0.92
N1,,2024/04/09 15:26:40,0.92
N1,,2024/04/09 15:26:41,0.93
N1,,2024/04/09 15:26:42,0.93
N1,,2024/04/09 15:26:43,0.93
N1,,2024/04/09 15:26:44,0.93
N1,,2024/04/09 15:26:45,0.92
N1,,2024/04/09 15:26:46,0.91
N1,,2024/04/09 15:26:47,0.92
N1,,2024/04/09 15:26:48,0.94
N1,,2024/04/09 15:26:49,0.93
N1,,2024/04/09 15:26:50,0.90
N1,,2024/04/09 15:26:51,0.92
N1,,2024/04/09 15:26:52,0.94
N1,,2024/04/09 15:26:53,0.93
N1,,2024/04/09 15:26:54,0.91
N1,,2024/04/09 15:26:55,0.93
N1,,2024/04/09 15:26:56,0.92
N1,,2024/04/09 15:26:56,0.93
N1,,2024/04/09 15:26:57,0.93
N1,,2024/04/09 15:26:58,0.93
N1,,2024/04/09 15:26:59,0.93
N1,,2024/04/09 15:27:00,0.94
N1,,2024/04/09 15:27:01,0.91
N1,,2024/04/09 15:27:02,0.92
N1,,2024/04/09 15:27:03,0.92
N1,,2024/04/09 15:27:04,0.93
N1,,2024/04/09 15:27:05,0.91
N1,,2024/04/09 15:27:06,0.92
N1,,2024/04/09 15:27:07,0.93
N1,,2024/04/09 15:27:08,0.92
N1,,2024/04/09 15:27:09,0.92
N1,,2024/04/09 15:27:10,0.93
N1,,2024/04/09 15:27:11,0.92
N1,,2024/04/09 15:27:12,0.91
N1,,2024/04/09 15:27:13,0.90
N1,,2024/04/09 15:27:14,0.91
N1,,2024/04/09 15:27:15,0.92
N1,,2024/04/09 15:27:16,0.92
N1,,2024/04/09 15:27:17,0.92
N1,,2024/04/09 15:27:18,0.92
N1,,2024/04/09 15:27:19,0.92
N1,,2024/04/09 15:27:20,0.92
N1,,2024/04/09 15:27:21,0.91
N1,,2024/04/09 15:27:22,0.90
N1,,2024/04/09 15:27:23,0.93
N1,,2024/04/09 15:27:24,0.92
N1,,2024/04/09 15:27:25,0.91
N1,,2024/04/09 15:27:25,0.95
N1,,2024/04/09 15:27:26,0.81
N1,,2024/04/09 15:27:27,0.93
N1,,2024/04/09 15:27:28,0.93
N1,,2024/04/09 15:27:29,0.93
N1,,2024/04/09 15:27:30,0.92
N1,,2024/04/09 15:27:31,0.91
N1,,2024/04/09 15:27:32,0.92
N1,,2024/04/09 15:27:33,0.92
N1,,2024/04/09 15:27:34,0.92
N1,,2024/04/09 15:27:35,0.92
N1,,2024/04/09 15:27:36,0.92
N1,,2024/04/09 15:27:37,0.92
N1,,2024/04/09 15:27:38,0.92
N1,,2024/04/09 15:27:39,0.91
N1,,2024/04/09 15:27:40,0.92
N1,,2024/04/09 15:27:41,0.90
N1,,2024/04/09 15:27:42,0.89
N1,,2024/04/09 15:27:43,0.91
N1,,2024/04/09 15:27:44,0.92
N1,,2024/04/09 15:27:45,0.91
N1,,2024/04/09 15:27:46,0.61
N1,,2024/04/09 15:30:08,0.78
N1,,2024/04/09 15:30:09,0.53
N1,,2024/04/09 15:30:11,0.90
N1,,2024/04/09 15:30:12,0.85
N1,,2024/04/09 15:30:13,0.86
N1,,2024/04/09 15:30:14,0.86
N1,,2024/04/09 15:30:15,0.89
N1,,2024/04/09 15:30:16,0.92
N1,,2024/04/09 15:30:17,0.88
N1,,2024/04/09 15:30:19,0.72
N1,,2024/04/09 15:30:20,0.83
N1,,2024/04/09 15:30:21,0.91
N1,,2024/04/09 15:30:22,0.60
N1,,2024/04/09 15:30:26,0.49
N1,,2024/04/09 15:30:27,0.89
N1,,2024/04/09 15:30:28,0.85
N1,,2024/04/09 15:30:29,0.82
N1,,2024/04/09 15:32:19,0.64
N1,,2024/04/09 15:32:20,0.92
N1,,2024/04/09 15:32:21,0.90
N1,,2024/04/09 15:32:22,0.87
N1,,2024/04/09 15:32:23,0.90
N1,,2024/04/09 15:32:24,0.91
N1,,2024/04/09 15:32:25,0.88
N1,,2024/04/09 15:32:26,0.91
N1,,2024/04/09 15:32:27,0.93
N1,,2024/04/09 15:32:28,0.94
N1,,2024/04/09 15:32:29,0.94
N1,,2024/04/09 15:32:30,0.88
N1,,2024/04/09 15:32:31,0.90
N1,,2024/04/09 15:32:32,0.94
N1,,2024/04/09 15:32:33,0.94
N1,,2024/04/09 15:32:34,0.92
N1,,2024/04/09 15:32:35,0.95
N1,,2024/04/09 15:32:36,0.93
N1,,2024/04/09 15:32:37,0.92
N1,,2024/04/09 15:32:38,0.93
N1,,2024/04/09 15:32:38,0.89
N1,,2024/04/09 15:32:39,0.92
N1,,2024/04/09 15:32:40,0.90
N1,,2024/04/09 15:32:41,0.91
N1,,2024/04/09 15:32:42,0.92
N1,,2024/04/09 15:32:43,0.89
N1,,2024/04/09 15:32:44,0.90
N1,,2024/04/09 15:32:45,0.92
N1,,2024/04/09 15:32:46,0.90
N1,,2024/04/09 15:32:47,0.92
N1,,2024/04/09 15:32:48,0.89
N1,,2024/04/09 15:32:49,0.92
N1,,2024/04/09 15:32:50,0.91
N1,,2024/04/09 15:32:51,0.93
N1,,2024/04/09 15:32:52,0.91
N1,,2024/04/09 15:32:53,0.91
N1,,2024/04/09 15:32:54,0.91
N1,,2024/04/09 15:32:55,0.93
N1,,2024/04/09 15:32:56,0.89
N1,,2024/04/09 15:32:57,0.90
N1,,2024/04/09 15:32:58,0.90
N1,,2024/04/09 15:32:59,0.91
N1,,2024/04/09 15:33:00,0.93
N1,,2024/04/09 15:33:01,0.88
N1,,2024/04/09 15:33:02,0.91
N1,,2024/04/09 15:33:03,0.91
N1,,2024/04/09 15:33:04,0.92
N1,,2024/04/09 15:33:05,0.94
N1,,2024/04/09 15:33:06,0.91
N1,,2024/04/09 15:33:07,0.91
N1,,2024/04/09 15:33:08,0.90
N1,,2024/04/09 15:33:09,0.93
N1,,2024/04/09 15:33:10,0.90
N1,,2024/04/09 15:33:10,0.91
N1,,2024/04/09 15:33:11,0.94
N1,,2024/04/09 15:33:12,0.89
N1,,2024/04/09 15:33:13,0.93
N1,,2024/04/09 15:33:14,0.92
N1,,2024/04/09 15:33:15,0.94
N1,,2024/04/09 15:33:16,0.61
N1,,2024/04/09 15:35:33,0.44
N1,,2024/04/09 15:35:34,0.92
N1,,2024/04/09 15:35:35,0.85
N1,,2024/04/09 15:35:36,0.93
N1,,2024/04/09 15:35:37,0.81
N1,,2024/04/09 15:35:38,0.94
N1,,2024/04/09 15:35:39,0.90
N1,,2024/04/09 15:36:13,0.91
N1,,2024/04/09 15:36:15,0.91
N1,,2024/04/09 15:36:16,0.71
N1,,2024/04/09 15:36:17,0.88
N1,,2024/04/09 15:36:18,0.85
N1,,2024/04/09 15:36:19,0.55
N1,,2024/04/09 15:36:20,0.70
N1,,2024/04/09 15:36:21,0.90
N1,,2024/04/09 15:36:22,0.75
N1,,2024/04/09 15:36:23,0.80
N1,,2024/04/09 15:36:24,0.79
N1,,2024/04/09 15:36:25,0.89
N1,,2024/04/09 15:36:26,0.81
N1,,2024/04/09 15:36:30,0.56
N1,,2024/04/09 15:36:31,0.85
N1,,2024/04/09 15:36:32,0.59
N1,,2024/04/09 15:36:32,0.38
N1,,2024/04/09 15:36:33,0.72
N1,,2024/04/09 15:36:34,0.88
N1,,2024/04/09 15:37:55,0.45
N1,,2024/04/09 15:37:56,0.91
N1,,2024/04/09 15:37:57,0.90
N1,,2024/04/09 15:37:58,0.91
N1,,2024/04/09 15:37:59,0.94
N1,,2024/04/09 15:38:00,0.92
N1,,2024/04/09 15:38:01,0.91
N1,,2024/04/09 15:38:02,0.94
N1,,2024/04/09 15:38:03,0.93
N1,,2024/04/09 15:38:04,0.92
N1,,2024/04/09 15:38:05,0.90
N1,,2024/04/09 15:38:06,0.94
N1,,2024/04/09 15:38:07,0.93
N1,,2024/04/09 15:38:08,0.94
N1,,2024/04/09 15:38:09,0.93
N1,,2024/04/09 15:38:10,0.94
N1,,2024/04/09 15:38:11,0.94
N1,,2024/04/09 15:38:12,0.93
N1,,2024/04/09 15:38:13,0.92
N1,,2024/04/09 15:38:13,0.90
N1,,2024/04/09 15:38:14,0.92
N1,,2024/04/09 15:38:15,0.91
N1,,2024/04/09 15:38:16,0.94
N1,,2024/04/09 15:38:17,0.93
N1,,2024/04/09 15:38:18,0.91
N1,,2024/04/09 15:38:19,0.90
N1,,2024/04/09 15:38:20,0.91
N1,,2024/04/09 15:38:21,0.94
N1,,2024/04/09 15:38:22,0.91
N1,,2024/04/09 15:38:23,0.92
N1,,2024/04/09 15:38:24,0.92
N1,,2024/04/09 15:38:25,0.92
N1,,2024/04/09 15:38:26,0.68
N1,,2024/04/09 15:38:27,0.57
N1,,2024/04/09 15:38:28,0.94
N1,,2024/04/09 15:38:29,0.92
N1,,2024/04/09 15:38:30,0.93
N1,,2024/04/09 15:38:31,0.90
N1,,2024/04/09 15:38:32,0.83
N1,,2024/04/09 15:38:33,0.90
N1,,2024/04/09 15:38:34,0.92
N1,,2024/04/09 15:38:35,0.92
N1,,2024/04/09 15:38:36,0.87
N1,,2024/04/09 15:38:37,0.93
N1,,2024/04/09 15:38:38,0.92
N1,,2024/04/09 15:38:39,0.94
N1,,2024/04/09 15:38:40,0.94
N1,,2024/04/09 15:38:41,0.93
N1,,2024/04/09 15:38:42,0.93
N1,,2024/04/09 15:38:43,0.93
N1,,2024/04/09 15:38:44,0.92
N1,,2024/04/09 15:38:45,0.93
N1,,2024/04/09 15:38:45,0.92
N1,,2024/04/09 15:38:46,0.92
N1,,2024/04/09 15:38:47,0.92
N1,,2024/04/09 15:38:48,0.91
N1,,2024/04/09 15:38:49,0.94
N1,,2024/04/09 15:38:50,0.92
N1,,2024/04/09 15:38:51,0.88
N1,,2024/04/09 15:41:11,0.85
N1,,2024/04/09 15:41:12,0.84
N1,,2024/04/09 15:41:13,0.92
N1,,2024/04/09 15:41:14,0.93
N1,,2024/04/09 15:41:15,0.92
N1,,2024/04/09 15:41:16,0.95
N1,,2024/04/09 15:41:17,0.92
N1,,2024/04/09 15:41:18,0.49
N1,,2024/04/09 15:41:29,0.92
N1,,2024/04/09 15:41:30,0.93
N1,,2024/04/09 15:41:31,0.93
N1,,2024/04/09 15:41:32,0.93
N1,,2024/04/09 15:41:33,0.54
N1,,2024/04/09 15:41:58,0.82
N1,,2024/04/09 15:41:59,0.87
N1,,2024/04/09 15:42:00,0.92
N1,,2024/04/09 15:42:01,0.92
N1,,2024/04/09 15:42:02,0.88
N1,,2024/04/09 15:42:03,0.89
N1,,2024/04/09 15:42:04,0.91
N1,,2024/04/09 15:42:05,0.91
N1,,2024/04/09 15:42:06,0.91
N1,,2024/04/09 15:42:07,0.92
N1,,2024/04/09 15:42:08,0.92
N1,,2024/04/09 15:42:09,0.91
N1,,2024/04/09 15:42:10,0.90
N1,,2024/04/09 15:42:11,0.91
N1,,2024/04/09 15:42:11,0.87
N1,,2024/04/09 15:42:12,0.92
N1,,2024/04/09 15:42:13,0.92
N1,,2024/04/09 15:42:14,0.93
N1,,2024/04/09 15:42:15,0.77
N1,,2024/04/09 15:42:16,0.79
N1,,2024/04/09 15:42:17,0.71
N1,,2024/04/09 15:42:18,0.89
N1,,2024/04/09 15:42:19,0.87
N1,,2024/04/09 15:42:20,0.87
N1,,2024/04/09 15:42:21,0.92
N1,,2024/04/09 15:42:22,0.83
N1,,2024/04/09 15:42:23,0.81
N1,,2024/04/09 15:42:24,0.80
N1,,2024/04/09 15:42:25,0.87
N1,,2024/04/09 15:42:26,0.54
N1,,2024/04/09 15:42:26,0.43
N1,,2024/04/09 15:42:31,0.89
N1,,2024/04/09 15:42:32,0.88
N1,,2024/04/09 15:42:33,0.90
N1,,2024/04/09 15:42:34,0.72
N1,,2024/04/09 15:42:34,0.40
N1,,2024/04/09 15:43:39,0.69
N1,,2024/04/09 15:43:40,0.91
N1,,2024/04/09 15:43:41,0.91
N1,,2024/04/09 15:43:42,0.91
N1,,2024/04/09 15:43:43,0.92
N1,,2024/04/09 15:43:44,0.93
N1,,2024/04/09 15:43:45,0.89
N1,,2024/04/09 15:43:46,0.90
N1,,2024/04/09 15:43:47,0.93
N1,,2024/04/09 15:43:48,0.94
N1,,2024/04/09 15:43:49,0.92
N1,,2024/04/09 15:43:49,0.90
N1,,2024/04/09 15:43:50,0.91
N1,,2024/04/09 15:43:51,0.92
N1,,2024/04/09 15:43:52,0.93
N1,,2024/04/09 15:43:53,0.93
N1,,2024/04/09 15:43:54,0.93
N1,,2024/04/09 15:43:55,0.93
N1,,2024/04/09 15:43:56,0.90
N1,,2024/04/09 15:43:57,0.92
N1,,2024/04/09 15:43:58,0.91
N1,,2024/04/09 15:43:59,0.91
N1,,2024/04/09 15:44:00,0.92
N1,,2024/04/09 15:44:01,0.91
N1,,2024/04/09 15:44:02,0.93
N1,,2024/04/09 15:44:03,0.90
N1,,2024/04/09 15:44:04,0.91
N1,,2024/04/09 15:44:05,0.91
N1,,2024/04/09 15:44:06,0.93
N1,,2024/04/09 15:44:07,0.91
N1,,2024/04/09 15:44:08,0.92
N1,,2024/04/09 15:44:09,0.90
N1,,2024/04/09 15:44:10,0.93
N1,,2024/04/09 15:44:11,0.89
N1,,2024/04/09 15:44:12,0.91
N1,,2024/04/09 15:44:13,0.92
N1,,2024/04/09 15:44:14,0.95
N1,,2024/04/09 15:44:15,0.93
N1,,2024/04/09 15:44:16,0.93
N1,,2024/04/09 15:44:17,0.92
N1,,2024/04/09 15:44:18,0.93
N1,,2024/04/09 15:44:19,0.93
N1,,2024/04/09 15:44:20,0.91
N1,,2024/04/09 15:44:21,0.93
N1,,2024/04/09 15:44:22,0.95
N1,,2024/04/09 15:44:22,0.94
N1,,2024/04/09 15:44:23,0.94
N1,,2024/04/09 15:44:24,0.95
N1,,2024/04/09 15:44:25,0.94
N1,,2024/04/09 15:44:26,0.94
N1,,2024/04/09 15:44:27,0.94
N1,,2024/04/09 15:44:28,0.91
N1,,2024/04/09 15:44:29,0.92
N1,,2024/04/09 15:44:30,0.92
N1,,2024/04/09 15:44:31,0.92
N1,,2024/04/09 15:44:32,0.94
N1,,2024/04/09 15:44:33,0.92
N1,,2024/04/09 15:44:34,0.94
N1,,2024/04/09 15:44:35,0.93
N1,,2024/04/09 15:44:36,0.88
N1,,2024/04/09 15:44:37,0.71
N1,,2024/04/09 15:47:22,0.91
N1,,2024/04/09 15:47:23,0.88
N1,,2024/04/09 15:47:24,0.90
N1,,2024/04/09 15:47:25,0.95
N1,,2024/04/09 15:47:26,0.92
N1,,2024/04/09 15:47:27,0.80
N1,,2024/04/09 15:48:09,0.80
N1,,2024/04/09 15:48:10,0.90
N1,,2024/04/09 15:48:11,0.91
N1,,2024/04/09 15:48:12,0.90
N1,,2024/04/09 15:48:13,0.91
N1,,2024/04/09 15:48:14,0.93
N1,,2024/04/09 15:48:15,0.82
N1,,2024/04/09 15:48:17,0.90
N1,,2024/04/09 15:48:18,0.87
N1,,2024/04/09 15:48:19,0.84
N1,,2024/04/09 15:48:20,0.86
N1,,2024/04/09 15:48:21,0.80
N1,,2024/04/09 15:48:22,0.91
N1,,2024/04/09 15:48:23,0.82
N1,,2024/04/09 15:48:24,0.81
N1,,2024/04/09 15:48:25,0.83
N1,,2024/04/09 15:48:26,0.86
N1,,2024/04/09 15:48:27,0.90
N1,,2024/04/09 15:48:32,0.85
N1,,2024/04/09 15:48:33,0.89
N1,,2024/04/09 15:48:34,0.56
N1,,2024/04/09 15:48:35,0.93
N1,,2024/04/09 15:49:36,0.93
N1,,2024/04/09 15:49:37,0.94
N1,,2024/04/09 15:49:38,0.91
N1,,2024/04/09 15:49:39,0.87
N1,,2024/04/09 15:49:39,0.92
N1,,2024/04/09 15:49:40,0.92
N1,,2024/04/09 15:49:41,0.89
N1,,2024/04/09 15:49:42,0.94
N1,,2024/04/09 15:49:43,0.94
N1,,2024/04/09 15:49:44,0.93
N1,,2024/04/09 15:49:45,0.90
N1,,2024/04/09 15:49:46,0.92
N1,,2024/04/09 15:49:47,0.93
N1,,2024/04/09 15:49:48,0.94
N1,,2024/04/09 15:49:49,0.93
N1,,2024/04/09 15:49:50,0.91
N1,,2024/04/09 15:49:51,0.94
N1,,2024/04/09 15:49:52,0.93
N1,,2024/04/09 15:49:53,0.91
N1,,2024/04/09 15:49:54,0.91
N1,,2024/04/09 15:49:55,0.92
N1,,2024/04/09 15:49:56,0.91
N1,,2024/04/09 15:49:57,0.92
N1,,2024/04/09 15:49:58,0.91
N1,,2024/04/09 15:49:59,0.92
N1,,2024/04/09 15:50:00,0.91
N1,,2024/04/09 15:50:00,0.88
N1,,2024/04/09 15:50:00,0.93
N1,,2024/04/09 15:50:01,0.83
N1,,2024/04/09 15:50:02,0.94
N1,,2024/04/09 15:50:03,0.92
N1,,2024/04/09 15:50:04,0.90
N1,,2024/04/09 15:50:05,0.91
N1,,2024/04/09 15:50:06,0.92
N1,,2024/04/09 15:50:07,0.94
N1,,2024/04/09 15:50:08,0.94
N1,,2024/04/09 15:50:09,0.90
N1,,2024/04/09 15:50:10,0.91
N1,,2024/04/09 15:50:11,0.94
N1,,2024/04/09 15:50:12,0.92
N1,,2024/04/09 15:50:13,0.93
N1,,2024/04/09 15:50:14,0.90
N1,,2024/04/09 15:50:15,0.93
N1,,2024/04/09 15:50:16,0.90
N1,,2024/04/09 15:50:17,0.91
N1,,2024/04/09 15:50:18,0.91
N1,,2024/04/09 15:50:19,0.92
N1,,2024/04/09 15:50:20,0.94
N1,,2024/04/09 15:50:21,0.93
N1,,2024/04/09 15:50:22,0.92
N1,,2024/04/09 15:50:23,0.92
N1,,2024/04/09 15:50:24,0.93
N1,,2024/04/09 15:50:25,0.92
N1,,2024/04/09 15:50:26,0.93
N1,,2024/04/09 15:50:27,0.94
N1,,2024/04/09 15:50:28,0.91
N1,,2024/04/09 15:50:29,0.92
N1,,2024/04/09 15:50:30,0.93
N1,,2024/04/09 15:50:31,0.92
N1,,2024/04/09 15:50:32,0.75
N1,,2024/04/09 15:53:14,0.68
N1,,2024/04/09 15:53:15,0.91
N1,,2024/04/09 15:53:16,0.92
N1,,2024/04/09 15:53:16,0.95
N1,,2024/04/09 15:53:17,0.93
N1,,2024/04/09 15:54:06,0.80
N1,,2024/04/09 15:54:07,0.91
N1,,2024/04/09 15:54:08,0.90
N1,,2024/04/09 15:54:09,0.90
N1,,2024/04/09 15:54:10,0.91
N1,,2024/04/09 15:54:11,0.92
N1,,2024/04/09 15:54:12,0.92
N1,,2024/04/09 15:54:13,0.94
N1,,2024/04/09 15:54:14,0.89
N1,,2024/04/09 15:54:15,0.93
N1,,2024/04/09 15:54:17,0.76
N1,,2024/04/09 15:54:18,0.88
N1,,2024/04/09 15:54:19,0.88
N1,,2024/04/09 15:54:20,0.88
N1,,2024/04/09 15:54:21,0.89
N1,,2024/04/09 15:54:22,0.77
N1,,2024/04/09 15:54:22,0.88
N1,,2024/04/09 15:54:23,0.87
N1,,2024/04/09 15:54:24,0.77
N1,,2024/04/09 15:54:25,0.83
N1,,2024/04/09 15:54:26,0.85
N1,,2024/04/09 15:54:27,0.89
N1,,2024/04/09 15:54:28,0.86
N1,,2024/04/09 15:54:32,0.85
N1,,2024/04/09 15:54:33,0.88
N1,,2024/04/09 15:54:35,0.95
N1,,2024/04/09 15:55:46,0.91
N1,,2024/04/09 15:55:47,0.58
N1,,2024/04/09 15:55:48,0.89
N1,,2024/04/09 15:55:49,0.90
N1,,2024/04/09 15:55:50,0.92
N1,,2024/04/09 15:55:51,0.88
N1,,2024/04/09 15:55:52,0.89
N1,,2024/04/09 15:55:53,0.94
N1,,2024/04/09 15:55:54,0.94
N1,,2024/04/09 15:55:55,0.93
N1,,2024/04/09 15:55:56,0.92
N1,,2024/04/09 15:55:57,0.91
N1,,2024/04/09 15:55:58,0.94
N1,,2024/04/09 15:55:59,0.95
N1,,2024/04/09 15:56:00,0.92
N1,,2024/04/09 15:56:01,0.95
N1,,2024/04/09 15:56:02,0.93
N1,,2024/04/09 15:56:03,0.91
N1,,2024/04/09 15:56:04,0.93
N1,,2024/04/09 15:56:05,0.90
N1,,2024/04/09 15:56:05,0.93
N1,,2024/04/09 15:56:06,0.93
N1,,2024/04/09 15:56:07,0.91
N1,,2024/04/09 15:56:08,0.92
N1,,2024/04/09 15:56:09,0.90
N1,,2024/04/09 15:56:10,0.90
N1,,2024/04/09 15:56:11,0.92
N1,,2024/04/09 15:56:12,0.93
N1,,2024/04/09 15:56:13,0.92
N1,,2024/04/09 15:56:14,0.93
N1,,2024/04/09 15:56:15,0.92
N1,,2024/04/09 15:56:16,0.93
N1,,2024/04/09 15:56:17,0.93
N1,,2024/04/09 15:56:18,0.93
N1,,2024/04/09 15:56:19,0.93
N1,,2024/04/09 15:56:20,0.94
N1,,2024/04/09 15:56:21,0.92
N1,,2024/04/09 15:56:22,0.93
N1,,2024/04/09 15:56:23,0.91
N1,,2024/04/09 15:56:24,0.92
N1,,2024/04/09 15:56:25,0.91
N1,,2024/04/09 15:56:26,0.92
N1,,2024/04/09 15:56:27,0.91
N1,,2024/04/09 15:56:28,0.93
N1,,2024/04/09 15:56:29,0.92
N1,,2024/04/09 15:56:30,0.92
N1,,2024/04/09 15:56:31,0.92
N1,,2024/04/09 15:56:32,0.92
N1,,2024/04/09 15:56:33,0.92
N1,,2024/04/09 15:56:34,0.92
N1,,2024/04/09 15:56:35,0.93
N1,,2024/04/09 15:56:36,0.91
N1,,2024/04/09 15:56:37,0.93
N1,,2024/04/09 15:56:37,0.95
N1,,2024/04/09 15:56:38,0.92
N1,,2024/04/09 15:56:39,0.91
N1,,2024/04/09 15:56:40,0.93
N1,,2024/04/09 15:56:41,0.93
N1,,2024/04/09 15:56:42,0.93
N1,,2024/04/09 15:56:43,0.92
N1,,2024/04/09 15:56:44,0.91
N1,,2024/04/09 15:56:45,0.93
N1,,2024/04/09 15:56:46,0.95
N1,,2024/04/09 15:59:18,0.78
N1,,2024/04/09 15:59:19,0.78
N1,,2024/04/09 15:59:20,0.93
N1,,2024/04/09 15:59:20,0.93
N1,,2024/04/09 15:59:21,0.89
N1,,2024/04/09 15:59:22,0.85
N1,,2024/04/09 15:59:23,0.83
N1,,2024/04/09 16:00:19,0.90
N1,,2024/04/09 16:00:20,0.80
N1,,2024/04/09 16:00:22,0.91
N1,,2024/04/09 16:00:23,0.92
N1,,2024/04/09 16:00:24,0.89
N1,,2024/04/09 16:00:25,0.88
N1,,2024/04/09 16:00:26,0.87
N1,,2024/04/09 16:00:27,0.91
N1,,2024/04/09 16:00:28,0.90
N1,,2024/04/09 16:00:29,0.86
N1,,2024/04/09 16:00:30,0.90
N1,,2024/04/09 16:00:31,0.87
N1,,2024/04/09 16:00:32,0.83
N1,,2024/04/09 16:00:33,0.86
N1,,2024/04/09 16:00:37,0.79
N1,,2024/04/09 16:00:38,0.91
N1,,2024/04/09 16:01:28,0.88
N1,,2024/04/09 16:01:29,0.89
N1,,2024/04/09 16:01:30,0.89
N1,,2024/04/09 16:01:31,0.92
N1,,2024/04/09 16:01:32,0.92
N1,,2024/04/09 16:01:33,0.90
N1,,2024/04/09 16:01:34,0.91
N1,,2024/04/09 16:01:35,0.93
N1,,2024/04/09 16:01:36,0.94
N1,,2024/04/09 16:01:37,0.92
N1,,2024/04/09 16:01:38,0.89
N1,,2024/04/09 16:01:39,0.92
N1,,2024/04/09 16:01:40,0.94
N1,,2024/04/09 16:01:40,0.89
N1,,2024/04/09 16:01:41,0.94
N1,,2024/04/09 16:01:42,0.94
N1,,2024/04/09 16:01:43,0.93
N1,,2024/04/09 16:01:44,0.91
N1,,2024/04/09 16:01:45,0.94
N1,,2024/04/09 16:01:46,0.91
N1,,2024/04/09 16:01:47,0.91
N1,,2024/04/09 16:01:48,0.93
N1,,2024/04/09 16:01:49,0.92
N1,,2024/04/09 16:01:50,0.89
N1,,2024/04/09 16:01:50,0.76
N1,,2024/04/09 16:01:51,0.86
N1,,2024/04/09 16:01:52,0.93
N1,,2024/04/09 16:01:53,0.91
N1,,2024/04/09 16:01:54,0.92
N1,,2024/04/09 16:01:55,0.90
N1,,2024/04/09 16:01:56,0.88
N1,,2024/04/09 16:01:56,0.60
N1,,2024/04/09 16:01:57,0.91
N1,,2024/04/09 16:01:58,0.90
N1,,2024/04/09 16:01:59,0.92
N1,,2024/04/09 16:01:59,0.52
N1,,2024/04/09 16:02:00,0.93
N1,,2024/04/09 16:02:00,0.84
N1,,2024/04/09 16:02:01,0.94
N1,,2024/04/09 16:02:02,0.93
N1,,2024/04/09 16:02:02,0.79
N1,,2024/04/09 16:02:03,0.94
N1,,2024/04/09 16:02:04,0.92
N1,,2024/04/09 16:02:05,0.88
N1,,2024/04/09 16:02:06,0.90
N1,,2024/04/09 16:02:06,0.45
N1,,2024/04/09 16:02:07,0.92
N1,,2024/04/09 16:02:08,0.92
N1,,2024/04/09 16:02:09,0.92
N1,,2024/04/09 16:02:09,0.67
N1,,2024/04/09 16:02:10,0.90
N1,,2024/04/09 16:02:10,0.52
N1,,2024/04/09 16:02:11,0.92
N1,,2024/04/09 16:02:11,0.69
N1,,2024/04/09 16:02:12,0.92
N1,,2024/04/09 16:02:13,0.92
N1,,2024/04/09 16:02:13,0.92
N1,,2024/04/09 16:02:14,0.92
N1,,2024/04/09 16:02:14,0.65
N1,,2024/04/09 16:02:15,0.93
N1,,2024/04/09 16:02:16,0.95
N1,,2024/04/09 16:02:17,0.92
N1,,2024/04/09 16:02:18,0.86
N1,,2024/04/09 16:02:18,0.53
N1,,2024/04/09 16:02:19,0.88
N1,,2024/04/09 16:02:20,0.92
N1,,2024/04/09 16:02:21,0.93
N1,,2024/04/09 16:02:22,0.92
N1,,2024/04/09 16:02:23,0.93
N1,,2024/04/09 16:02:24,0.93
N1,,2024/04/09 16:02:25,0.93
N1,,2024/04/09 16:02:26,0.94
N1,,2024/04/09 16:02:27,0.94
N1,,2024/04/09 16:02:28,0.92
N1,,2024/04/09 16:02:29,0.88
N1,,2024/04/09 16:02:30,0.85
N1,,2024/04/09 16:02:31,0.94
N1,,2024/04/09 16:02:32,0.94
N1,,2024/04/09 16:02:33,0.94
N1,,2024/04/09 16:02:48,0.83
N1,,2024/04/09 16:04:46,0.48
N1,,2024/04/09 16:04:47,0.93
N1,,2024/04/09 16:04:48,0.93
N1,,2024/04/09 16:04:49,0.92
N1,,2024/04/09 16:04:49,0.45
N1,,2024/04/09 16:04:50,0.91
N1,,2024/04/09 16:04:51,0.65
N1,,2024/04/09 16:04:51,0.58
N1,,2024/04/09 16:04:52,0.89
N1,,2024/04/09 16:06:20,0.93
N1,,2024/04/09 16:06:21,0.93
N1,,2024/04/09 16:06:23,0.68
N1,,2024/04/09 16:06:24,0.88
N1,,2024/04/09 16:06:25,0.91
N1,,2024/04/09 16:06:26,0.89
N1,,2024/04/09 16:06:27,0.89
N1,,2024/04/09 16:06:28,0.87
N1,,2024/04/09 16:06:29,0.91
N1,,2024/04/09 16:06:30,0.84
N1,,2024/04/09 16:06:31,0.85
N1,,2024/04/09 16:06:32,0.83
N1,,2024/04/09 16:06:33,0.89
N1,,2024/04/09 16:06:33,0.85
N1,,2024/04/09 16:06:37,0.74
N1,,2024/04/09 16:06:38,0.90
N1,,2024/04/09 16:06:38,0.50
N1,,2024/04/09 16:06:39,0.92
N1,,2024/04/09 16:06:39,0.90
N1,,2024/04/09 16:06:40,0.91
N1,,2024/04/09 16:06:40,0.57
N1,,2024/04/09 16:06:41,0.90
N1,,2024/04/09 16:06:41,0.86
N1,,2024/04/09 16:06:42,0.88
N1,,2024/04/09 16:06:42,0.85
N1,,2024/04/09 16:06:43,0.92
N1,,2024/04/09 16:06:43,0.69
N1,,2024/04/09 16:06:44,0.89
N1,,2024/04/09 16:06:44,0.83
N1,,2024/04/09 16:06:45,0.86
N1,,2024/04/09 16:06:45,0.85
N1,,2024/04/09 16:06:46,0.93
N1,,2024/04/09 16:06:46,0.87
N1,,2024/04/09 16:06:47,0.90
N1,,2024/04/09 16:06:48,0.94
N1,,2024/04/09 16:07:09,0.60
N1,,2024/04/09 16:07:10,0.92
N1,,2024/04/09 16:07:11,0.94
N1,,2024/04/09 16:07:12,0.55
N1,,2024/04/09 16:07:56,0.52
N1,,2024/04/09 16:11:40,0.88
N1,,2024/04/09 16:11:54,0.86
N1,,2024/04/09 16:14:54,0.91
N1,,2024/04/09 16:14:55,0.90
N1,,2024/04/09 16:14:56,0.93
N1,,2024/04/09 16:14:57,0.92
N1,,2024/04/09 16:14:58,0.93
N1,,2024/04/09 16:14:59,0.92
N1,,2024/04/09 16:15:00,0.92
N1,,2024/04/09 16:15:00,0.94
N1,,2024/04/09 16:15:01,0.93
N1,,2024/04/09 16:15:02,0.91
N1,,2024/04/09 16:15:03,0.93
N1,,2024/04/09 16:15:04,0.93
N1,,2024/04/09 16:15:05,0.94
N1,,2024/04/09 16:15:06,0.93
N1,,2024/04/09 16:15:07,0.93
N1,,2024/04/09 16:15:08,0.92
N1,,2024/04/09 16:15:09,0.93
N1,,2024/04/09 16:15:10,0.93
N1,,2024/04/09 16:15:11,0.91
N1,,2024/04/09 16:15:12,0.92
N1,,2024/04/09 16:15:13,0.93
N1,,2024/04/09 16:15:14,0.92
N1,,2024/04/09 16:15:15,0.92
N1,,2024/04/09 16:15:16,0.93
N1,,2024/04/09 16:15:17,0.94
N1,,2024/04/09 16:15:18,0.91
N1,,2024/04/09 16:15:19,0.94
N1,,2024/04/09 16:15:20,0.94
N1,,2024/04/09 16:15:21,0.91
N1,,2024/04/09 16:15:22,0.92
N1,,2024/04/09 16:15:23,0.92
N1,,2024/04/09 16:15:24,0.91
N1,,2024/04/09 16:15:25,0.92
N1,,2024/04/09 16:15:26,0.89
N1,,2024/04/09 16:15:27,0.93
N1,,2024/04/09 16:15:28,0.94
N1,,2024/04/09 16:15:29,0.92
N1,,2024/04/09 16:15:29,0.93
N1,,2024/04/09 16:15:30,0.93
N1,,2024/04/09 16:15:31,0.91
N1,,2024/04/09 16:15:32,0.93
N1,,2024/04/09 16:15:33,0.93
N1,,2024/04/09 16:15:34,0.93
N1,,2024/04/09 16:15:35,0.92
N1,,2024/04/09 16:15:36,0.92
N1,,2024/04/09 16:15:37,0.88
N1,,2024/04/09 16:15:38,0.92
N1,,2024/04/09 16:15:39,0.94
N1,,2024/04/09 16:15:40,0.94
N1,,2024/04/09 16:15:41,0.94
N1,,2024/04/09 16:15:42,0.93
N1,,2024/04/09 16:15:43,0.93
N1,,2024/04/09 16:15:44,0.93
N1,,2024/04/09 16:15:45,0.93
N1,,2024/04/09 16:15:46,0.72
N1,,2024/04/09 16:18:09,0.54
N1,,2024/04/09 16:18:12,0.89
N1,,2024/04/09 16:18:13,0.90
N1,,2024/04/09 16:18:18,0.88
N1,,2024/04/09 16:18:23,0.89
N1,,2024/04/09 16:18:24,0.92
N1,,2024/04/09 16:20:34,0.56
N1,,2024/04/09 16:20:35,0.89
N1,,2024/04/09 16:20:36,0.93
N1,,2024/04/09 16:20:37,0.91
N1,,2024/04/09 16:20:38,0.92
N1,,2024/04/09 16:20:39,0.90
N1,,2024/04/09 16:20:40,0.93
N1,,2024/04/09 16:20:41,0.94
N1,,2024/04/09 16:20:42,0.92
N1,,2024/04/09 16:20:43,0.93
N1,,2024/04/09 16:20:44,0.92
N1,,2024/04/09 16:20:45,0.93
N1,,2024/04/09 16:20:46,0.91
N1,,2024/04/09 16:20:47,0.94
N1,,2024/04/09 16:20:48,0.93
N1,,2024/04/09 16:20:49,0.92
N1,,2024/04/09 16:20:50,0.89
N1,,2024/04/09 16:20:51,0.92
N1,,2024/04/09 16:20:52,0.91
N1,,2024/04/09 16:20:53,0.93
N1,,2024/04/09 16:20:54,0.92
N1,,2024/04/09 16:20:55,0.95
N1,,2024/04/09 16:20:56,0.93
N1,,2024/04/09 16:20:57,0.94
N1,,2024/04/09 16:20:58,0.93
N1,,2024/04/09 16:20:59,0.92
N1,,2024/04/09 16:21:00,0.94
N1,,2024/04/09 16:21:01,0.94
N1,,2024/04/09 16:21:02,0.94
N1,,2024/04/09 16:21:03,0.94
N1,,2024/04/09 16:21:03,0.93
N1,,2024/04/09 16:21:04,0.94
N1,,2024/04/09 16:21:05,0.93
N1,,2024/04/09 16:21:06,0.94
N1,,2024/04/09 16:21:07,0.92
N1,,2024/04/09 16:21:08,0.93
N1,,2024/04/09 16:21:09,0.93
N1,,2024/04/09 16:21:10,0.94
N1,,2024/04/09 16:21:11,0.92
N1,,2024/04/09 16:21:12,0.94
N1,,2024/04/09 16:21:13,0.93
N1,,2024/04/09 16:21:14,0.89
N1,,2024/04/09 16:21:15,0.91
N1,,2024/04/09 16:21:16,0.90
N1,,2024/04/09 16:21:17,0.93
N1,,2024/04/09 16:21:18,0.91
N1,,2024/04/09 16:21:19,0.92
N1,,2024/04/09 16:21:20,0.92
N1,,2024/04/09 16:21:21,0.93
N1,,2024/04/09 16:21:22,0.94
N1,,2024/04/09 16:21:23,0.94
N1,,2024/04/09 16:21:24,0.94
N1,,2024/04/09 16:21:25,0.94
N1,,2024/04/09 16:21:26,0.94
N1,,2024/04/09 16:21:27,0.94
N1,,2024/04/09 16:21:28,0.89
N1,,2024/04/09 16:23:35,0.90
N1,,2024/04/09 16:23:36,0.90
N1,,2024/04/09 16:23:37,0.90
N1,,2024/04/09 16:23:38,0.91
N1,,2024/04/09 16:23:39,0.93
N1,,2024/04/09 16:23:40,0.88
N1,,2024/04/09 16:23:41,0.80
N1,,2024/04/09 16:23:42,0.93
N1,,2024/04/09 16:23:43,0.93
N1,,2024/04/09 16:23:43,0.92
N1,,2024/04/09 16:23:44,0.92
N1,,2024/04/09 16:23:45,0.93
N1,,2024/04/09 16:23:46,0.91
N1,,2024/04/09 16:23:47,0.91
N1,,2024/04/09 16:23:48,0.93
N1,,2024/04/09 16:23:49,0.93
N1,,2024/04/09 16:23:50,0.93
N1,,2024/04/09 16:23:51,0.92
N1,,2024/04/09 16:23:52,0.94
N1,,2024/04/09 16:23:53,0.94
N1,,2024/04/09 16:23:54,0.92
N1,,2024/04/09 16:23:55,0.92
N1,,2024/04/09 16:23:56,0.93
N1,,2024/04/09 16:23:57,0.92
N1,,2024/04/09 16:23:58,0.93
N1,,2024/04/09 16:23:59,0.93
N1,,2024/04/09 16:24:00,0.92
N1,,2024/04/09 16:24:01,0.93
N1,,2024/04/09 16:24:02,0.92
N1,,2024/04/09 16:24:03,0.93
N1,,2024/04/09 16:24:04,0.92
N1,,2024/04/09 16:24:05,0.93
N1,,2024/04/09 16:24:06,0.90
N1,,2024/04/09 16:24:07,0.86
N1,,2024/04/09 16:24:10,0.90
N1,,2024/04/09 16:24:13,0.89
N1,,2024/04/09 16:24:14,0.90
N1,,2024/04/09 16:24:19,0.91
N1,,2024/04/09 16:24:20,0.94
N1,,2024/04/09 16:24:21,0.91
N1,,2024/04/09 16:26:21,0.68
N1,,2024/04/09 16:26:22,0.92
N1,,2024/04/09 16:26:23,0.92
N1,,2024/04/09 16:26:24,0.94
N1,,2024/04/09 16:26:25,0.91
N1,,2024/04/09 16:26:26,0.93
N1,,2024/04/09 16:26:27,0.92
N1,,2024/04/09 16:26:28,0.92
N1,,2024/04/09 16:26:29,0.93
N1,,2024/04/09 16:26:30,0.93
N1,,2024/04/09 16:26:31,0.92
N1,,2024/04/09 16:26:32,0.94
N1,,2024/04/09 16:26:33,0.94
N1,,2024/04/09 16:26:34,0.91
N1,,2024/04/09 16:26:35,0.90
N1,,2024/04/09 16:26:36,0.94
N1,,2024/04/09 16:26:37,0.93
N1,,2024/04/09 16:26:38,0.93
N1,,2024/04/09 16:26:39,0.93
N1,,2024/04/09 16:26:39,0.92
N1,,2024/04/09 16:26:40,0.94
N1,,2024/04/09 16:26:41,0.89
N1,,2024/04/09 16:26:42,0.94
N1,,2024/04/09 16:26:43,0.94
N1,,2024/04/09 16:26:44,0.94
N1,,2024/04/09 16:26:45,0.95
N1,,2024/04/09 16:26:46,0.95
N1,,2024/04/09 16:26:47,0.94
N1,,2024/04/09 16:26:48,0.92
N1,,2024/04/09 16:26:49,0.93
N1,,2024/04/09 16:26:50,0.92
N1,,2024/04/09 16:26:51,0.93
N1,,2024/04/09 16:26:52,0.80
N1,,2024/04/09 16:26:53,0.94
N1,,2024/04/09 16:26:54,0.92
N1,,2024/04/09 16:26:55,0.95
N1,,2024/04/09 16:26:56,0.93
N1,,2024/04/09 16:26:57,0.92
N1,,2024/04/09 16:26:58,0.93
N1,,2024/04/09 16:26:59,0.93
N1,,2024/04/09 16:27:00,0.94
N1,,2024/04/09 16:27:01,0.91
N1,,2024/04/09 16:27:02,0.92
N1,,2024/04/09 16:27:03,0.93
N1,,2024/04/09 16:27:04,0.92
N1,,2024/04/09 16:27:05,0.93
N1,,2024/04/09 16:27:06,0.92
N1,,2024/04/09 16:27:07,0.94
N1,,2024/04/09 16:27:08,0.94
N1,,2024/04/09 16:27:09,0.92
N1,,2024/04/09 16:27:10,0.94
N1,,2024/04/09 16:27:11,0.94
N1,,2024/04/09 16:27:12,0.92
N1,,2024/04/09 16:27:12,0.93
N1,,2024/04/09 16:27:13,0.80
N1,,2024/04/09 16:29:24,0.41
N1,,2024/04/09 16:29:24,0.89
N1,,2024/04/09 16:29:25,0.84
N1,,2024/04/09 16:29:26,0.71
N1,,2024/04/09 16:29:27,0.89
N1,,2024/04/09 16:29:28,0.90
N1,,2024/04/09 16:29:29,0.92
N1,,2024/04/09 16:29:30,0.93
N1,,2024/04/09 16:29:31,0.89
N1,,2024/04/09 16:29:32,0.73
N1,,2024/04/09 16:29:33,0.86
N1,,2024/04/09 16:29:34,0.87
N1,,2024/04/09 16:29:35,0.86
N1,,2024/04/09 16:29:36,0.88
N1,,2024/04/09 16:29:37,0.83
N1,,2024/04/09 16:29:38,0.86
N1,,2024/04/09 16:29:39,0.87
N1,,2024/04/09 16:29:40,0.88
N1,,2024/04/09 16:29:41,0.87
N1,,2024/04/09 16:29:42,0.87
N1,,2024/04/09 16:29:43,0.87
N1,,2024/04/09 16:29:44,0.84
N1,,2024/04/09 16:29:45,0.86
N1,,2024/04/09 16:29:46,0.85
N1,,2024/04/09 16:29:47,0.85
N1,,2024/04/09 16:29:48,0.84
N1,,2024/04/09 16:29:49,0.87
N1,,2024/04/09 16:29:50,0.87
N1,,2024/04/09 16:29:51,0.88
N1,,2024/04/09 16:29:52,0.86
N1,,2024/04/09 16:29:53,0.89
N1,,2024/04/09 16:29:54,0.88
N1,,2024/04/09 16:29:55,0.88
N1,,2024/04/09 16:29:56,0.89
N1,,2024/04/09 16:29:57,0.87
N1,,2024/04/09 16:29:57,0.85
N1,,2024/04/09 16:29:58,0.88
N1,,2024/04/09 16:29:59,0.87
N1,,2024/04/09 16:30:00,0.87
N1,,2024/04/09 16:30:00,0.85
N1,,2024/04/09 16:30:01,0.89
N1,,2024/04/09 16:30:02,0.87
N1,,2024/04/09 16:30:03,0.86
N1,,2024/04/09 16:30:04,0.88
N1,,2024/04/09 16:30:05,0.86
N1,,2024/04/09 16:30:06,0.85
N1,,2024/04/09 16:30:08,0.67
N1,,2024/04/09 16:30:09,0.89
N1,,2024/04/09 16:30:10,0.88
N1,,2024/04/09 16:30:14,0.73
N1,,2024/04/09 16:30:19,0.83
N1,,2024/04/09 16:30:20,0.92
N1,,2024/04/09 16:31:47,0.51
N1,,2024/04/09 16:31:48,0.77
N1,,2024/04/09 16:31:50,0.83
N1,,2024/04/09 16:31:52,0.86
N1,,2024/04/09 16:31:53,0.85
N1,,2024/04/09 16:33:50,0.38
N1,,2024/04/09 16:33:51,0.93
N1,,2024/04/09 16:33:52,0.92
N1,,2024/04/09 16:33:53,0.93
N1,,2024/04/09 16:33:54,0.75
N1,,2024/04/09 16:33:55,0.93
N1,,2024/04/09 16:33:56,0.92
N1,,2024/04/09 16:33:57,0.92
N1,,2024/04/09 16:33:58,0.93
N1,,2024/04/09 16:33:59,0.93
N1,,2024/04/09 16:34:00,0.93
N1,,2024/04/09 16:34:01,0.91
N1,,2024/04/09 16:34:01,0.93
N1,,2024/04/09 16:34:02,0.87
N1,,2024/04/09 16:34:03,0.91
N1,,2024/04/09 16:34:04,0.93
N1,,2024/04/09 16:34:05,0.83
N1,,2024/04/09 16:34:06,0.92
N1,,2024/04/09 16:34:07,0.93
N1,,2024/04/09 16:34:08,0.94
N1,,2024/04/09 16:34:09,0.94
N1,,2024/04/09 16:34:10,0.94
N1,,2024/04/09 16:34:11,0.93
N1,,2024/04/09 16:34:12,0.91
N1,,2024/04/09 16:34:13,0.92
N1,,2024/04/09 16:34:14,0.90
N1,,2024/04/09 16:34:15,0.47
N1,,2024/04/09 16:34:15,0.41
N1,,2024/04/09 16:34:16,0.93
N1,,2024/04/09 16:34:17,0.90
N1,,2024/04/09 16:34:18,0.92
N1,,2024/04/09 16:34:18,0.74
N1,,2024/04/09 16:34:19,0.92
N1,,2024/04/09 16:34:19,0.84
N1,,2024/04/09 16:34:20,0.88
N1,,2024/04/09 16:34:20,0.84
N1,,2024/04/09 16:34:21,0.86
N1,,2024/04/09 16:34:21,0.86
N1,,2024/04/09 16:34:22,0.92
N1,,2024/04/09 16:34:22,0.91
N1,,2024/04/09 16:34:23,0.90
N1,,2024/04/09 16:34:23,0.88
N1,,2024/04/09 16:34:24,0.90
N1,,2024/04/09 16:34:24,0.88
N1,,2024/04/09 16:34:25,0.89
N1,,2024/04/09 16:34:25,0.89
N1,,2024/04/09 16:34:26,0.90
N1,,2024/04/09 16:34:26,0.90
N1,,2024/04/09 16:34:27,0.93
N1,,2024/04/09 16:34:27,0.91
N1,,2024/04/09 16:34:28,0.92
N1,,2024/04/09 16:34:28,0.91
N1,,2024/04/09 16:34:29,0.93
N1,,2024/04/09 16:34:29,0.93
N1,,2024/04/09 16:34:30,0.91
N1,,2024/04/09 16:34:30,0.91
N1,,2024/04/09 16:34:31,0.94
N1,,2024/04/09 16:34:31,0.91
N1,,2024/04/09 16:34:32,0.92
N1,,2024/04/09 16:34:32,0.91
N1,,2024/04/09 16:34:33,0.90
N1,,2024/04/09 16:34:33,0.44
N1,,2024/04/09 16:34:34,0.92
N1,,2024/04/09 16:34:34,0.90
N1,,2024/04/09 16:34:35,0.92
N1,,2024/04/09 16:34:35,0.88
N1,,2024/04/09 16:34:35,0.94
N1,,2024/04/09 16:34:35,0.91
N1,,2024/04/09 16:34:36,0.92
N1,,2024/04/09 16:34:36,0.91
N1,,2024/04/09 16:34:37,0.91
N1,,2024/04/09 16:34:37,0.89
N1,,2024/04/09 16:34:37,0.58
N1,,2024/04/09 16:34:38,0.94
N1,,2024/04/09 16:34:38,0.89
N1,,2024/04/09 16:34:39,0.93
N1,,2024/04/09 16:34:39,0.90
N1,,2024/04/09 16:34:40,0.93
N1,,2024/04/09 16:34:40,0.88
N1,,2024/04/09 16:34:41,0.93
N1,,2024/04/09 16:34:41,0.89
N1,,2024/04/09 16:34:42,0.94
N1,,2024/04/09 16:34:42,0.86
N1,,2024/04/09 16:34:43,0.95
N1,,2024/04/09 16:34:43,0.91
N1,,2024/04/09 16:34:44,0.92
N1,,2024/04/09 16:34:44,0.92
N1,,2024/04/09 16:34:45,0.93
N1,,2024/04/09 16:34:45,0.92
N1,,2024/04/09 16:34:46,0.93
N1,,2024/04/09 16:34:46,0.92
N1,,2024/04/09 16:34:47,0.93
N1,,2024/04/09 16:34:47,0.76
N1,,2024/04/09 16:34:48,0.92
N1,,2024/04/09 16:34:48,0.54
N1,,2024/04/09 16:34:49,0.91
N1,,2024/04/09 16:34:49,0.84
N1,,2024/04/09 16:34:50,0.91
N1,,2024/04/09 16:34:50,0.82
N1,,2024/04/09 16:34:51,0.93
N1,,2024/04/09 16:34:51,0.91
N1,,2024/04/09 16:34:52,0.92
N1,,2024/04/09 16:34:52,0.92
N1,,2024/04/09 16:34:53,0.87
N1,,2024/04/09 16:34:54,0.84
N1,,2024/04/09 16:34:54,0.61
N1,,2024/04/09 16:34:55,0.94
N1,,2024/04/09 16:34:56,0.95
N1,,2024/04/09 16:34:56,0.74
N1,,2024/04/09 16:34:57,0.95
N1,,2024/04/09 16:34:57,0.55
N1,,2024/04/09 16:34:58,0.94
N1,,2024/04/09 16:34:58,0.61
N1,,2024/04/09 16:34:59,0.95
N1,,2024/04/09 16:34:59,0.72
N1,,2024/04/09 16:35:00,0.95
N1,,2024/04/09 16:35:00,0.54
N1,,2024/04/09 16:35:00,0.94
N1,,2024/04/09 16:35:00,0.39
N1,,2024/04/09 16:35:00,0.94
N1,,2024/04/09 16:35:00,0.55
N1,,2024/04/09 16:35:01,0.92
N1,,2024/04/09 16:35:01,0.60
N1,,2024/04/09 16:35:02,0.95
N1,,2024/04/09 16:35:02,0.49
N1,,2024/04/09 16:35:03,0.92
N1,,2024/04/09 16:35:03,0.55
N1,,2024/04/09 16:35:04,0.93
N1,,2024/04/09 16:35:05,0.87
N1,,2024/04/09 16:37:21,0.87
N1,,2024/04/09 16:37:22,0.84
N1,,2024/04/09 16:37:23,0.70
N1,,2024/04/09 16:37:24,0.89
N1,,2024/04/09 16:37:25,0.90
N1,,2024/04/09 16:37:25,0.84
N1,,2024/04/09 16:37:26,0.91
N1,,2024/04/09 16:37:26,0.89
N1,,2024/04/09 16:37:27,0.92
N1,,2024/04/09 16:37:27,0.86
N1,,2024/04/09 16:37:28,0.89
N1,,2024/04/09 16:37:28,0.81
N1,,2024/04/09 16:37:29,0.80
N1,,2024/04/09 16:37:31,0.91
N1,,2024/04/09 16:37:31,0.84
N1,,2024/04/09 16:37:32,0.89
N1,,2024/04/09 16:37:32,0.88
N1,,2024/04/09 16:37:33,0.94
N1,,2024/04/09 16:37:34,0.90
N1,,2024/04/09 16:37:35,0.93
N1,,2024/04/09 16:37:36,0.91
N1,,2024/04/09 16:37:36,0.66
N1,,2024/04/09 16:37:37,0.92
N1,,2024/04/09 16:37:37,0.90
N1,,2024/04/09 16:37:38,0.90
N1,,2024/04/09 16:37:38,0.90
N1,,2024/04/09 16:37:38,0.89
N1,,2024/04/09 16:37:39,0.92
N1,,2024/04/09 16:39:58,0.79
N1,,2024/04/09 16:39:59,0.94
N1,,2024/04/09 16:40:00,0.93
N1,,2024/04/09 16:40:00,0.94
N1,,2024/04/09 16:40:01,0.93
N1,,2024/04/09 16:40:01,0.40
N1,,2024/04/09 16:40:02,0.92
N1,,2024/04/09 16:40:02,0.47
N1,,2024/04/09 16:40:03,0.93
N1,,2024/04/09 16:40:03,0.41
N1,,2024/04/09 16:40:04,0.93
N1,,2024/04/09 16:40:04,0.59
N1,,2024/04/09 16:40:05,0.91
N1,,2024/04/09 16:40:05,0.58
N1,,2024/04/09 16:40:06,0.93
N1,,2024/04/09 16:40:06,0.55
N1,,2024/04/09 16:40:07,0.92
N1,,2024/04/09 16:40:08,0.74
N1,,2024/04/09 16:40:09,0.92
N1,,2024/04/09 16:40:09,0.72
N1,,2024/04/09 16:40:10,0.93
N1,,2024/04/09 16:40:10,0.41
N1,,2024/04/09 16:40:11,0.93
N1,,2024/04/09 16:40:12,0.92
N1,,2024/04/09 16:40:12,0.58
N1,,2024/04/09 16:40:13,0.92
N1,,2024/04/09 16:40:13,0.49
N1,,2024/04/09 16:40:14,0.94
N1,,2024/04/09 16:40:14,0.54
N1,,2024/04/09 16:40:15,0.93
N1,,2024/04/09 16:40:15,0.74
N1,,2024/04/09 16:40:16,0.91
N1,,2024/04/09 16:40:16,0.81
N1,,2024/04/09 16:40:17,0.90
N1,,2024/04/09 16:40:17,0.70
N1,,2024/04/09 16:40:18,0.93
N1,,2024/04/09 16:40:18,0.70
N1,,2024/04/09 16:40:19,0.93
N1,,2024/04/09 16:40:19,0.75
N1,,2024/04/09 16:40:20,0.94
N1,,2024/04/09 16:40:20,0.70
N1,,2024/04/09 16:40:21,0.93
N1,,2024/04/09 16:40:21,0.87
N1,,2024/04/09 16:40:22,0.94
N1,,2024/04/09 16:40:22,0.79
N1,,2024/04/09 16:40:23,0.91
N1,,2024/04/09 16:40:23,0.87
N1,,2024/04/09 16:40:24,0.93
N1,,2024/04/09 16:40:24,0.89
N1,,2024/04/09 16:40:25,0.94
N1,,2024/04/09 16:40:25,0.81
N1,,2024/04/09 16:40:26,0.92
N1,,2024/04/09 16:40:26,0.87
N1,,2024/04/09 16:40:27,0.94
N1,,2024/04/09 16:40:27,0.72
N1,,2024/04/09 16:40:28,0.93
N1,,2024/04/09 16:40:28,0.60
N1,,2024/04/09 16:40:29,0.92
N1,,2024/04/09 16:40:29,0.80
N1,,2024/04/09 16:40:30,0.92
N1,,2024/04/09 16:40:30,0.83
N1,,2024/04/09 16:40:31,0.92
N1,,2024/04/09 16:40:31,0.67
N1,,2024/04/09 16:40:32,0.91
N1,,2024/04/09 16:40:32,0.62
N1,,2024/04/09 16:40:33,0.92
N1,,2024/04/09 16:40:33,0.78
N1,,2024/04/09 16:40:34,0.88
N1,,2024/04/09 16:40:34,0.82
N1,,2024/04/09 16:40:35,0.83
N1,,2024/04/09 16:40:36,0.90
N1,,2024/04/09 16:40:36,0.59
N1,,2024/04/09 16:40:37,0.90
N1,,2024/04/09 16:40:38,0.93
N1,,2024/04/09 16:40:39,0.93
N1,,2024/04/09 16:40:39,0.94
N1,,2024/04/09 16:40:39,0.38
N1,,2024/04/09 16:40:40,0.89
N1,,2024/04/09 16:40:40,0.46
N1,,2024/04/09 16:40:41,0.90
N1,,2024/04/09 16:40:41,0.46
N1,,2024/04/09 16:40:42,0.91
N1,,2024/04/09 16:40:42,0.84
N1,,2024/04/09 16:40:43,0.90
N1,,2024/04/09 16:40:43,0.73
N1,,2024/04/09 16:40:44,0.90
N1,,2024/04/09 16:40:44,0.78
N1,,2024/04/09 16:40:45,0.91
N1,,2024/04/09 16:40:45,0.80
N1,,2024/04/09 16:40:46,0.92
N1,,2024/04/09 16:40:46,0.77
N1,,2024/04/09 16:40:47,0.89
N1,,2024/04/09 16:40:47,0.66
N1,,2024/04/09 16:40:48,0.88
N1,,2024/04/09 16:40:48,0.83
N1,,2024/04/09 16:40:49,0.91
N1,,2024/04/09 16:40:49,0.89
N1,,2024/04/09 16:40:50,0.94
N1,,2024/04/09 16:40:50,0.90
N1,,2024/04/09 16:40:51,0.94
N1,,2024/04/09 16:40:51,0.91
N1,,2024/04/09 16:40:52,0.95
N1,,2024/04/09 16:40:52,0.90
N1,,2024/04/09 16:40:53,0.93
N1,,2024/04/09 16:40:53,0.93
N1,,2024/04/09 16:40:54,0.94
N1,,2024/04/09 16:40:54,0.91
N1,,2024/04/09 16:40:55,0.93
N1,,2024/04/09 16:40:55,0.67
N1,,2024/04/09 16:40:56,0.92
N1,,2024/04/09 16:40:56,0.91
N1,,2024/04/09 16:40:57,0.93
N1,,2024/04/09 16:40:57,0.92
N1,,2024/04/09 16:40:58,0.94
N1,,2024/04/09 16:40:58,0.92
N1,,2024/04/09 16:40:59,0.93
N1,,2024/04/09 16:40:59,0.92
N1,,2024/04/09 16:41:00,0.93
N1,,2024/04/09 16:41:00,0.92
N1,,2024/04/09 16:41:01,0.93
N1,,2024/04/09 16:41:01,0.50
N1,,2024/04/09 16:41:02,0.89
N1,,2024/04/09 16:41:03,0.88
N1,,2024/04/09 16:41:13,0.80
N1,,2024/04/09 16:41:15,0.82
N1,,2024/04/09 16:41:16,0.81
N1,,2024/04/09 16:43:11,0.76
N1,,2024/04/09 16:43:12,0.87
N1,,2024/04/09 16:43:13,0.86
N1,,2024/04/09 16:43:14,0.90
N1,,2024/04/09 16:43:15,0.87
N1,,2024/04/09 16:43:15,0.90
N1,,2024/04/09 16:43:16,0.87
N1,,2024/04/09 16:43:17,0.92
N1,,2024/04/09 16:43:18,0.93
N1,,2024/04/09 16:43:19,0.85
N1,,2024/04/09 16:43:20,0.89
N1,,2024/04/09 16:43:22,0.66
N1,,2024/04/09 16:43:23,0.85
N1,,2024/04/09 16:43:24,0.89
N1,,2024/04/09 16:43:29,0.88
N1,,2024/04/09 16:43:34,0.89
N1,,2024/04/09 16:43:35,0.93
N1,,2024/04/09 16:43:36,0.47
N1,,2024/04/09 16:45:41,0.84
N1,,2024/04/09 16:45:42,0.93
N1,,2024/04/09 16:45:43,0.94
N1,,2024/04/09 16:45:44,0.94
N1,,2024/04/09 16:45:45,0.92
N1,,2024/04/09 16:45:46,0.92
N1,,2024/04/09 16:45:47,0.93
N1,,2024/04/09 16:45:48,0.92
N1,,2024/04/09 16:45:49,0.92
N1,,2024/04/09 16:45:50,0.93
N1,,2024/04/09 16:45:51,0.94
N1,,2024/04/09 16:45:52,0.91
N1,,2024/04/09 16:45:53,0.93
N1,,2024/04/09 16:45:54,0.94
N1,,2024/04/09 16:45:55,0.92
N1,,2024/04/09 16:45:56,0.92
N1,,2024/04/09 16:45:57,0.93
N1,,2024/04/09 16:45:58,0.92
N1,,2024/04/09 16:45:59,0.92
N1,,2024/04/09 16:46:00,0.92
N1,,2024/04/09 16:46:01,0.93
N1,,2024/04/09 16:46:02,0.90
N1,,2024/04/09 16:46:03,0.92
N1,,2024/04/09 16:46:04,0.88
N1,,2024/04/09 16:46:05,0.94
N1,,2024/04/09 16:46:06,0.92
N1,,2024/04/09 16:46:07,0.94
N1,,2024/04/09 16:46:08,0.92
N1,,2024/04/09 16:46:09,0.93
N1,,2024/04/09 16:46:10,0.94
N1,,2024/04/09 16:46:11,0.93
N1,,2024/04/09 16:46:12,0.93
N1,,2024/04/09 16:46:13,0.93
N1,,2024/04/09 16:46:14,0.92
N1,,2024/04/09 16:46:15,0.92
N1,,2024/04/09 16:46:16,0.92
N1,,2024/04/09 16:46:17,0.92
N1,,2024/04/09 16:46:18,0.91
N1,,2024/04/09 16:46:18,0.94
N1,,2024/04/09 16:46:19,0.93
N1,,2024/04/09 16:46:20,0.94
N1,,2024/04/09 16:46:21,0.93
N1,,2024/04/09 16:46:22,0.93
N1,,2024/04/09 16:46:23,0.94
N1,,2024/04/09 16:46:24,0.93
N1,,2024/04/09 16:46:25,0.74
N1,,2024/04/09 16:46:26,0.88
N1,,2024/04/09 16:46:27,0.92
N1,,2024/04/09 16:46:28,0.90
N1,,2024/04/09 16:46:29,0.91
N1,,2024/04/09 16:46:30,0.90
N1,,2024/04/09 16:46:31,0.94
N1,,2024/04/09 16:46:32,0.94
N1,,2024/04/09 16:46:33,0.92
N1,,2024/04/09 16:46:34,0.92
N1,,2024/04/09 16:46:35,0.93
N1,,2024/04/09 16:46:36,0.93
N1,,2024/04/09 16:46:37,0.94
N1,,2024/04/09 16:46:38,0.87
N1,,2024/04/09 16:48:54,0.56
N1,,2024/04/09 16:48:54,0.90
N1,,2024/04/09 16:48:55,0.92
N1,,2024/04/09 16:48:56,0.91
N1,,2024/04/09 16:48:57,0.89
N1,,2024/04/09 16:48:58,0.89
N1,,2024/04/09 16:48:59,0.92
N1,,2024/04/09 16:49:00,0.91
N1,,2024/04/09 16:49:01,0.91
N1,,2024/04/09 16:49:02,0.92
N1,,2024/04/09 16:49:03,0.91
N1,,2024/04/09 16:49:04,0.90
N1,,2024/04/09 16:49:05,0.89
N1,,2024/04/09 16:49:06,0.91
N1,,2024/04/09 16:49:07,0.89
N1,,2024/04/09 16:49:08,0.81
N1,,2024/04/09 16:49:09,0.91
N1,,2024/04/09 16:49:10,0.91
N1,,2024/04/09 16:49:11,0.89
N1,,2024/04/09 16:49:12,0.90
N1,,2024/04/09 16:49:13,0.89
N1,,2024/04/09 16:49:14,0.57
N1,,2024/04/09 16:49:15,0.91
N1,,2024/04/09 16:49:16,0.92
N1,,2024/04/09 16:49:17,0.89
N1,,2024/04/09 16:49:18,0.91
N1,,2024/04/09 16:49:19,0.92
N1,,2024/04/09 16:49:22,0.89
N1,,2024/04/09 16:49:23,0.89
N1,,2024/04/09 16:49:29,0.49
N1,,2024/04/09 16:49:30,0.89
N1,,2024/04/09 16:49:34,0.69
N1,,2024/04/09 16:49:35,0.92
N1,,2024/04/09 16:49:36,0.40
N1,,2024/04/09 16:50:44,0.95
N1,,2024/04/09 16:50:45,0.92
N1,,2024/04/09 16:50:46,0.93
N1,,2024/04/09 16:50:47,0.92
N1,,2024/04/09 16:50:48,0.92
N1,,2024/04/09 16:50:49,0.92
N1,,2024/04/09 16:50:50,0.93
N1,,2024/04/09 16:50:51,0.89
N1,,2024/04/09 16:50:52,0.91
N1,,2024/04/09 16:50:53,0.92
N1,,2024/04/09 16:50:54,0.92
N1,,2024/04/09 16:50:55,0.82
N1,,2024/04/09 16:50:56,0.89
N1,,2024/04/09 16:50:57,0.91
N1,,2024/04/09 16:50:58,0.91
N1,,2024/04/09 16:50:59,0.89
N1,,2024/04/09 16:51:01,0.90
N1,,2024/04/09 16:51:02,0.92
N1,,2024/04/09 16:51:03,0.90
N1,,2024/04/09 16:51:04,0.90
N1,,2024/04/09 16:51:05,0.68
N1,,2024/04/09 16:51:05,0.91
N1,,2024/04/09 16:51:06,0.90
N1,,2024/04/09 16:51:07,0.89
N1,,2024/04/09 16:51:08,0.62
N1,,2024/04/09 16:51:09,0.92
N1,,2024/04/09 16:51:10,0.94
N1,,2024/04/09 16:51:11,0.70
N1,,2024/04/09 16:51:12,0.40
N1,,2024/04/09 16:51:13,0.86
N1,,2024/04/09 16:51:14,0.90
N1,,2024/04/09 16:51:15,0.90
N1,,2024/04/09 16:51:16,0.56
N1,,2024/04/09 16:51:17,0.90
N1,,2024/04/09 16:51:18,0.85
N1,,2024/04/09 16:51:19,0.93
N1,,2024/04/09 16:51:20,0.91
N1,,2024/04/09 16:51:21,0.89
N1,,2024/04/09 16:51:22,0.92
N1,,2024/04/09 16:51:23,0.54
N1,,2024/04/09 16:51:24,0.86
N1,,2024/04/09 16:51:25,0.90
N1,,2024/04/09 16:51:26,0.90
N1,,2024/04/09 16:51:27,0.85
N1,,2024/04/09 16:51:28,0.88
N1,,2024/04/09 16:51:29,0.90
N1,,2024/04/09 16:51:30,0.92
N1,,2024/04/09 16:51:31,0.90
N1,,2024/04/09 16:51:32,0.83
N1,,2024/04/09 16:51:33,0.91
N1,,2024/04/09 16:51:34,0.93
N1,,2024/04/09 16:51:35,0.78
N1,,2024/04/09 16:51:36,0.92
N1,,2024/04/09 16:51:37,0.92
N1,,2024/04/09 16:51:38,0.92
N1,,2024/04/09 16:51:38,0.93
N1,,2024/04/09 16:51:39,0.92
N1,,2024/04/09 16:51:40,0.90
N1,,2024/04/09 16:51:41,0.93
N1,,2024/04/09 16:51:42,0.91
N1,,2024/04/09 16:51:43,0.92
N1,,2024/04/09 16:51:44,0.93
N1,,2024/04/09 16:51:45,0.93
N1,,2024/04/09 16:51:46,0.94
N1,,2024/04/09 16:51:47,0.93
N1,,2024/04/09 16:51:48,0.93
N1,,2024/04/09 16:51:49,0.94
N1,,2024/04/09 16:51:50,0.93
N1,,2024/04/09 16:51:51,0.93
N1,,2024/04/09 16:51:52,0.92
N1,,2024/04/09 16:51:53,0.93
N1,,2024/04/09 16:51:54,0.93
N1,,2024/04/09 16:51:55,0.94
N1,,2024/04/09 16:51:56,0.94
N1,,2024/04/09 16:51:57,0.91
N1,,2024/04/09 16:51:58,0.92
N1,,2024/04/09 16:51:59,0.88
N1,,2024/04/09 16:52:00,0.93
N1,,2024/04/09 16:52:01,0.94
N1,,2024/04/09 16:52:02,0.93
N1,,2024/04/09 16:52:03,0.93
N1,,2024/04/09 16:52:04,0.91
N1,,2024/04/09 16:52:05,0.94
N1,,2024/04/09 16:52:06,0.93
N1,,2024/04/09 16:52:07,0.93
N1,,2024/04/09 16:52:08,0.91
N1,,2024/04/09 16:52:09,0.91
N1,,2024/04/09 16:52:10,0.91
N1,,2024/04/09 16:52:10,0.92
N1,,2024/04/09 16:52:11,0.92
N1,,2024/04/09 16:52:12,0.88
N1,,2024/04/09 16:52:13,0.92
N1,,2024/04/09 16:52:14,0.92
N1,,2024/04/09 16:52:15,0.90
N1,,2024/04/09 16:52:16,0.93
N1,,2024/04/09 16:52:17,0.93
N1,,2024/04/09 16:52:18,0.93
N1,,2024/04/09 16:52:19,0.94
N1,,2024/04/09 16:52:20,0.94
N1,,2024/04/09 16:52:21,0.93
N1,,2024/04/09 16:52:22,0.94
N1,,2024/04/09 16:52:23,0.94
N1,,2024/04/09 16:52:24,0.95
N1,,2024/04/09 16:52:25,0.93
N1,,2024/04/09 16:52:26,0.63
N1,,2024/04/09 16:54:35,0.38
N1,,2024/04/09 16:54:36,0.91
N1,,2024/04/09 16:54:37,0.62
N1,,2024/04/09 16:54:38,0.90
N1,,2024/04/09 16:54:39,0.91
N1,,2024/04/09 16:54:40,0.94
N1,,2024/04/09 16:54:41,0.92
N1,,2024/04/09 16:54:42,0.93
N1,,2024/04/09 16:54:43,0.92
N1,,2024/04/09 16:54:44,0.90
N1,,2024/04/09 16:54:45,0.87
N1,,2024/04/09 16:54:46,0.89
N1,,2024/04/09 16:54:47,0.92
N1,,2024/04/09 16:54:48,0.94
N1,,2024/04/09 16:54:49,0.88
N1,,2024/04/09 16:54:50,0.92
N1,,2024/04/09 16:54:51,0.79
N1,,2024/04/09 16:54:52,0.91
N1,,2024/04/09 16:54:53,0.80
N1,,2024/04/09 16:54:54,0.90
N1,,2024/04/09 16:54:54,0.63
N1,,2024/04/09 16:54:54,0.47
N1,,2024/04/09 16:54:55,0.90
N1,,2024/04/09 16:54:56,0.78
N1,,2024/04/09 16:54:57,0.86
N1,,2024/04/09 16:54:58,0.88
N1,,2024/04/09 16:54:59,0.56
N1,,2024/04/09 16:55:00,0.92
N1,,2024/04/09 16:55:00,0.92
N1,,2024/04/09 16:55:01,0.93
N1,,2024/04/09 16:55:02,0.91
N1,,2024/04/09 16:55:03,0.93
N1,,2024/04/09 16:55:04,0.91
N1,,2024/04/09 16:55:05,0.92
N1,,2024/04/09 16:55:06,0.92
N1,,2024/04/09 16:55:07,0.91
N1,,2024/04/09 16:55:08,0.90
N1,,2024/04/09 16:55:09,0.82
N1,,2024/04/09 16:55:10,0.91
N1,,2024/04/09 16:55:11,0.91
N1,,2024/04/09 16:55:12,0.92
N1,,2024/04/09 16:55:13,0.88
N1,,2024/04/09 16:55:14,0.92
N1,,2024/04/09 16:55:15,0.91
N1,,2024/04/09 16:55:16,0.92
N1,,2024/04/09 16:55:17,0.89
N1,,2024/04/09 16:55:18,0.86
N1,,2024/04/09 16:55:22,0.88
N1,,2024/04/09 16:55:28,0.59
N1,,2024/04/09 16:55:29,0.88
N1,,2024/04/09 16:55:33,0.92
N1,,2024/04/09 16:55:34,0.92
N1,,2024/04/09 16:57:21,0.89
N1,,2024/04/09 16:57:22,0.90
N1,,2024/04/09 16:57:23,0.94
N1,,2024/04/09 16:57:24,0.94
N1,,2024/04/09 16:57:25,0.92
N1,,2024/04/09 16:57:26,0.93
N1,,2024/04/09 16:57:27,0.91
N1,,2024/04/09 16:57:28,0.92
N1,,2024/04/09 16:57:29,0.91
N1,,2024/04/09 16:57:30,0.93
N1,,2024/04/09 16:57:31,0.90
N1,,2024/04/09 16:57:32,0.90
N1,,2024/04/09 16:57:33,0.94
N1,,2024/04/09 16:57:34,0.94
N1,,2024/04/09 16:57:35,0.93
N1,,2024/04/09 16:57:36,0.92
N1,,2024/04/09 16:57:36,0.93
N1,,2024/04/09 16:57:37,0.93
N1,,2024/04/09 16:57:38,0.93
N1,,2024/04/09 16:57:39,0.93
N1,,2024/04/09 16:57:40,0.92
N1,,2024/04/09 16:57:41,0.94
N1,,2024/04/09 16:57:42,0.93
N1,,2024/04/09 16:57:43,0.80
N1,,2024/04/09 16:57:44,0.94
N1,,2024/04/09 16:57:45,0.92
N1,,2024/04/09 16:57:46,0.92
N1,,2024/04/09 16:57:47,0.95
N1,,2024/04/09 16:57:48,0.93
N1,,2024/04/09 16:57:49,0.93
N1,,2024/04/09 16:57:50,0.92
N1,,2024/04/09 16:57:51,0.86
N1,,2024/04/09 16:57:52,0.93
N1,,2024/04/09 16:57:53,0.92
N1,,2024/04/09 16:57:54,0.92
N1,,2024/04/09 16:57:55,0.91
N1,,2024/04/09 16:57:56,0.93
N1,,2024/04/09 16:57:57,0.92
N1,,2024/04/09 16:57:58,0.92
N1,,2024/04/09 16:57:59,0.90
N1,,2024/04/09 16:58:00,0.91
N1,,2024/04/09 16:58:01,0.93
N1,,2024/04/09 16:58:02,0.95
N1,,2024/04/09 16:58:03,0.91
N1,,2024/04/09 16:58:04,0.94
N1,,2024/04/09 16:58:05,0.94
N1,,2024/04/09 16:58:06,0.92
N1,,2024/04/09 16:58:07,0.94
N1,,2024/04/09 16:58:08,0.63
N1,,2024/04/09 17:00:15,0.87
N1,,2024/04/09 17:00:16,0.88
N1,,2024/04/09 17:00:17,0.92
N1,,2024/04/09 17:00:18,0.88
N1,,2024/04/09 17:00:19,0.78
N1,,2024/04/09 17:00:20,0.86
N1,,2024/04/09 17:00:21,0.71
N1,,2024/04/09 17:00:22,0.86
N1,,2024/04/09 17:00:23,0.80
N1,,2024/04/09 17:00:24,0.76
N1,,2024/04/09 17:00:25,0.76
N1,,2024/04/09 17:00:26,0.89
N1,,2024/04/09 17:00:27,0.84
N1,,2024/04/09 17:00:28,0.92
N1,,2024/04/09 17:00:29,0.90
N1,,2024/04/09 17:00:30,0.85
N1,,2024/04/09 17:00:31,0.83
N1,,2024/04/09 17:00:32,0.91
N1,,2024/04/09 17:00:33,0.93
N1,,2024/04/09 17:00:33,0.93
N1,,2024/04/09 17:00:34,0.87
N1,,2024/04/09 17:00:35,0.91
N1,,2024/04/09 17:00:36,0.92
N1,,2024/04/09 17:00:37,0.90
N1,,2024/04/09 17:00:38,0.62
N1,,2024/04/09 17:00:38,0.44
N1,,2024/04/09 17:00:39,0.90
N1,,2024/04/09 17:00:40,0.81
N1,,2024/04/09 17:00:41,0.53
N1,,2024/04/09 17:00:42,0.83
N1,,2024/04/09 17:00:43,0.87
N1,,2024/04/09 17:00:44,0.68
N1,,2024/04/09 17:00:44,0.38
N1,,2024/04/09 17:00:45,0.88
N1,,2024/04/09 17:00:46,0.80
N1,,2024/04/09 17:00:47,0.83
N1,,2024/04/09 17:00:48,0.87
N1,,2024/04/09 17:00:49,0.91
N1,,2024/04/09 17:00:50,0.59
N1,,2024/04/09 17:00:50,0.40
N1,,2024/04/09 17:00:51,0.83
N1,,2024/04/09 17:00:52,0.53
N1,,2024/04/09 17:00:52,0.53
N1,,2024/04/09 17:00:53,0.87
N1,,2024/04/09 17:00:54,0.76
N1,,2024/04/09 17:00:55,0.88
N1,,2024/04/09 17:00:56,0.81
N1,,2024/04/09 17:00:57,0.90
N1,,2024/04/09 17:00:58,0.92
N1,,2024/04/09 17:00:59,0.89
N1,,2024/04/09 17:01:00,0.90
N1,,2024/04/09 17:01:01,0.92
N1,,2024/04/09 17:01:02,0.92
N1,,2024/04/09 17:01:03,0.92
N1,,2024/04/09 17:01:04,0.92
N1,,2024/04/09 17:01:05,0.91
N1,,2024/04/09 17:01:06,0.93
N1,,2024/04/09 17:01:06,0.92
N1,,2024/04/09 17:01:07,0.92
N1,,2024/04/09 17:01:08,0.93
N1,,2024/04/09 17:01:09,0.91
N1,,2024/04/09 17:01:10,0.92
N1,,2024/04/09 17:01:11,0.92
N1,,2024/04/09 17:01:12,0.92
N1,,2024/04/09 17:01:13,0.93
N1,,2024/04/09 17:01:14,0.92
N1,,2024/04/09 17:01:15,0.92
N1,,2024/04/09 17:01:16,0.91
N1,,2024/04/09 17:01:17,0.92
N1,,2024/04/09 17:01:20,0.85
N1,,2024/04/09 17:01:21,0.86
N1,,2024/04/09 17:01:22,0.87
N1,,2024/04/09 17:01:26,0.88
N1,,2024/04/09 17:01:27,0.54
N1,,2024/04/09 17:01:27,0.53
N1,,2024/04/09 17:01:28,0.77
N1,,2024/04/09 17:01:29,0.83
N1,,2024/04/09 17:01:30,0.86
N1,,2024/04/09 17:01:31,0.90
N1,,2024/04/09 17:01:31,0.62
N1,,2024/04/09 17:01:32,0.93
N1,,2024/04/09 17:01:32,0.73
N1,,2024/04/09 17:01:34,0.85
N1,,2024/04/09 17:01:35,0.80
N1,,2024/04/09 17:01:36,0.80
N1,,2024/04/09 17:01:37,0.91
N1,,2024/04/09 17:01:38,0.83
N1,,2024/04/09 17:01:39,0.63
N1,,2024/04/09 17:01:39,0.65
N1,,2024/04/09 17:01:40,0.80
N1,,2024/04/09 17:01:41,0.89
N1,,2024/04/09 17:01:52,0.51
N1,,2024/04/09 17:01:54,0.66
N1,,2024/04/09 17:01:55,0.58
N1,,2024/04/09 17:01:56,0.91
N1,,2024/04/09 17:01:57,0.86
N1,,2024/04/09 17:01:58,0.64
N1,,2024/04/09 17:01:59,0.60
N1,,2024/04/09 17:02:00,0.85
N1,,2024/04/09 17:03:04,0.88
N1,,2024/04/09 17:03:05,0.93
N1,,2024/04/09 17:03:06,0.94
N1,,2024/04/09 17:03:07,0.94
N1,,2024/04/09 17:03:08,0.93
N1,,2024/04/09 17:03:09,0.93
N1,,2024/04/09 17:03:10,0.93
N1,,2024/04/09 17:03:11,0.94
N1,,2024/04/09 17:03:12,0.93
N1,,2024/04/09 17:03:13,0.93
N1,,2024/04/09 17:03:14,0.93
N1,,2024/04/09 17:03:15,0.91
N1,,2024/04/09 17:03:16,0.93
N1,,2024/04/09 17:03:17,0.91
N1,,2024/04/09 17:03:18,0.92
N1,,2024/04/09 17:03:19,0.91
N1,,2024/04/09 17:03:19,0.93
N1,,2024/04/09 17:03:20,0.94
N1,,2024/04/09 17:03:21,0.93
N1,,2024/04/09 17:03:22,0.94
N1,,2024/04/09 17:03:23,0.94
N1,,2024/04/09 17:03:24,0.94
N1,,2024/04/09 17:03:25,0.93
N1,,2024/04/09 17:03:26,0.52
N1,,2024/04/09 17:03:27,0.93
N1,,2024/04/09 17:03:28,0.94
N1,,2024/04/09 17:03:29,0.93
N1,,2024/04/09 17:03:30,0.91
N1,,2024/04/09 17:03:31,0.92
N1,,2024/04/09 17:03:32,0.93
N1,,2024/04/09 17:03:33,0.93
N1,,2024/04/09 17:03:34,0.94
N1,,2024/04/09 17:03:35,0.93
N1,,2024/04/09 17:03:36,0.93
N1,,2024/04/09 17:03:37,0.93
N1,,2024/04/09 17:03:38,0.93
N1,,2024/04/09 17:03:39,0.92
N1,,2024/04/09 17:03:40,0.90
N1,,2024/04/09 17:03:41,0.93
N1,,2024/04/09 17:03:42,0.92
N1,,2024/04/09 17:03:43,0.93
N1,,2024/04/09 17:03:44,0.90
N1,,2024/04/09 17:03:45,0.93
N1,,2024/04/09 17:03:46,0.89
N1,,2024/04/09 17:03:47,0.93
N1,,2024/04/09 17:03:48,0.93
N1,,2024/04/09 17:03:49,0.92
N1,,2024/04/09 17:03:50,0.90
N1,,2024/04/09 17:03:51,0.91
N1,,2024/04/09 17:03:52,0.82
N1,,2024/04/09 17:03:53,0.89
N1,,2024/04/09 17:03:53,0.91
N1,,2024/04/09 17:06:07,0.83
N1,,2024/04/09 17:06:08,0.91
N1,,2024/04/09 17:06:09,0.90
N1,,2024/04/09 17:06:10,0.91
N1,,2024/04/09 17:06:11,0.91
N1,,2024/04/09 17:06:12,0.91
N1,,2024/04/09 17:06:13,0.91
N1,,2024/04/09 17:06:14,0.90
N1,,2024/04/09 17:06:15,0.90
N1,,2024/04/09 17:06:16,0.89
N1,,2024/04/09 17:06:17,0.91
N1,,2024/04/09 17:06:18,0.91
N1,,2024/04/09 17:06:19,0.91
N1,,2024/04/09 17:06:20,0.92
N1,,2024/04/09 17:06:21,0.91
N1,,2024/04/09 17:06:22,0.91
N1,,2024/04/09 17:06:23,0.92
N1,,2024/04/09 17:06:24,0.90
N1,,2024/04/09 17:06:25,0.91
N1,,2024/04/09 17:06:26,0.90
N1,,2024/04/09 17:06:27,0.92
N1,,2024/04/09 17:06:28,0.91
N1,,2024/04/09 17:06:29,0.90
N1,,2024/04/09 17:06:30,0.87
N1,,2024/04/09 17:06:31,0.91
N1,,2024/04/09 17:06:32,0.91
N1,,2024/04/09 17:06:33,0.90
N1,,2024/04/09 17:06:34,0.91
N1,,2024/04/09 17:06:35,0.91
N1,,2024/04/09 17:06:35,0.91
N1,,2024/04/09 17:06:36,0.91
N1,,2024/04/09 17:06:37,0.91
N1,,2024/04/09 17:06:38,0.90
N1,,2024/04/09 17:06:39,0.91
N1,,2024/04/09 17:06:40,0.92
N1,,2024/04/09 17:06:41,0.91
N1,,2024/04/09 17:06:42,0.91
N1,,2024/04/09 17:06:43,0.91
N1,,2024/04/09 17:06:44,0.91
N1,,2024/04/09 17:06:45,0.89
N1,,2024/04/09 17:06:46,0.90
N1,,2024/04/09 17:06:47,0.89
N1,,2024/04/09 17:06:48,0.94
N1,,2024/04/09 17:06:49,0.88
N1,,2024/04/09 17:06:50,0.90
N1,,2024/04/09 17:06:51,0.91
N1,,2024/04/09 17:06:52,0.90
N1,,2024/04/09 17:06:53,0.90
N1,,2024/04/09 17:06:54,0.90
N1,,2024/04/09 17:06:55,0.90
N1,,2024/04/09 17:06:56,0.92
N1,,2024/04/09 17:06:57,0.91
N1,,2024/04/09 17:06:58,0.87
N1,,2024/04/09 17:06:59,0.90
N1,,2024/04/09 17:07:00,0.91
N1,,2024/04/09 17:07:01,0.87
N1,,2024/04/09 17:07:02,0.91
N1,,2024/04/09 17:07:03,0.92
N1,,2024/04/09 17:07:04,0.89
N1,,2024/04/09 17:07:05,0.87
N1,,2024/04/09 17:07:06,0.89
N1,,2024/04/09 17:07:07,0.91
N1,,2024/04/09 17:07:07,0.90
N1,,2024/04/09 17:07:08,0.90
N1,,2024/04/09 17:07:09,0.92
N1,,2024/04/09 17:07:10,0.85
N1,,2024/04/09 17:07:11,0.89
N1,,2024/04/09 17:07:12,0.90
N1,,2024/04/09 17:07:13,0.89
N1,,2024/04/09 17:07:14,0.93
N1,,2024/04/09 17:07:17,0.89
N1,,2024/04/09 17:07:18,0.87
N1,,2024/04/09 17:07:24,0.88
N1,,2024/04/09 17:07:29,0.69
N1,,2024/04/09 17:07:30,0.91
N1,,2024/04/09 17:07:31,0.51
N1,,2024/04/09 17:08:42,0.38
N1,,2024/04/09 17:08:43,0.90
N1,,2024/04/09 17:08:43,0.90
N1,,2024/04/09 17:08:44,0.93
N1,,2024/04/09 17:08:45,0.94
N1,,2024/04/09 17:08:46,0.92
N1,,2024/04/09 17:08:47,0.94
N1,,2024/04/09 17:08:48,0.92
N1,,2024/04/09 17:08:49,0.94
N1,,2024/04/09 17:08:50,0.92
N1,,2024/04/09 17:08:51,0.91
N1,,2024/04/09 17:08:52,0.93
N1,,2024/04/09 17:08:53,0.92
N1,,2024/04/09 17:08:54,0.92
N1,,2024/04/09 17:08:55,0.92
N1,,2024/04/09 17:08:56,0.92
N1,,2024/04/09 17:08:57,0.85
N1,,2024/04/09 17:08:58,0.91
N1,,2024/04/09 17:08:59,0.91
N1,,2024/04/09 17:09:00,0.92
N1,,2024/04/09 17:09:01,0.90
N1,,2024/04/09 17:09:02,0.93
N1,,2024/04/09 17:09:03,0.93
N1,,2024/04/09 17:09:04,0.93
N1,,2024/04/09 17:09:05,0.92
N1,,2024/04/09 17:09:06,0.94
N1,,2024/04/09 17:09:07,0.94
N1,,2024/04/09 17:09:08,0.93
N1,,2024/04/09 17:09:09,0.93
N1,,2024/04/09 17:09:10,0.93
N1,,2024/04/09 17:09:11,0.95
N1,,2024/04/09 17:09:12,0.93
N1,,2024/04/09 17:09:13,0.94
N1,,2024/04/09 17:09:14,0.92
N1,,2024/04/09 17:09:15,0.93
N1,,2024/04/09 17:09:15,0.93
N1,,2024/04/09 17:09:16,0.95
N1,,2024/04/09 17:09:17,0.94
N1,,2024/04/09 17:09:18,0.93
N1,,2024/04/09 17:09:19,0.93
N1,,2024/04/09 17:09:20,0.93
N1,,2024/04/09 17:09:21,0.95
N1,,2024/04/09 17:09:22,0.86
N1,,2024/04/09 17:09:23,0.93
N1,,2024/04/09 17:09:24,0.94
N1,,2024/04/09 17:09:25,0.93
N1,,2024/04/09 17:09:26,0.93
N1,,2024/04/09 17:09:27,0.89
N1,,2024/04/09 17:09:28,0.91
N1,,2024/04/09 17:09:29,0.92
N1,,2024/04/09 17:09:30,0.94
N1,,2024/04/09 17:09:31,0.94
N1,,2024/04/09 17:09:32,0.93
N1,,2024/04/09 17:09:33,0.92
N1,,2024/04/09 17:09:34,0.93
N1,,2024/04/09 17:09:35,0.95
N1,,2024/04/09 17:09:36,0.92
N1,,2024/04/09 17:12:02,0.44
N1,,2024/04/09 17:12:03,0.88
N1,,2024/04/09 17:12:03,0.85
N1,,2024/04/09 17:12:04,0.90
N1,,2024/04/09 17:12:05,0.92
N1,,2024/04/09 17:12:06,0.91
N1,,2024/04/09 17:12:07,0.90
N1,,2024/04/09 17:12:08,0.91
N1,,2024/04/09 17:12:09,0.91
N1,,2024/04/09 17:12:10,0.92
N1,,2024/04/09 17:12:11,0.92
N1,,2024/04/09 17:12:12,0.91
N1,,2024/04/09 17:12:13,0.90
N1,,2024/04/09 17:12:14,0.88
N1,,2024/04/09 17:12:15,0.91
N1,,2024/04/09 17:12:16,0.90
N1,,2024/04/09 17:12:17,0.89
N1,,2024/04/09 17:12:18,0.90
N1,,2024/04/09 17:12:19,0.89
N1,,2024/04/09 17:12:20,0.85
N1,,2024/04/09 17:12:21,0.88
N1,,2024/04/09 17:12:22,0.87
N1,,2024/04/09 17:12:23,0.90
N1,,2024/04/09 17:12:24,0.90
N1,,2024/04/09 17:12:25,0.88
N1,,2024/04/09 17:12:26,0.86
N1,,2024/04/09 17:12:27,0.90
N1,,2024/04/09 17:12:28,0.89
N1,,2024/04/09 17:12:29,0.90
N1,,2024/04/09 17:12:30,0.90
N1,,2024/04/09 17:12:31,0.91
N1,,2024/04/09 17:12:32,0.91
N1,,2024/04/09 17:12:33,0.90
N1,,2024/04/09 17:12:34,0.87
N1,,2024/04/09 17:12:34,0.89
N1,,2024/04/09 17:12:35,0.90
N1,,2024/04/09 17:12:36,0.90
N1,,2024/04/09 17:12:37,0.88
N1,,2024/04/09 17:12:38,0.91
N1,,2024/04/09 17:12:39,0.86
N1,,2024/04/09 17:12:40,0.88
N1,,2024/04/09 17:12:41,0.88
N1,,2024/04/09 17:12:42,0.89
N1,,2024/04/09 17:12:43,0.89
N1,,2024/04/09 17:12:44,0.91
N1,,2024/04/09 17:12:45,0.90
N1,,2024/04/09 17:12:46,0.90
N1,,2024/04/09 17:12:47,0.91
N1,,2024/04/09 17:12:48,0.89
N1,,2024/04/09 17:12:49,0.90
N1,,2024/04/09 17:12:50,0.90
N1,,2024/04/09 17:12:51,0.89
N1,,2024/04/09 17:12:52,0.88
N1,,2024/04/09 17:12:53,0.89
N1,,2024/04/09 17:12:54,0.87
N1,,2024/04/09 17:12:55,0.87
N1,,2024/04/09 17:12:56,0.89
N1,,2024/04/09 17:12:57,0.88
N1,,2024/04/09 17:12:58,0.89
N1,,2024/04/09 17:12:59,0.90
N1,,2024/04/09 17:13:00,0.88
N1,,2024/04/09 17:13:01,0.91
N1,,2024/04/09 17:13:02,0.89
N1,,2024/04/09 17:13:03,0.89
N1,,2024/04/09 17:13:04,0.89
N1,,2024/04/09 17:13:05,0.89
N1,,2024/04/09 17:13:05,0.89
N1,,2024/04/09 17:13:06,0.89
N1,,2024/04/09 17:13:07,0.89
N1,,2024/04/09 17:13:08,0.89
N1,,2024/04/09 17:13:09,0.89
N1,,2024/04/09 17:13:10,0.89
N1,,2024/04/09 17:13:11,0.88
N1,,2024/04/09 17:13:12,0.91
N1,,2024/04/09 17:13:15,0.63
N1,,2024/04/09 17:13:16,0.89
N1,,2024/04/09 17:13:17,0.88
N1,,2024/04/09 17:13:22,0.86
N1,,2024/04/09 17:13:27,0.83
N1,,2024/04/09 17:13:28,0.94
N1,,2024/04/09 17:13:29,0.93
N1,,2024/04/09 17:14:46,0.92
N1,,2024/04/09 17:14:47,0.93
N1,,2024/04/09 17:14:48,0.92
N1,,2024/04/09 17:14:49,0.93
N1,,2024/04/09 17:14:50,0.89
N1,,2024/04/09 17:14:51,0.92
N1,,2024/04/09 17:14:52,0.92
N1,,2024/04/09 17:14:53,0.92
N1,,2024/04/09 17:14:54,0.91
N1,,2024/04/09 17:14:55,0.93
N1,,2024/04/09 17:14:56,0.91
N1,,2024/04/09 17:14:57,0.90
N1,,2024/04/09 17:14:58,0.92
N1,,2024/04/09 17:14:59,0.91
N1,,2024/04/09 17:15:00,0.90
N1,,2024/04/09 17:15:00,0.93
N1,,2024/04/09 17:15:01,0.93
N1,,2024/04/09 17:15:02,0.95
N1,,2024/04/09 17:15:03,0.95
N1,,2024/04/09 17:15:04,0.94
N1,,2024/04/09 17:15:05,0.94
N1,,2024/04/09 17:15:06,0.95
N1,,2024/04/09 17:15:07,0.94
N1,,2024/04/09 17:15:08,0.93
N1,,2024/04/09 17:15:09,0.94
N1,,2024/04/09 17:15:10,0.94
N1,,2024/04/09 17:15:11,0.94
N1,,2024/04/09 17:15:12,0.94
N1,,2024/04/09 17:15:13,0.94
N1,,2024/04/09 17:15:14,0.95
N1,,2024/04/09 17:15:15,0.95
N1,,2024/04/09 17:15:16,0.91
N1,,2024/04/09 17:15:17,0.94
N1,,2024/04/09 17:15:18,0.92
N1,,2024/04/09 17:15:19,0.93
N1,,2024/04/09 17:15:20,0.95
N1,,2024/04/09 17:15:21,0.94
N1,,2024/04/09 17:15:22,0.92
N1,,2024/04/09 17:15:23,0.93
N1,,2024/04/09 17:15:24,0.93
N1,,2024/04/09 17:15:25,0.94
N1,,2024/04/09 17:15:26,0.93
N1,,2024/04/09 17:15:27,0.90
N1,,2024/04/09 17:15:28,0.93
N1,,2024/04/09 17:15:29,0.94
N1,,2024/04/09 17:15:30,0.93
N1,,2024/04/09 17:15:31,0.93
N1,,2024/04/09 17:15:31,0.90
N1,,2024/04/09 17:15:32,0.92
N1,,2024/04/09 17:15:33,0.91
N1,,2024/04/09 17:15:34,0.93
N1,,2024/04/09 17:15:35,0.51
N1,,2024/04/09 17:15:36,0.93
N1,,2024/04/09 17:15:37,0.88
N1,,2024/04/09 17:15:38,0.93
N1,,2024/04/09 17:15:39,0.94
N1,,2024/04/09 17:15:40,0.93
N1,,2024/04/09 17:15:41,0.93
N1,,2024/04/09 17:15:42,0.92
N1,,2024/04/09 17:15:43,0.93
N1,,2024/04/09 17:15:44,0.93
N1,,2024/04/09 17:15:45,0.91
N1,,2024/04/09 17:15:46,0.76
N1,,2024/04/09 17:17:49,0.81
N1,,2024/04/09 17:17:50,0.69
N1,,2024/04/09 17:17:51,0.91
N1,,2024/04/09 17:17:52,0.91
N1,,2024/04/09 17:17:53,0.91
N1,,2024/04/09 17:17:54,0.88
N1,,2024/04/09 17:17:56,0.43
N1,,2024/04/09 17:17:57,0.90
N1,,2024/04/09 17:17:58,0.92
N1,,2024/04/09 17:17:59,0.91
N1,,2024/04/09 17:18:00,0.93
N1,,2024/04/09 17:18:01,0.92
N1,,2024/04/09 17:18:02,0.91
N1,,2024/04/09 17:18:03,0.93
N1,,2024/04/09 17:18:04,0.92
N1,,2024/04/09 17:18:05,0.83
N1,,2024/04/09 17:18:06,0.92
N1,,2024/04/09 17:18:07,0.92
N1,,2024/04/09 17:18:07,0.90
N1,,2024/04/09 17:18:08,0.91
N1,,2024/04/09 17:18:09,0.91
N1,,2024/04/09 17:18:10,0.89
N1,,2024/04/09 17:18:11,0.91
N1,,2024/04/09 17:18:12,0.89
N1,,2024/04/09 17:18:13,0.91
N1,,2024/04/09 17:18:14,0.91
N1,,2024/04/09 17:18:15,0.93
N1,,2024/04/09 17:18:16,0.91
N1,,2024/04/09 17:18:17,0.91
N1,,2024/04/09 17:18:18,0.92
N1,,2024/04/09 17:18:19,0.92
N1,,2024/04/09 17:18:20,0.58
N1,,2024/04/09 17:18:21,0.91
N1,,2024/04/09 17:18:22,0.93
N1,,2024/04/09 17:18:23,0.90
N1,,2024/04/09 17:18:24,0.91
N1,,2024/04/09 17:18:25,0.92
N1,,2024/04/09 17:18:26,0.92
N1,,2024/04/09 17:18:27,0.90
N1,,2024/04/09 17:18:28,0.91
N1,,2024/04/09 17:18:29,0.93
N1,,2024/04/09 17:18:30,0.92
N1,,2024/04/09 17:18:31,0.89
N1,,2024/04/09 17:18:32,0.91
N1,,2024/04/09 17:18:33,0.91
N1,,2024/04/09 17:18:34,0.92
N1,,2024/04/09 17:18:35,0.90
N1,,2024/04/09 17:18:36,0.90
N1,,2024/04/09 17:18:37,0.90
N1,,2024/04/09 17:18:38,0.91
N1,,2024/04/09 17:18:38,0.91
N1,,2024/04/09 17:18:39,0.90
N1,,2024/04/09 17:18:40,0.91
N1,,2024/04/09 17:18:41,0.90
N1,,2024/04/09 17:18:42,0.90
N1,,2024/04/09 17:18:43,0.89
N1,,2024/04/09 17:18:44,0.90
N1,,2024/04/09 17:18:45,0.89
N1,,2024/04/09 17:18:46,0.90
N1,,2024/04/09 17:18:47,0.89
N1,,2024/04/09 17:18:48,0.89
N1,,2024/04/09 17:18:49,0.88
N1,,2024/04/09 17:18:50,0.90
N1,,2024/04/09 17:18:51,0.89
N1,,2024/04/09 17:18:52,0.90
N1,,2024/04/09 17:18:53,0.89
N1,,2024/04/09 17:18:54,0.88
N1,,2024/04/09 17:18:55,0.90
N1,,2024/04/09 17:18:56,0.92
N1,,2024/04/09 17:18:57,0.89
N1,,2024/04/09 17:18:58,0.91
N1,,2024/04/09 17:18:59,0.90
N1,,2024/04/09 17:19:00,0.90
N1,,2024/04/09 17:19:01,0.90
N1,,2024/04/09 17:19:02,0.91
N1,,2024/04/09 17:19:03,0.91
N1,,2024/04/09 17:19:04,0.91
N1,,2024/04/09 17:19:05,0.91
N1,,2024/04/09 17:19:06,0.90
N1,,2024/04/09 17:19:07,0.92
N1,,2024/04/09 17:19:08,0.90
N1,,2024/04/09 17:19:09,0.90
N1,,2024/04/09 17:19:10,0.90
N1,,2024/04/09 17:19:10,0.90
N1,,2024/04/09 17:19:11,0.91
N1,,2024/04/09 17:19:12,0.90
N1,,2024/04/09 17:19:16,0.86
N1,,2024/04/09 17:19:17,0.38
N1,,2024/04/09 17:19:22,0.84
N1,,2024/04/09 17:19:23,0.38
N1,,2024/04/09 17:19:27,0.73
N1,,2024/04/09 17:19:28,0.92
N1,,2024/04/09 17:19:29,0.87
N1,,2024/04/09 17:20:42,0.92
N1,,2024/04/09 17:20:43,0.93
N1,,2024/04/09 17:20:44,0.92
N1,,2024/04/09 17:20:45,0.92
N1,,2024/04/09 17:20:46,0.93
N1,,2024/04/09 17:20:47,0.91
N1,,2024/04/09 17:20:48,0.93
N1,,2024/04/09 17:20:49,0.92
N1,,2024/04/09 17:20:50,0.93
N1,,2024/04/09 17:20:51,0.93
N1,,2024/04/09 17:20:52,0.94
N1,,2024/04/09 17:20:53,0.92
N1,,2024/04/09 17:20:54,0.91
N1,,2024/04/09 17:20:55,0.90
N1,,2024/04/09 17:20:56,0.91
N1,,2024/04/09 17:20:57,0.90
N1,,2024/04/09 17:20:58,0.91
N1,,2024/04/09 17:20:59,0.91
N1,,2024/04/09 17:21:00,0.94
N1,,2024/04/09 17:21:01,0.94
N1,,2024/04/09 17:21:02,0.92
N1,,2024/04/09 17:21:02,0.93
N1,,2024/04/09 17:21:03,0.94
N1,,2024/04/09 17:21:04,0.74
N1,,2024/04/09 17:21:05,0.91
N1,,2024/04/09 17:21:06,0.91
N1,,2024/04/09 17:21:07,0.93
N1,,2024/04/09 17:21:08,0.92
N1,,2024/04/09 17:21:09,0.92
N1,,2024/04/09 17:21:10,0.91
N1,,2024/04/09 17:21:11,0.94
N1,,2024/04/09 17:21:12,0.87
N1,,2024/04/09 17:21:58,0.94
N1,,2024/04/09 17:21:59,0.71
N1,,2024/04/09 17:24:39,0.85
N1,,2024/04/09 17:24:40,0.93
N1,,2024/04/09 17:24:41,0.91
N1,,2024/04/09 17:24:41,0.91
N1,,2024/04/09 17:24:42,0.91
N1,,2024/04/09 17:24:43,0.85
N1,,2024/04/09 17:24:44,0.92
N1,,2024/04/09 17:24:45,0.92
N1,,2024/04/09 17:24:46,0.90
N1,,2024/04/09 17:24:47,0.90
N1,,2024/04/09 17:24:48,0.89
N1,,2024/04/09 17:24:49,0.91
N1,,2024/04/09 17:24:50,0.92
N1,,2024/04/09 17:24:51,0.93
N1,,2024/04/09 17:24:52,0.93
N1,,2024/04/09 17:24:53,0.86
N1,,2024/04/09 17:24:54,0.90
N1,,2024/04/09 17:24:55,0.91
N1,,2024/04/09 17:24:56,0.92
N1,,2024/04/09 17:24:57,0.93
N1,,2024/04/09 17:24:58,0.91
N1,,2024/04/09 17:24:59,0.91
N1,,2024/04/09 17:25:00,0.91
N1,,2024/04/09 17:25:00,0.91
N1,,2024/04/09 17:25:00,0.89
N1,,2024/04/09 17:25:01,0.92
N1,,2024/04/09 17:25:53,0.81
N1,,2024/04/09 17:25:54,0.90
N1,,2024/04/09 17:25:55,0.86
N1,,2024/04/09 17:25:56,0.91
N1,,2024/04/09 17:25:57,0.91
N1,,2024/04/09 17:25:58,0.91
N1,,2024/04/09 17:25:58,0.93
N1,,2024/04/09 17:25:59,0.89
N1,,2024/04/09 17:26:00,0.91
N1,,2024/04/09 17:26:01,0.90
N1,,2024/04/09 17:26:02,0.92
N1,,2024/04/09 17:26:03,0.91
N1,,2024/04/09 17:26:04,0.91
N1,,2024/04/09 17:26:05,0.90
N1,,2024/04/09 17:26:06,0.93
N1,,2024/04/09 17:26:07,0.91
N1,,2024/04/09 17:26:08,0.86
N1,,2024/04/09 17:26:09,0.91
N1,,2024/04/09 17:26:10,0.91
N1,,2024/04/09 17:26:11,0.93
N1,,2024/04/09 17:26:12,0.93
N1,,2024/04/09 17:26:13,0.92
N1,,2024/04/09 17:26:14,0.93
N1,,2024/04/09 17:26:15,0.93
N1,,2024/04/09 17:26:16,0.94
N1,,2024/04/09 17:26:17,0.94
N1,,2024/04/09 17:26:18,0.93
N1,,2024/04/09 17:26:19,0.94
N1,,2024/04/09 17:26:20,0.92
N1,,2024/04/09 17:26:21,0.93
N1,,2024/04/09 17:26:22,0.92
N1,,2024/04/09 17:26:23,0.93
N1,,2024/04/09 17:26:24,0.92
N1,,2024/04/09 17:26:25,0.91
N1,,2024/04/09 17:26:26,0.92
N1,,2024/04/09 17:26:27,0.92
N1,,2024/04/09 17:26:28,0.92
N1,,2024/04/09 17:26:28,0.90
N1,,2024/04/09 17:26:29,0.93
N1,,2024/04/09 17:26:30,0.92
N1,,2024/04/09 17:26:31,0.93
N1,,2024/04/09 17:26:32,0.91
N1,,2024/04/09 17:26:33,0.84
N1,,2024/04/09 17:26:34,0.85
N1,,2024/04/09 17:26:35,0.92
N1,,2024/04/09 17:26:36,0.92
N1,,2024/04/09 17:26:37,0.91
N1,,2024/04/09 17:26:38,0.92
N1,,2024/04/09 17:26:39,0.92
N1,,2024/04/09 17:26:40,0.92
N1,,2024/04/09 17:26:41,0.92
N1,,2024/04/09 17:26:42,0.92
N1,,2024/04/09 17:26:43,0.92
N1,,2024/04/09 17:26:44,0.94
N1,,2024/04/09 17:26:45,0.92
N1,,2024/04/09 17:26:46,0.92
N1,,2024/04/09 17:26:47,0.93
N1,,2024/04/09 17:26:48,0.93
N1,,2024/04/09 17:26:49,0.91
N1,,2024/04/09 17:26:50,0.92
N1,,2024/04/09 17:26:51,0.89
N1,,2024/04/09 17:26:52,0.91
N1,,2024/04/09 17:26:53,0.94
N1,,2024/04/09 17:26:54,0.91
N1,,2024/04/09 17:26:55,0.91
N1,,2024/04/09 17:26:56,0.92
N1,,2024/04/09 17:26:57,0.94
N1,,2024/04/09 17:26:57,0.93
N1,,2024/04/09 17:26:58,0.90
N1,,2024/04/09 17:29:16,0.86
N1,,2024/04/09 17:29:19,0.88
N1,,2024/04/09 17:29:20,0.87
N1,,2024/04/09 17:29:25,0.85
N1,,2024/04/09 17:29:30,0.80
N1,,2024/04/09 17:29:31,0.91
N1,,2024/04/09 17:30:42,0.90
N1,,2024/04/09 17:32:14,0.90
N1,,2024/04/09 17:32:15,0.92
N1,,2024/04/09 17:32:16,0.93
N1,,2024/04/09 17:32:17,0.92
N1,,2024/04/09 17:32:18,0.93
N1,,2024/04/09 17:32:19,0.91
N1,,2024/04/09 17:32:20,0.92
N1,,2024/04/09 17:32:21,0.90
N1,,2024/04/09 17:32:22,0.92
N1,,2024/04/09 17:32:23,0.91
N1,,2024/04/09 17:32:24,0.89
N1,,2024/04/09 17:32:25,0.90
N1,,2024/04/09 17:32:26,0.91
N1,,2024/04/09 17:32:27,0.92
N1,,2024/04/09 17:32:28,0.92
N1,,2024/04/09 17:32:29,0.90
N1,,2024/04/09 17:32:30,0.92
N1,,2024/04/09 17:32:31,0.93
N1,,2024/04/09 17:32:32,0.94
N1,,2024/04/09 17:32:33,0.92
N1,,2024/04/09 17:32:34,0.94
N1,,2024/04/09 17:32:35,0.95
N1,,2024/04/09 17:32:36,0.92
N1,,2024/04/09 17:32:37,0.94
N1,,2024/04/09 17:32:38,0.94
N1,,2024/04/09 17:32:39,0.92
N1,,2024/04/09 17:32:40,0.94
N1,,2024/04/09 17:32:41,0.93
N1,,2024/04/09 17:32:42,0.94
N1,,2024/04/09 17:32:43,0.94
N1,,2024/04/09 17:32:44,0.94
N1,,2024/04/09 17:32:45,0.94
N1,,2024/04/09 17:32:46,0.92
N1,,2024/04/09 17:32:47,0.94
N1,,2024/04/09 17:32:48,0.94
N1,,2024/04/09 17:32:48,0.93
N1,,2024/04/09 17:32:49,0.92
N1,,2024/04/09 17:32:50,0.93
N1,,2024/04/09 17:32:51,0.92
N1,,2024/04/09 17:32:52,0.93
N1,,2024/04/09 17:32:53,0.83
N1,,2024/04/09 17:32:54,0.92
N1,,2024/04/09 17:32:55,0.90
N1,,2024/04/09 17:32:56,0.91
N1,,2024/04/09 17:32:57,0.92
N1,,2024/04/09 17:32:58,0.92
N1,,2024/04/09 17:32:59,0.90
N1,,2024/04/09 17:33:00,0.89
N1,,2024/04/09 17:33:01,0.90
N1,,2024/04/09 17:33:02,0.90
N1,,2024/04/09 17:33:03,0.91
N1,,2024/04/09 17:33:04,0.90
N1,,2024/04/09 17:33:05,0.91
N1,,2024/04/09 17:33:06,0.91
N1,,2024/04/09 17:33:07,0.89
N1,,2024/04/09 17:33:08,0.90
N1,,2024/04/09 17:33:09,0.93
N1,,2024/04/09 17:33:10,0.90
N1,,2024/04/09 17:33:11,0.91
N1,,2024/04/09 17:33:12,0.90
N1,,2024/04/09 17:33:13,0.91
N1,,2024/04/09 17:33:14,0.93
N1,,2024/04/09 17:33:15,0.92
N1,,2024/04/09 17:33:16,0.93
N1,,2024/04/09 17:33:17,0.92
N1,,2024/04/09 17:33:18,0.92
N1,,2024/04/09 17:33:19,0.93
N1,,2024/04/09 17:33:20,0.93
N1,,2024/04/09 17:33:21,0.94
N1,,2024/04/09 17:33:22,0.94
N1,,2024/04/09 17:33:22,0.95
N1,,2024/04/09 17:33:23,0.92
N1,,2024/04/09 17:33:24,0.92
N1,,2024/04/09 17:33:25,0.93
N1,,2024/04/09 17:33:26,0.84
N1,,2024/04/09 17:33:27,0.92
N1,,2024/04/09 17:33:28,0.93
N1,,2024/04/09 17:33:29,0.92
N1,,2024/04/09 17:33:30,0.92
N1,,2024/04/09 17:33:31,0.93
N1,,2024/04/09 17:33:32,0.93
N1,,2024/04/09 17:33:33,0.94
N1,,2024/04/09 17:33:34,0.93
N1,,2024/04/09 17:33:35,0.92
N1,,2024/04/09 17:33:36,0.93
N1,,2024/04/09 17:33:37,0.93
N1,,2024/04/09 17:33:38,0.93
N1,,2024/04/09 17:33:39,0.93
N1,,2024/04/09 17:33:40,0.91
N1,,2024/04/09 17:33:41,0.93
N1,,2024/04/09 17:33:42,0.92
N1,,2024/04/09 17:33:43,0.90
N1,,2024/04/09 17:33:44,0.92
N1,,2024/04/09 17:33:45,0.81
N1,,2024/04/09 17:33:46,0.64
N1,,2024/04/09 17:33:47,0.93
N1,,2024/04/09 17:33:48,0.92
N1,,2024/04/09 17:33:49,0.92
N1,,2024/04/09 17:33:50,0.93
N1,,2024/04/09 17:33:51,0.92
N1,,2024/04/09 17:33:52,0.94
N1,,2024/04/09 17:33:53,0.93
N1,,2024/04/09 17:33:54,0.93
N1,,2024/04/09 17:33:55,0.94
N1,,2024/04/09 17:33:55,0.79
N1,,2024/04/09 17:33:55,0.68
N1,,2024/04/09 17:33:56,0.92
N1,,2024/04/09 17:33:57,0.92
N1,,2024/04/09 17:33:58,0.92
N1,,2024/04/09 17:33:59,0.92
N1,,2024/04/09 17:34:00,0.92
N1,,2024/04/09 17:34:01,0.92
N1,,2024/04/09 17:34:02,0.91
N1,,2024/04/09 17:34:03,0.92
N1,,2024/04/09 17:34:04,0.94
N1,,2024/04/09 17:34:05,0.87
N1,,2024/04/09 17:34:06,0.94
N1,,2024/04/09 17:34:08,0.93
N1,,2024/04/09 17:34:09,0.93
N1,,2024/04/09 17:34:10,0.93
N1,,2024/04/09 17:34:11,0.92
N1,,2024/04/09 17:34:12,0.92
N1,,2024/04/09 17:34:13,0.92
N1,,2024/04/09 17:34:14,0.93
N1,,2024/04/09 17:34:15,0.93
N1,,2024/04/09 17:34:16,0.92
N1,,2024/04/09 17:34:17,0.93
N1,,2024/04/09 17:34:18,0.92
N1,,2024/04/09 17:34:19,0.92
N1,,2024/04/09 17:34:20,0.93
N1,,2024/04/09 17:34:21,0.92
N1,,2024/04/09 17:34:22,0.92
N1,,2024/04/09 17:34:23,0.92
N1,,2024/04/09 17:34:24,0.92
N1,,2024/04/09 17:34:25,0.92
N1,,2024/04/09 17:34:26,0.92
N1,,2024/04/09 17:34:27,0.92
N1,,2024/04/09 17:34:28,0.93
N1,,2024/04/09 17:34:29,0.93
N1,,2024/04/09 17:34:29,0.91
N1,,2024/04/09 17:34:30,0.92
N1,,2024/04/09 17:34:31,0.94
N1,,2024/04/09 17:34:32,0.93
N1,,2024/04/09 17:34:33,0.88
N1,,2024/04/09 17:34:34,0.94
N1,,2024/04/09 17:34:35,0.93
N1,,2024/04/09 17:34:36,0.93
N1,,2024/04/09 17:34:37,0.93
N1,,2024/04/09 17:34:38,0.94
N1,,2024/04/09 17:34:39,0.93
N1,,2024/04/09 17:34:40,0.92
N1,,2024/04/09 17:34:41,0.89
N1,,2024/04/09 17:34:42,0.92
N1,,2024/04/09 17:34:43,0.90
N1,,2024/04/09 17:34:44,0.92
N1,,2024/04/09 17:34:45,0.93
N1,,2024/04/09 17:34:46,0.90
N1,,2024/04/09 17:34:47,0.90
N1,,2024/04/09 17:34:48,0.92
N1,,2024/04/09 17:34:49,0.90
N1,,2024/04/09 17:34:50,0.91
N1,,2024/04/09 17:34:51,0.92
N1,,2024/04/09 17:34:52,0.92
N1,,2024/04/09 17:34:53,0.93
N1,,2024/04/09 17:34:54,0.91
N1,,2024/04/09 17:34:55,0.92
N1,,2024/04/09 17:34:56,0.93
N1,,2024/04/09 17:34:57,0.93
N1,,2024/04/09 17:34:58,0.93
N1,,2024/04/09 17:34:59,0.93
N1,,2024/04/09 17:35:00,0.92
N1,,2024/04/09 17:35:00,0.93
N1,,2024/04/09 17:35:00,0.94
N1,,2024/04/09 17:35:01,0.93
N1,,2024/04/09 17:35:02,0.92
N1,,2024/04/09 17:35:03,0.92
N1,,2024/04/09 17:35:04,0.94
N1,,2024/04/09 17:35:05,0.92
N1,,2024/04/09 17:35:06,0.93
N1,,2024/04/09 17:35:07,0.93
N1,,2024/04/09 17:35:08,0.91
N1,,2024/04/09 17:35:09,0.93
N1,,2024/04/09 17:35:10,0.92
N1,,2024/04/09 17:35:11,0.92
N1,,2024/04/09 17:35:12,0.93
N1,,2024/04/09 17:35:13,0.93
N1,,2024/04/09 17:35:14,0.92
N1,,2024/04/09 17:35:15,0.92
N1,,2024/04/09 17:35:16,0.92
N1,,2024/04/09 17:35:17,0.92
N1,,2024/04/09 17:35:18,0.94
N1,,2024/04/09 17:35:19,0.93
N1,,2024/04/09 17:35:20,0.93
N1,,2024/04/09 17:35:21,0.92
N1,,2024/04/09 17:35:22,0.93
N1,,2024/04/09 17:35:23,0.92
N1,,2024/04/09 17:35:24,0.91
N1,,2024/04/09 17:35:25,0.93
N1,,2024/04/09 17:35:26,0.92
N1,,2024/04/09 17:35:27,0.93
N1,,2024/04/09 17:35:28,0.93
N1,,2024/04/09 17:35:29,0.94
N1,,2024/04/09 17:35:29,0.93
N1,,2024/04/09 17:35:30,0.94
N1,,2024/04/09 17:35:31,0.94
N1,,2024/04/09 17:35:32,0.93
N1,,2024/04/09 17:35:33,0.92
N1,,2024/04/09 17:35:34,0.93
N1,,2024/04/09 17:35:35,0.92
N1,,2024/04/09 17:35:36,0.93
N1,,2024/04/09 17:35:37,0.94
N1,,2024/04/09 17:35:38,0.94
N1,,2024/04/09 17:35:39,0.93
N1,,2024/04/09 17:35:40,0.94
N1,,2024/04/09 17:35:41,0.92
N1,,2024/04/09 17:35:42,0.93
N1,,2024/04/09 17:35:43,0.92
N1,,2024/04/09 17:35:44,0.92
N1,,2024/04/09 17:35:45,0.93
N1,,2024/04/09 17:35:46,0.91
N1,,2024/04/09 17:35:47,0.92
N1,,2024/04/09 17:35:48,0.93
N1,,2024/04/09 17:35:49,0.90
N1,,2024/04/09 17:35:50,0.92
N1,,2024/04/09 17:35:51,0.92
N1,,2024/04/09 17:35:52,0.93
N1,,2024/04/09 17:35:53,0.92
N1,,2024/04/09 17:35:54,0.89
N1,,2024/04/09 17:35:55,0.93
N1,,2024/04/09 17:35:56,0.93
N1,,2024/04/09 17:35:57,0.93
N1,,2024/04/09 17:35:58,0.93
N1,,2024/04/09 17:35:59,0.92
N1,,2024/04/09 17:35:59,0.92
N1,,2024/04/09 17:36:12,0.95
N1,,2024/04/09 17:36:13,0.91
N1,,2024/04/09 17:36:14,0.94
N1,,2024/04/09 17:36:15,0.92
N1,,2024/04/09 17:36:16,0.93
N1,,2024/04/09 17:36:17,0.93
N1,,2024/04/09 17:36:18,0.93
N1,,2024/04/09 17:36:19,0.92
N1,,2024/04/09 17:36:20,0.93
N1,,2024/04/09 17:36:21,0.93
N1,,2024/04/09 17:36:22,0.93
N1,,2024/04/09 17:36:23,0.94
N1,,2024/04/09 17:36:24,0.92
N1,,2024/04/09 17:36:25,0.90
N1,,2024/04/09 17:36:26,0.94
N1,,2024/04/09 17:36:27,0.91
N1,,2024/04/09 17:36:28,0.95
N1,,2024/04/09 17:36:29,0.89
N1,,2024/04/09 17:36:29,0.94
N1,,2024/04/09 17:36:30,0.92
N1,,2024/04/09 17:36:31,0.92
N1,,2024/04/09 17:36:32,0.93
N1,,2024/04/09 17:36:33,0.94
N1,,2024/04/09 17:36:34,0.95
N1,,2024/04/09 17:36:35,0.94
N1,,2024/04/09 17:36:36,0.94
N1,,2024/04/09 17:36:37,0.94
N1,,2024/04/09 17:36:38,0.94
N1,,2024/04/09 17:36:39,0.94
N1,,2024/04/09 17:36:40,0.92
N1,,2024/04/09 17:36:41,0.92
N1,,2024/04/09 17:36:42,0.93
N1,,2024/04/09 17:36:43,0.92
N1,,2024/04/09 17:36:44,0.94
N1,,2024/04/09 17:36:45,0.90
N1,,2024/04/09 17:36:46,0.91
N1,,2024/04/09 17:36:47,0.92
N1,,2024/04/09 17:36:48,0.91
N1,,2024/04/09 17:36:49,0.88
N1,,2024/04/09 17:36:50,0.51
N1,,2024/04/09 17:39:14,0.77
N1,,2024/04/09 17:39:15,0.88
N1,,2024/04/09 17:39:16,0.91
N1,,2024/04/09 17:39:17,0.92
N1,,2024/04/09 17:39:18,0.91
N1,,2024/04/09 17:39:19,0.92
N1,,2024/04/09 17:39:20,0.91
N1,,2024/04/09 17:39:21,0.87
N1,,2024/04/09 17:42:58,0.45
N1,,2024/04/09 17:42:58,0.91
N1,,2024/04/09 17:42:59,0.47
N1,,2024/04/09 17:43:49,0.91
N1,,2024/04/09 17:43:50,0.89
N1,,2024/04/09 17:43:51,0.93
N1,,2024/04/09 17:43:52,0.93
N1,,2024/04/09 17:43:53,0.92
N1,,2024/04/09 17:43:54,0.94
N1,,2024/04/09 17:43:55,0.91
N1,,2024/04/09 17:43:56,0.92
N1,,2024/04/09 17:43:57,0.93
N1,,2024/04/09 17:43:58,0.92
N1,,2024/04/09 17:43:58,0.93
N1,,2024/04/09 17:43:59,0.92
N1,,2024/04/09 17:44:00,0.93
N1,,2024/04/09 17:44:01,0.93
N1,,2024/04/09 17:44:02,0.94
N1,,2024/04/09 17:44:03,0.94
N1,,2024/04/09 17:44:04,0.91
N1,,2024/04/09 17:44:05,0.92
N1,,2024/04/09 17:44:06,0.93
N1,,2024/04/09 17:44:07,0.93
N1,,2024/04/09 17:44:08,0.93
N1,,2024/04/09 17:44:09,0.93
N1,,2024/04/09 17:44:10,0.93
N1,,2024/04/09 17:44:11,0.93
N1,,2024/04/09 17:44:12,0.88
N1,,2024/04/09 17:44:13,0.92
N1,,2024/04/09 17:44:14,0.93
N1,,2024/04/09 17:44:15,0.92
N1,,2024/04/09 17:44:16,0.94
N1,,2024/04/09 17:44:17,0.93
N1,,2024/04/09 17:44:18,0.92
N1,,2024/04/09 17:44:19,0.92
N1,,2024/04/09 17:44:20,0.92
N1,,2024/04/09 17:44:21,0.91
N1,,2024/04/09 17:44:22,0.95
N1,,2024/04/09 17:44:23,0.91
N1,,2024/04/09 17:44:24,0.86
N1,,2024/04/09 17:46:14,0.87
N1,,2024/04/09 17:46:17,0.90
N1,,2024/04/09 17:46:18,0.90
N1,,2024/04/09 17:46:23,0.80
N1,,2024/04/09 17:46:24,0.69
N1,,2024/04/09 17:46:29,0.68
N1,,2024/04/09 17:46:30,0.93
N1,,2024/04/09 17:46:31,0.88
N1,,2024/04/09 17:49:02,0.43
N1,,2024/04/09 17:49:03,0.90
N1,,2024/04/09 17:49:04,0.90
N1,,2024/04/09 17:49:05,0.87
N1,,2024/04/09 17:49:06,0.89
N1,,2024/04/09 17:49:07,0.90
N1,,2024/04/09 17:49:08,0.95
N1,,2024/04/09 17:49:09,0.94
N1,,2024/04/09 17:49:10,0.91
N1,,2024/04/09 17:49:11,0.94
N1,,2024/04/09 17:49:12,0.93
N1,,2024/04/09 17:49:13,0.94
N1,,2024/04/09 17:49:13,0.92
N1,,2024/04/09 17:49:14,0.94
N1,,2024/04/09 17:49:15,0.94
N1,,2024/04/09 17:49:16,0.83
N1,,2024/04/09 17:49:17,0.94
N1,,2024/04/09 17:49:18,0.94
N1,,2024/04/09 17:49:19,0.88
N1,,2024/04/09 17:49:20,0.89
N1,,2024/04/09 17:49:21,0.91
N1,,2024/04/09 17:49:22,0.94
N1,,2024/04/09 17:49:23,0.78
N1,,2024/04/09 17:49:24,0.93
N1,,2024/04/09 17:49:25,0.90
N1,,2024/04/09 17:49:26,0.92
N1,,2024/04/09 17:49:27,0.93
N1,,2024/04/09 17:49:28,0.93
N1,,2024/04/09 17:49:29,0.90
N1,,2024/04/09 17:49:30,0.91
N1,,2024/04/09 17:49:31,0.90
N1,,2024/04/09 17:49:32,0.93
N1,,2024/04/09 17:49:33,0.89
N1,,2024/04/09 17:49:34,0.92
N1,,2024/04/09 17:49:35,0.92
N1,,2024/04/09 17:49:36,0.92
N1,,2024/04/09 17:49:37,0.91
N1,,2024/04/09 17:49:38,0.92
N1,,2024/04/09 17:49:39,0.91
N1,,2024/04/09 17:49:40,0.89
N1,,2024/04/09 17:49:41,0.92
N1,,2024/04/09 17:49:42,0.90
N1,,2024/04/09 17:49:43,0.92
N1,,2024/04/09 17:49:44,0.92
N1,,2024/04/09 17:49:45,0.92
N1,,2024/04/09 17:49:45,0.92
N1,,2024/04/09 17:49:46,0.93
N1,,2024/04/09 17:49:47,0.89
N1,,2024/04/09 17:49:48,0.90
N1,,2024/04/09 17:49:49,0.92
N1,,2024/04/09 17:49:50,0.92
N1,,2024/04/09 17:49:51,0.94
N1,,2024/04/09 17:49:52,0.94
N1,,2024/04/09 17:49:53,0.93
N1,,2024/04/09 17:49:54,0.94
N1,,2024/04/09 17:49:55,0.93
N1,,2024/04/09 17:49:56,0.94
N1,,2024/04/09 17:49:57,0.93
N1,,2024/04/09 17:49:58,0.95
N1,,2024/04/09 17:49:59,0.93
N1,,2024/04/09 17:50:00,0.93
N1,,2024/04/09 17:50:00,0.92
N1,,2024/04/09 17:50:00,0.94
N1,,2024/04/09 17:50:01,0.94
N1,,2024/04/09 17:50:02,0.95
N1,,2024/04/09 17:50:03,0.95
N1,,2024/04/09 17:50:04,0.95
N1,,2024/04/09 17:50:05,0.94
N1,,2024/04/09 17:50:06,0.94
N1,,2024/04/09 17:50:07,0.95
N1,,2024/04/09 17:50:08,0.95
N1,,2024/04/09 17:50:09,0.94
N1,,2024/04/09 17:50:10,0.94
N1,,2024/04/09 17:50:11,0.94
N1,,2024/04/09 17:50:12,0.94
N1,,2024/04/09 17:50:13,0.94
N1,,2024/04/09 17:50:14,0.92
N1,,2024/04/09 17:50:15,0.87
N1,,2024/04/09 17:52:15,0.91
N1,,2024/04/09 17:52:16,0.77
N1,,2024/04/09 17:53:13,0.43
N1,,2024/04/09 17:53:14,0.90
N1,,2024/04/09 17:53:15,0.91
N1,,2024/04/09 17:53:16,0.92
N1,,2024/04/09 17:53:17,0.92
N1,,2024/04/09 17:53:18,0.93
N1,,2024/04/09 17:53:19,0.92
N1,,2024/04/09 17:53:20,0.91
N1,,2024/04/09 17:54:49,0.83
N1,,2024/04/09 17:54:50,0.89
N1,,2024/04/09 17:54:54,0.74
N1,,2024/04/09 17:54:55,0.92
N1,,2024/04/09 17:56:00,0.88
N1,,2024/04/09 17:56:01,0.91
N1,,2024/04/09 17:56:02,0.91
N1,,2024/04/09 17:56:03,0.93
N1,,2024/04/09 17:56:04,0.93
N1,,2024/04/09 17:56:05,0.92
N1,,2024/04/09 17:56:06,0.92
N1,,2024/04/09 17:56:07,0.93
N1,,2024/04/09 17:56:08,0.93
N1,,2024/04/09 17:56:09,0.94
N1,,2024/04/09 17:56:10,0.90
N1,,2024/04/09 17:56:11,0.92
N1,,2024/04/09 17:56:12,0.93
N1,,2024/04/09 17:56:13,0.93
N1,,2024/04/09 17:56:14,0.93
N1,,2024/04/09 17:56:15,0.72
N1,,2024/04/09 17:56:16,0.92
N1,,2024/04/09 17:56:17,0.91
N1,,2024/04/09 17:56:18,0.61
N1,,2024/04/09 17:56:19,0.38
N1,,2024/04/09 17:57:46,0.85
N1,,2024/04/09 17:57:49,0.88
N1,,2024/04/09 17:57:50,0.91
N1,,2024/04/09 17:57:55,0.88
N1,,2024/04/09 17:57:59,0.88
N1,,2024/04/09 17:58:00,0.94
N1,,2024/04/09 17:58:01,0.91
N1,,2024/04/09 18:01:10,0.81
N1,,2024/04/09 18:01:11,0.87
N1,,2024/04/09 18:01:12,0.90
N1,,2024/04/09 18:01:13,0.92
N1,,2024/04/09 18:01:14,0.92
N1,,2024/04/09 18:01:15,0.92
N1,,2024/04/09 18:01:16,0.90
N1,,2024/04/09 18:01:17,0.93
N1,,2024/04/09 18:01:18,0.91
N1,,2024/04/09 18:01:19,0.90
N1,,2024/04/09 18:01:20,0.93
N1,,2024/04/09 18:01:21,0.93
N1,,2024/04/09 18:01:22,0.93
N1,,2024/04/09 18:01:23,0.95
N1,,2024/04/09 18:01:24,0.91
N1,,2024/04/09 18:01:25,0.92
N1,,2024/04/09 18:01:26,0.92
N1,,2024/04/09 18:01:27,0.92
N1,,2024/04/09 18:01:28,0.92
N1,,2024/04/09 18:01:29,0.94
N1,,2024/04/09 18:01:30,0.93
N1,,2024/04/09 18:01:31,0.92
N1,,2024/04/09 18:01:32,0.90
N1,,2024/04/09 18:01:33,0.92
N1,,2024/04/09 18:01:34,0.94
N1,,2024/04/09 18:01:35,0.93
N1,,2024/04/09 18:01:36,0.94
N1,,2024/04/09 18:01:37,0.94
N1,,2024/04/09 18:01:38,0.94
N1,,2024/04/09 18:01:38,0.95
N1,,2024/04/09 18:01:39,0.94
N1,,2024/04/09 18:01:40,0.93
N1,,2024/04/09 18:01:41,0.93
N1,,2024/04/09 18:01:42,0.92
N1,,2024/04/09 18:01:43,0.94
N1,,2024/04/09 18:01:44,0.94
N1,,2024/04/09 18:01:45,0.93
N1,,2024/04/09 18:01:46,0.91
N1,,2024/04/09 18:01:47,0.93
N1,,2024/04/09 18:01:48,0.93
N1,,2024/04/09 18:01:49,0.89
N1,,2024/04/09 18:01:50,0.94
N1,,2024/04/09 18:01:51,0.94
N1,,2024/04/09 18:01:52,0.91
N1,,2024/04/09 18:01:53,0.93
N1,,2024/04/09 18:01:54,0.92
N1,,2024/04/09 18:01:55,0.91
N1,,2024/04/09 18:01:56,0.93
N1,,2024/04/09 18:01:57,0.91
N1,,2024/04/09 18:01:58,0.93
N1,,2024/04/09 18:01:59,0.91
N1,,2024/04/09 18:02:00,0.92
N1,,2024/04/09 18:02:01,0.92
N1,,2024/04/09 18:02:02,0.93
N1,,2024/04/09 18:02:03,0.94
N1,,2024/04/09 18:02:04,0.95
N1,,2024/04/09 18:02:05,0.93
N1,,2024/04/09 18:02:06,0.94
N1,,2024/04/09 18:02:07,0.93
N1,,2024/04/09 18:02:08,0.93
N1,,2024/04/09 18:02:09,0.95
N1,,2024/04/09 18:02:10,0.95
N1,,2024/04/09 18:02:57,0.90
N1,,2024/04/09 18:02:58,0.90
N1,,2024/04/09 18:03:14,0.92
N1,,2024/04/09 18:04:39,0.45
N1,,2024/04/09 18:04:42,0.86
N1,,2024/04/09 18:04:43,0.86
N1,,2024/04/09 18:04:49,0.88
N1,,2024/04/09 18:04:54,0.89
N1,,2024/04/09 18:04:54,0.87
N1,,2024/04/09 18:04:55,0.45
N1,,2024/04/09 18:06:59,0.91
N1,,2024/04/09 18:07:00,0.90
N1,,2024/04/09 18:07:01,0.91
N1,,2024/04/09 18:07:02,0.94
N1,,2024/04/09 18:07:03,0.92
N1,,2024/04/09 18:07:04,0.93
N1,,2024/04/09 18:07:05,0.93
N1,,2024/04/09 18:07:06,0.92
N1,,2024/04/09 18:07:07,0.91
N1,,2024/04/09 18:07:08,0.92
N1,,2024/04/09 18:07:09,0.93
N1,,2024/04/09 18:07:10,0.92
N1,,2024/04/09 18:07:10,0.91
N1,,2024/04/09 18:07:11,0.92
N1,,2024/04/09 18:07:12,0.92
N1,,2024/04/09 18:07:13,0.92
N1,,2024/04/09 18:07:14,0.91
N1,,2024/04/09 18:07:15,0.93
N1,,2024/04/09 18:07:16,0.89
N1,,2024/04/09 18:07:17,0.58
N1,,2024/04/09 18:07:18,0.93
N1,,2024/04/09 18:07:19,0.92
N1,,2024/04/09 18:07:20,0.93
N1,,2024/04/09 18:07:21,0.92
N1,,2024/04/09 18:07:22,0.93
N1,,2024/04/09 18:07:23,0.94
N1,,2024/04/09 18:07:24,0.82
N1,,2024/04/09 18:07:25,0.92
N1,,2024/04/09 18:07:26,0.92
N1,,2024/04/09 18:07:27,0.93
N1,,2024/04/09 18:07:28,0.93
N1,,2024/04/09 18:07:29,0.92
N1,,2024/04/09 18:07:30,0.94
N1,,2024/04/09 18:07:31,0.92
N1,,2024/04/09 18:07:32,0.94
N1,,2024/04/09 18:07:33,0.95
N1,,2024/04/09 18:07:34,0.94
N1,,2024/04/09 18:07:35,0.95
N1,,2024/04/09 18:07:36,0.95
N1,,2024/04/09 18:07:37,0.94
N1,,2024/04/09 18:07:38,0.94
N1,,2024/04/09 18:07:39,0.92
N1,,2024/04/09 18:07:40,0.92
N1,,2024/04/09 18:07:41,0.94
N1,,2024/04/09 18:07:42,0.94
N1,,2024/04/09 18:07:43,0.93
N1,,2024/04/09 18:07:43,0.93
N1,,2024/04/09 18:07:44,0.93
N1,,2024/04/09 18:07:45,0.92
N1,,2024/04/09 18:07:46,0.94
N1,,2024/04/09 18:07:47,0.94
N1,,2024/04/09 18:07:48,0.92
N1,,2024/04/09 18:07:49,0.91
N1,,2024/04/09 18:07:50,0.92
N1,,2024/04/09 18:07:51,0.91
N1,,2024/04/09 18:07:52,0.94
N1,,2024/04/09 18:07:53,0.86
N1,,2024/04/09 18:07:54,0.93
N1,,2024/04/09 18:07:55,0.91
N1,,2024/04/09 18:07:56,0.93
N1,,2024/04/09 18:07:57,0.92
N1,,2024/04/09 18:07:58,0.92
N1,,2024/04/09 18:07:59,0.92
N1,,2024/04/09 18:08:00,0.91
N1,,2024/04/09 18:08:01,0.92
N1,,2024/04/09 18:10:13,0.84
N1,,2024/04/09 18:10:14,0.91
N1,,2024/04/09 18:10:15,0.92
N1,,2024/04/09 18:10:16,0.87
N1,,2024/04/09 18:10:17,0.88
N1,,2024/04/09 18:10:18,0.83
N1,,2024/04/09 18:10:19,0.59
N1,,2024/04/09 18:10:20,0.82
N1,,2024/04/09 18:10:21,0.78
N1,,2024/04/09 18:10:22,0.82
N1,,2024/04/09 18:10:23,0.88
N1,,2024/04/09 18:10:24,0.90
N1,,2024/04/09 18:10:25,0.92
N1,,2024/04/09 18:10:26,0.92
N1,,2024/04/09 18:10:27,0.90
N1,,2024/04/09 18:10:28,0.83
N1,,2024/04/09 18:10:29,0.89
N1,,2024/04/09 18:10:30,0.90
N1,,2024/04/09 18:10:31,0.91
N1,,2024/04/09 18:10:31,0.88
N1,,2024/04/09 18:10:32,0.91
N1,,2024/04/09 18:10:33,0.91
N1,,2024/04/09 18:10:34,0.92
N1,,2024/04/09 18:10:35,0.92
N1,,2024/04/09 18:10:36,0.92
N1,,2024/04/09 18:10:37,0.85
N1,,2024/04/09 18:10:40,0.89
N1,,2024/04/09 18:10:41,0.86
N1,,2024/04/09 18:10:46,0.83
N1,,2024/04/09 18:10:51,0.93
N1,,2024/04/09 18:10:52,0.92
N1,,2024/04/09 18:10:53,0.78
N1,,2024/04/09 18:12:41,0.80
N1,,2024/04/09 18:12:42,0.88
N1,,2024/04/09 18:12:43,0.84
N1,,2024/04/09 18:12:44,0.90
N1,,2024/04/09 18:12:45,0.96
N1,,2024/04/09 18:12:46,0.92
N1,,2024/04/09 18:12:47,0.92
N1,,2024/04/09 18:12:48,0.92
N1,,2024/04/09 18:12:49,0.90
N1,,2024/04/09 18:12:50,0.89
N1,,2024/04/09 18:12:51,0.86
N1,,2024/04/09 18:12:52,0.93
N1,,2024/04/09 18:12:53,0.89
N1,,2024/04/09 18:12:54,0.92
N1,,2024/04/09 18:12:55,0.93
N1,,2024/04/09 18:12:56,0.91
N1,,2024/04/09 18:12:57,0.92
N1,,2024/04/09 18:12:58,0.93
N1,,2024/04/09 18:12:59,0.93
N1,,2024/04/09 18:13:00,0.93
N1,,2024/04/09 18:13:01,0.93
N1,,2024/04/09 18:13:02,0.92
N1,,2024/04/09 18:13:03,0.91
N1,,2024/04/09 18:13:04,0.92
N1,,2024/04/09 18:13:05,0.93
N1,,2024/04/09 18:13:06,0.92
N1,,2024/04/09 18:13:06,0.89
N1,,2024/04/09 18:13:07,0.91
N1,,2024/04/09 18:13:08,0.92
N1,,2024/04/09 18:13:09,0.93
N1,,2024/04/09 18:13:10,0.93
N1,,2024/04/09 18:13:11,0.91
N1,,2024/04/09 18:13:12,0.92
N1,,2024/04/09 18:13:13,0.93
N1,,2024/04/09 18:13:14,0.93
N1,,2024/04/09 18:13:15,0.94
N1,,2024/04/09 18:13:16,0.94
N1,,2024/04/09 18:13:17,0.93
N1,,2024/04/09 18:13:18,0.94
N1,,2024/04/09 18:13:19,0.94
N1,,2024/04/09 18:13:20,0.94
N1,,2024/04/09 18:13:21,0.94
N1,,2024/04/09 18:13:22,0.93
N1,,2024/04/09 18:13:23,0.93
N1,,2024/04/09 18:13:24,0.93
N1,,2024/04/09 18:13:25,0.95
N1,,2024/04/09 18:13:26,0.93
N1,,2024/04/09 18:13:27,0.94
N1,,2024/04/09 18:13:28,0.95
N1,,2024/04/09 18:13:29,0.93
N1,,2024/04/09 18:13:30,0.93
N1,,2024/04/09 18:13:31,0.93
N1,,2024/04/09 18:13:32,0.93
N1,,2024/04/09 18:13:33,0.91
N1,,2024/04/09 18:13:34,0.94
N1,,2024/04/09 18:13:35,0.94
N1,,2024/04/09 18:13:36,0.92
N1,,2024/04/09 18:13:37,0.93
N1,,2024/04/09 18:13:37,0.94
N1,,2024/04/09 18:13:38,0.93
N1,,2024/04/09 18:13:39,0.92
N1,,2024/04/09 18:13:40,0.93
N1,,2024/04/09 18:13:41,0.93
N1,,2024/04/09 18:13:42,0.94
N1,,2024/04/09 18:13:43,0.93
N1,,2024/04/09 18:13:44,0.90
N1,,2024/04/09 18:13:45,0.92
N1,,2024/04/09 18:13:46,0.91
N1,,2024/04/09 18:13:47,0.93
N1,,2024/04/09 18:13:48,0.93
N1,,2024/04/09 18:13:49,0.92
N1,,2024/04/09 18:13:50,0.94
N1,,2024/04/09 18:13:51,0.93
N1,,2024/04/09 18:13:52,0.91
N1,,2024/04/09 18:13:53,0.94
N1,,2024/04/09 18:13:54,0.90
N1,,2024/04/09 18:16:18,0.91
N1,,2024/04/09 18:16:19,0.90
N1,,2024/04/09 18:16:20,0.93
N1,,2024/04/09 18:16:21,0.90
N1,,2024/04/09 18:16:22,0.91
N1,,2024/04/09 18:16:23,0.90
N1,,2024/04/09 18:16:24,0.92
N1,,2024/04/09 18:16:25,0.92
N1,,2024/04/09 18:16:26,0.91
N1,,2024/04/09 18:16:27,0.93
N1,,2024/04/09 18:16:28,0.92
N1,,2024/04/09 18:16:29,0.93
N1,,2024/04/09 18:16:30,0.93
N1,,2024/04/09 18:16:31,0.93
N1,,2024/04/09 18:16:32,0.93
N1,,2024/04/09 18:16:33,0.92
N1,,2024/04/09 18:16:34,0.92
N1,,2024/04/09 18:16:35,0.93
N1,,2024/04/09 18:16:36,0.92
N1,,2024/04/09 18:16:36,0.91
N1,,2024/04/09 18:16:37,0.92
N1,,2024/04/09 18:16:38,0.46
N1,,2024/04/09 18:16:40,0.79
N1,,2024/04/09 18:16:41,0.89
N1,,2024/04/09 18:16:42,0.88
N1,,2024/04/09 18:16:48,0.86
N1,,2024/04/09 18:16:54,0.93
N1,,2024/04/09 18:18:47,0.93
N1,,2024/04/09 18:18:48,0.91
N1,,2024/04/09 18:18:49,0.92
N1,,2024/04/09 18:18:50,0.81
N1,,2024/04/09 18:18:51,0.93
N1,,2024/04/09 18:18:52,0.85
N1,,2024/04/09 18:18:53,0.93
N1,,2024/04/09 18:18:54,0.93
N1,,2024/04/09 18:18:55,0.92
N1,,2024/04/09 18:18:56,0.92
N1,,2024/04/09 18:18:57,0.91
N1,,2024/04/09 18:18:58,0.92
N1,,2024/04/09 18:18:59,0.93
N1,,2024/04/09 18:19:00,0.92
N1,,2024/04/09 18:19:01,0.92
N1,,2024/04/09 18:19:02,0.91
N1,,2024/04/09 18:19:03,0.91
N1,,2024/04/09 18:19:04,0.93
N1,,2024/04/09 18:19:05,0.94
N1,,2024/04/09 18:19:06,0.92
N1,,2024/04/09 18:19:07,0.93
N1,,2024/04/09 18:19:08,0.94
N1,,2024/04/09 18:19:09,0.94
N1,,2024/04/09 18:19:10,0.92
N1,,2024/04/09 18:19:11,0.93
N1,,2024/04/09 18:19:12,0.93
N1,,2024/04/09 18:19:13,0.92
N1,,2024/04/09 18:19:14,0.93
N1,,2024/04/09 18:19:15,0.94
N1,,2024/04/09 18:19:16,0.90
N1,,2024/04/09 18:19:17,0.90
N1,,2024/04/09 18:19:17,0.94
N1,,2024/04/09 18:19:18,0.94
N1,,2024/04/09 18:19:19,0.95
N1,,2024/04/09 18:19:20,0.93
N1,,2024/04/09 18:19:21,0.93
N1,,2024/04/09 18:19:22,0.93
N1,,2024/04/09 18:19:23,0.93
N1,,2024/04/09 18:19:24,0.93
N1,,2024/04/09 18:19:25,0.93
N1,,2024/04/09 18:19:26,0.92
N1,,2024/04/09 18:19:27,0.93
N1,,2024/04/09 18:19:28,0.92
N1,,2024/04/09 18:19:29,0.92
N1,,2024/04/09 18:19:30,0.93
N1,,2024/04/09 18:19:31,0.91
N1,,2024/04/09 18:19:32,0.93
N1,,2024/04/09 18:19:33,0.95
N1,,2024/04/09 18:19:34,0.93
N1,,2024/04/09 18:19:35,0.94
N1,,2024/04/09 18:19:36,0.94
N1,,2024/04/09 18:19:37,0.93
N1,,2024/04/09 18:19:38,0.95
N1,,2024/04/09 18:19:39,0.91
N1,,2024/04/09 18:22:00,0.81
N1,,2024/04/09 18:22:01,0.91
N1,,2024/04/09 18:22:02,0.92
N1,,2024/04/09 18:22:03,0.92
N1,,2024/04/09 18:22:03,0.91
N1,,2024/04/09 18:22:04,0.92
N1,,2024/04/09 18:22:05,0.92
N1,,2024/04/09 18:22:06,0.91
N1,,2024/04/09 18:22:07,0.92
N1,,2024/04/09 18:22:08,0.92
N1,,2024/04/09 18:22:09,0.93
N1,,2024/04/09 18:22:10,0.92
N1,,2024/04/09 18:22:11,0.93
N1,,2024/04/09 18:22:12,0.92
N1,,2024/04/09 18:22:13,0.92
N1,,2024/04/09 18:22:14,0.94
N1,,2024/04/09 18:22:15,0.93
N1,,2024/04/09 18:22:16,0.93
N1,,2024/04/09 18:22:17,0.93
N1,,2024/04/09 18:22:18,0.92
N1,,2024/04/09 18:22:19,0.93
N1,,2024/04/09 18:22:20,0.92
N1,,2024/04/09 18:22:21,0.90
N1,,2024/04/09 18:22:22,0.95
N1,,2024/04/09 18:22:23,0.93
N1,,2024/04/09 18:22:24,0.91
N1,,2024/04/09 18:22:25,0.89
N1,,2024/04/09 18:22:26,0.92
N1,,2024/04/09 18:22:27,0.89
N1,,2024/04/09 18:22:28,0.92
N1,,2024/04/09 18:22:29,0.91
N1,,2024/04/09 18:22:30,0.88
N1,,2024/04/09 18:22:31,0.92
N1,,2024/04/09 18:22:32,0.91
N1,,2024/04/09 18:22:33,0.92
N1,,2024/04/09 18:22:34,0.65
N1,,2024/04/09 18:22:34,0.69
N1,,2024/04/09 18:22:34,0.39
N1,,2024/04/09 18:22:35,0.93
N1,,2024/04/09 18:22:38,0.47
N1,,2024/04/09 18:22:39,0.89
N1,,2024/04/09 18:22:40,0.89
N1,,2024/04/09 18:22:46,0.88
N1,,2024/04/09 18:22:52,0.89
N1,,2024/04/09 18:22:53,0.91
N1,,2024/04/09 18:22:54,0.43
N1,,2024/04/09 18:24:27,0.91
N1,,2024/04/09 18:24:28,0.93
N1,,2024/04/09 18:24:29,0.94
N1,,2024/04/09 18:24:30,0.92
N1,,2024/04/09 18:24:31,0.92
N1,,2024/04/09 18:24:32,0.89
N1,,2024/04/09 18:24:33,0.93
N1,,2024/04/09 18:24:34,0.91
N1,,2024/04/09 18:24:35,0.94
N1,,2024/04/09 18:24:36,0.93
N1,,2024/04/09 18:24:37,0.91
N1,,2024/04/09 18:24:38,0.92
N1,,2024/04/09 18:24:38,0.93
N1,,2024/04/09 18:24:39,0.92
N1,,2024/04/09 18:24:40,0.91
N1,,2024/04/09 18:24:41,0.91
N1,,2024/04/09 18:24:42,0.90
N1,,2024/04/09 18:24:43,0.92
N1,,2024/04/09 18:24:44,0.93
N1,,2024/04/09 18:24:45,0.91
N1,,2024/04/09 18:24:46,0.83
N1,,2024/04/09 18:24:47,0.82
N1,,2024/04/09 18:24:48,0.89
N1,,2024/04/09 18:24:49,0.93
N1,,2024/04/09 18:24:50,0.93
N1,,2024/04/09 18:24:51,0.94
N1,,2024/04/09 18:24:52,0.95
N1,,2024/04/09 18:24:53,0.95
N1,,2024/04/09 18:24:54,0.93
N1,,2024/04/09 18:24:55,0.93
N1,,2024/04/09 18:24:56,0.93
N1,,2024/04/09 18:24:57,0.94
N1,,2024/04/09 18:24:58,0.93
N1,,2024/04/09 18:24:59,0.94
N1,,2024/04/09 18:25:00,0.94
N1,,2024/04/09 18:25:00,0.92
N1,,2024/04/09 18:25:01,0.94
N1,,2024/04/09 18:25:02,0.95
N1,,2024/04/09 18:25:03,0.93
N1,,2024/04/09 18:25:04,0.94
N1,,2024/04/09 18:25:05,0.94
N1,,2024/04/09 18:25:06,0.92
N1,,2024/04/09 18:25:07,0.91
N1,,2024/04/09 18:25:08,0.92
N1,,2024/04/09 18:25:09,0.89
N1,,2024/04/09 18:25:10,0.93
N1,,2024/04/09 18:25:11,0.93
N1,,2024/04/09 18:25:12,0.93
N1,,2024/04/09 18:25:13,0.90
N1,,2024/04/09 18:25:14,0.93
N1,,2024/04/09 18:25:15,0.91
N1,,2024/04/09 18:25:16,0.94
N1,,2024/04/09 18:25:17,0.95
N1,,2024/04/09 18:25:18,0.92
N1,,2024/04/09 18:25:19,0.93
N1,,2024/04/09 18:25:20,0.93
N1,,2024/04/09 18:25:21,0.93
N1,,2024/04/09 18:25:22,0.95
N1,,2024/04/09 18:25:23,0.82
N1,,2024/04/09 18:27:39,0.90
N1,,2024/04/09 18:27:39,0.92
N1,,2024/04/09 18:27:40,0.93
N1,,2024/04/09 18:27:41,0.92
N1,,2024/04/09 18:27:42,0.88
N1,,2024/04/09 18:27:43,0.88
N1,,2024/04/09 18:27:44,0.90
N1,,2024/04/09 18:27:45,0.90
N1,,2024/04/09 18:27:46,0.91
N1,,2024/04/09 18:27:47,0.90
N1,,2024/04/09 18:27:48,0.90
N1,,2024/04/09 18:27:49,0.89
N1,,2024/04/09 18:27:50,0.91
N1,,2024/04/09 18:27:51,0.90
N1,,2024/04/09 18:27:52,0.91
N1,,2024/04/09 18:27:53,0.91
N1,,2024/04/09 18:27:54,0.91
N1,,2024/04/09 18:27:55,0.91
N1,,2024/04/09 18:27:56,0.92
N1,,2024/04/09 18:27:57,0.91
N1,,2024/04/09 18:27:58,0.91
N1,,2024/04/09 18:27:59,0.87
N1,,2024/04/09 18:28:00,0.89
N1,,2024/04/09 18:28:01,0.90
N1,,2024/04/09 18:28:02,0.90
N1,,2024/04/09 18:28:03,0.90
N1,,2024/04/09 18:28:04,0.89
N1,,2024/04/09 18:28:05,0.91
N1,,2024/04/09 18:28:06,0.90
N1,,2024/04/09 18:28:07,0.92
N1,,2024/04/09 18:28:08,0.92
N1,,2024/04/09 18:28:09,0.90
N1,,2024/04/09 18:28:10,0.91
N1,,2024/04/09 18:28:11,0.93
N1,,2024/04/09 18:28:11,0.88
N1,,2024/04/09 18:28:12,0.84
N1,,2024/04/09 18:28:13,0.90
N1,,2024/04/09 18:28:14,0.90
N1,,2024/04/09 18:28:15,0.91
N1,,2024/04/09 18:28:16,0.92
N1,,2024/04/09 18:28:17,0.92
N1,,2024/04/09 18:28:18,0.92
N1,,2024/04/09 18:28:19,0.92
N1,,2024/04/09 18:28:20,0.92
N1,,2024/04/09 18:28:21,0.93
N1,,2024/04/09 18:28:22,0.93
N1,,2024/04/09 18:28:23,0.92
N1,,2024/04/09 18:28:24,0.91
N1,,2024/04/09 18:28:25,0.92
N1,,2024/04/09 18:28:26,0.91
N1,,2024/04/09 18:28:27,0.92
N1,,2024/04/09 18:28:28,0.92
N1,,2024/04/09 18:28:29,0.92
N1,,2024/04/09 18:28:30,0.48
N1,,2024/04/09 18:28:30,0.40
N1,,2024/04/09 18:28:31,0.88
N1,,2024/04/09 18:28:32,0.91
N1,,2024/04/09 18:28:33,0.92
N1,,2024/04/09 18:28:34,0.90
N1,,2024/04/09 18:28:35,0.92
N1,,2024/04/09 18:28:36,0.92
N1,,2024/04/09 18:28:39,0.82
N1,,2024/04/09 18:28:40,0.88
N1,,2024/04/09 18:28:45,0.90
N1,,2024/04/09 18:28:50,0.91
N1,,2024/04/09 18:28:51,0.91
N1,,2024/04/09 18:28:52,0.72
N1,,2024/04/09 18:30:15,0.90
N1,,2024/04/09 18:30:16,0.93
N1,,2024/04/09 18:30:17,0.93
N1,,2024/04/09 18:30:18,0.91
N1,,2024/04/09 18:30:18,0.52
N1,,2024/04/09 18:30:18,0.39
N1,,2024/04/09 18:30:19,0.91
N1,,2024/04/09 18:30:19,0.82
N1,,2024/04/09 18:30:20,0.89
N1,,2024/04/09 18:30:20,0.83
N1,,2024/04/09 18:30:21,0.93
N1,,2024/04/09 18:30:21,0.86
N1,,2024/04/09 18:30:22,0.91
N1,,2024/04/09 18:30:22,0.76
N1,,2024/04/09 18:30:23,0.91
N1,,2024/04/09 18:30:23,0.84
N1,,2024/04/09 18:30:24,0.85
N1,,2024/04/09 18:30:24,0.82
N1,,2024/04/09 18:30:24,0.81
N1,,2024/04/09 18:30:25,0.91
N1,,2024/04/09 18:30:25,0.88
N1,,2024/04/09 18:30:26,0.91
N1,,2024/04/09 18:30:26,0.89
N1,,2024/04/09 18:30:27,0.89
N1,,2024/04/09 18:30:27,0.57
N1,,2024/04/09 18:30:27,0.51
N1,,2024/04/09 18:30:28,0.93
N1,,2024/04/09 18:30:28,0.88
N1,,2024/04/09 18:30:29,0.93
N1,,2024/04/09 18:30:29,0.89
N1,,2024/04/09 18:30:30,0.92
N1,,2024/04/09 18:30:30,0.88
N1,,2024/04/09 18:30:31,0.92
N1,,2024/04/09 18:30:31,0.69
N1,,2024/04/09 18:30:31,0.92
N1,,2024/04/09 18:30:31,0.51
N1,,2024/04/09 18:30:32,0.93
N1,,2024/04/09 18:30:32,0.62
N1,,2024/04/09 18:30:33,0.94
N1,,2024/04/09 18:30:33,0.87
N1,,2024/04/09 18:30:34,0.92
N1,,2024/04/09 18:30:34,0.72
N1,,2024/04/09 18:30:35,0.93
N1,,2024/04/09 18:30:35,0.72
N1,,2024/04/09 18:30:36,0.61
N1,,2024/04/09 18:30:36,0.58
N1,,2024/04/09 18:30:37,0.93
N1,,2024/04/09 18:30:37,0.64
N1,,2024/04/09 18:30:37,0.38
N1,,2024/04/09 18:30:38,0.92
N1,,2024/04/09 18:30:38,0.80
N1,,2024/04/09 18:30:39,0.94
N1,,2024/04/09 18:30:39,0.66
N1,,2024/04/09 18:30:40,0.93
N1,,2024/04/09 18:30:40,0.55
N1,,2024/04/09 18:30:41,0.91
N1,,2024/04/09 18:30:41,0.62
N1,,2024/04/09 18:30:42,0.92
N1,,2024/04/09 18:30:42,0.55
N1,,2024/04/09 18:30:43,0.93
N1,,2024/04/09 18:30:43,0.43
N1,,2024/04/09 18:30:44,0.92
N1,,2024/04/09 18:30:44,0.82
N1,,2024/04/09 18:30:45,0.94
N1,,2024/04/09 18:30:45,0.79
N1,,2024/04/09 18:30:46,0.92
N1,,2024/04/09 18:30:46,0.49
N1,,2024/04/09 18:30:47,0.91
N1,,2024/04/09 18:30:47,0.64
N1,,2024/04/09 18:30:48,0.88
N1,,2024/04/09 18:30:48,0.66
N1,,2024/04/09 18:30:49,0.94
N1,,2024/04/09 18:30:49,0.69
N1,,2024/04/09 18:30:50,0.94
N1,,2024/04/09 18:30:50,0.79
N1,,2024/04/09 18:30:51,0.92
N1,,2024/04/09 18:30:51,0.75
N1,,2024/04/09 18:30:52,0.92
N1,,2024/04/09 18:30:52,0.85
N1,,2024/04/09 18:30:53,0.94
N1,,2024/04/09 18:30:53,0.65
N1,,2024/04/09 18:30:54,0.93
N1,,2024/04/09 18:30:54,0.44
N1,,2024/04/09 18:30:55,0.93
N1,,2024/04/09 18:30:55,0.54
N1,,2024/04/09 18:30:56,0.92
N1,,2024/04/09 18:30:56,0.50
N1,,2024/04/09 18:30:57,0.90
N1,,2024/04/09 18:30:57,0.81
N1,,2024/04/09 18:30:58,0.93
N1,,2024/04/09 18:30:58,0.83
N1,,2024/04/09 18:30:59,0.91
N1,,2024/04/09 18:30:59,0.83
N1,,2024/04/09 18:31:00,0.92
N1,,2024/04/09 18:31:00,0.50
N1,,2024/04/09 18:31:01,0.90
N1,,2024/04/09 18:31:01,0.85
N1,,2024/04/09 18:31:02,0.94
N1,,2024/04/09 18:31:03,0.93
N1,,2024/04/09 18:31:03,0.93
N1,,2024/04/09 18:31:04,0.94
N1,,2024/04/09 18:31:05,0.94
N1,,2024/04/09 18:31:06,0.94
N1,,2024/04/09 18:31:07,0.93
N1,,2024/04/09 18:31:08,0.78
N1,,2024/04/09 18:31:09,0.88
N1,,2024/04/09 18:33:22,0.91
N1,,2024/04/09 18:33:23,0.89
N1,,2024/04/09 18:33:24,0.94
N1,,2024/04/09 18:33:25,0.91
N1,,2024/04/09 18:33:26,0.92
N1,,2024/04/09 18:33:27,0.92
N1,,2024/04/09 18:33:28,0.91
N1,,2024/04/09 18:33:29,0.91
N1,,2024/04/09 18:33:30,0.92
N1,,2024/04/09 18:33:31,0.92
N1,,2024/04/09 18:33:32,0.91
N1,,2024/04/09 18:33:33,0.92
N1,,2024/04/09 18:33:34,0.92
N1,,2024/04/09 18:33:35,0.92
N1,,2024/04/09 18:33:36,0.92
N1,,2024/04/09 18:33:37,0.92
N1,,2024/04/09 18:33:38,0.93
N1,,2024/04/09 18:33:39,0.92
N1,,2024/04/09 18:33:40,0.92
N1,,2024/04/09 18:33:41,0.91
N1,,2024/04/09 18:33:41,0.91
N1,,2024/04/09 18:33:42,0.89
N1,,2024/04/09 18:33:43,0.89
N1,,2024/04/09 18:33:44,0.92
N1,,2024/04/09 18:33:45,0.90
N1,,2024/04/09 18:33:46,0.90
N1,,2024/04/09 18:33:47,0.91
N1,,2024/04/09 18:33:48,0.90
N1,,2024/04/09 18:33:49,0.92
N1,,2024/04/09 18:33:50,0.90
N1,,2024/04/09 18:33:51,0.90
N1,,2024/04/09 18:33:52,0.89
N1,,2024/04/09 18:33:53,0.90
N1,,2024/04/09 18:33:54,0.90
N1,,2024/04/09 18:33:55,0.91
N1,,2024/04/09 18:33:56,0.90
N1,,2024/04/09 18:33:57,0.90
N1,,2024/04/09 18:33:58,0.90
N1,,2024/04/09 18:33:59,0.90
N1,,2024/04/09 18:34:00,0.92
N1,,2024/04/09 18:34:01,0.90
N1,,2024/04/09 18:34:02,0.89
N1,,2024/04/09 18:34:03,0.91
N1,,2024/04/09 18:34:04,0.90
N1,,2024/04/09 18:34:05,0.90
N1,,2024/04/09 18:34:06,0.92
N1,,2024/04/09 18:34:07,0.92
N1,,2024/04/09 18:34:08,0.91
N1,,2024/04/09 18:34:09,0.90
N1,,2024/04/09 18:34:10,0.91
N1,,2024/04/09 18:34:11,0.90
N1,,2024/04/09 18:34:12,0.91
N1,,2024/04/09 18:34:12,0.91
N1,,2024/04/09 18:34:13,0.92
N1,,2024/04/09 18:34:14,0.90
N1,,2024/04/09 18:34:15,0.90
N1,,2024/04/09 18:34:16,0.93
N1,,2024/04/09 18:34:17,0.92
N1,,2024/04/09 18:34:18,0.91
N1,,2024/04/09 18:34:19,0.93
N1,,2024/04/09 18:34:20,0.92
N1,,2024/04/09 18:34:21,0.92
N1,,2024/04/09 18:34:22,0.91
N1,,2024/04/09 18:34:23,0.92
N1,,2024/04/09 18:34:24,0.93
N1,,2024/04/09 18:34:25,0.90
N1,,2024/04/09 18:34:26,0.91
N1,,2024/04/09 18:34:27,0.92
N1,,2024/04/09 18:34:28,0.90
N1,,2024/04/09 18:34:29,0.90
N1,,2024/04/09 18:34:30,0.91
N1,,2024/04/09 18:34:31,0.91
N1,,2024/04/09 18:34:32,0.89
N1,,2024/04/09 18:34:33,0.89
N1,,2024/04/09 18:34:34,0.91
N1,,2024/04/09 18:34:38,0.89
N1,,2024/04/09 18:34:39,0.88
N1,,2024/04/09 18:34:44,0.81
N1,,2024/04/09 18:34:44,0.85
N1,,2024/04/09 18:34:50,0.90
N1,,2024/04/09 18:34:51,0.93
N1,,2024/04/09 18:34:52,0.65
N1,,2024/04/09 18:36:17,0.92
N1,,2024/04/09 18:36:18,0.92
N1,,2024/04/09 18:36:19,0.94
N1,,2024/04/09 18:36:20,0.92
N1,,2024/04/09 18:36:21,0.92
N1,,2024/04/09 18:36:22,0.93
N1,,2024/04/09 18:36:23,0.92
N1,,2024/04/09 18:36:24,0.91
N1,,2024/04/09 18:36:25,0.91
N1,,2024/04/09 18:36:26,0.89
N1,,2024/04/09 18:36:27,0.92
N1,,2024/04/09 18:36:28,0.92
N1,,2024/04/09 18:36:29,0.92
N1,,2024/04/09 18:36:30,0.88
N1,,2024/04/09 18:36:31,0.89
N1,,2024/04/09 18:36:32,0.93
N1,,2024/04/09 18:36:33,0.94
N1,,2024/04/09 18:36:34,0.93
N1,,2024/04/09 18:36:35,0.93
N1,,2024/04/09 18:36:36,0.95
N1,,2024/04/09 18:36:37,0.94
N1,,2024/04/09 18:36:38,0.93
N1,,2024/04/09 18:36:39,0.82
N1,,2024/04/09 18:36:40,0.94
N1,,2024/04/09 18:36:41,0.92
N1,,2024/04/09 18:36:42,0.92
N1,,2024/04/09 18:36:43,0.94
N1,,2024/04/09 18:36:44,0.93
N1,,2024/04/09 18:36:45,0.85
N1,,2024/04/09 18:36:46,0.94
N1,,2024/04/09 18:36:46,0.94
N1,,2024/04/09 18:36:47,0.94
N1,,2024/04/09 18:36:48,0.93
N1,,2024/04/09 18:36:49,0.93
N1,,2024/04/09 18:36:50,0.93
N1,,2024/04/09 18:36:51,0.94
N1,,2024/04/09 18:36:52,0.89
N1,,2024/04/09 18:36:53,0.92
N1,,2024/04/09 18:36:54,0.93
N1,,2024/04/09 18:36:55,0.89
N1,,2024/04/09 18:36:56,0.93
N1,,2024/04/09 18:36:57,0.92
N1,,2024/04/09 18:36:58,0.93
N1,,2024/04/09 18:36:59,0.93
N1,,2024/04/09 18:37:00,0.93
N1,,2024/04/09 18:37:01,0.94
N1,,2024/04/09 18:37:02,0.92
N1,,2024/04/09 18:37:03,0.90
N1,,2024/04/09 18:37:04,0.93
N1,,2024/04/09 18:37:05,0.93
N1,,2024/04/09 18:37:06,0.93
N1,,2024/04/09 18:37:07,0.92
N1,,2024/04/09 18:37:08,0.93
N1,,2024/04/09 18:37:09,0.87
N1,,2024/04/09 18:39:33,0.85
N1,,2024/04/09 18:39:34,0.90
N1,,2024/04/09 18:39:35,0.92
N1,,2024/04/09 18:39:36,0.92
N1,,2024/04/09 18:39:37,0.91
N1,,2024/04/09 18:39:38,0.92
N1,,2024/04/09 18:39:39,0.91
N1,,2024/04/09 18:39:40,0.93
N1,,2024/04/09 18:39:41,0.91
N1,,2024/04/09 18:39:42,0.90
N1,,2024/04/09 18:39:43,0.93
N1,,2024/04/09 18:39:44,0.91
N1,,2024/04/09 18:39:44,0.91
N1,,2024/04/09 18:39:45,0.92
N1,,2024/04/09 18:39:46,0.92
N1,,2024/04/09 18:39:47,0.91
N1,,2024/04/09 18:39:48,0.90
N1,,2024/04/09 18:39:49,0.90
N1,,2024/04/09 18:39:50,0.91
N1,,2024/04/09 18:39:51,0.82
N1,,2024/04/09 18:39:52,0.92
N1,,2024/04/09 18:39:53,0.91
N1,,2024/04/09 18:39:54,0.92
N1,,2024/04/09 18:39:55,0.92
N1,,2024/04/09 18:39:56,0.92
N1,,2024/04/09 18:39:57,0.92
N1,,2024/04/09 18:39:58,0.91
N1,,2024/04/09 18:39:59,0.93
N1,,2024/04/09 18:40:00,0.92
N1,,2024/04/09 18:40:00,0.93
N1,,2024/04/09 18:40:00,0.87
N1,,2024/04/09 18:40:01,0.91
N1,,2024/04/09 18:40:02,0.90
N1,,2024/04/09 18:40:03,0.89
N1,,2024/04/09 18:40:04,0.91
N1,,2024/04/09 18:40:05,0.91
N1,,2024/04/09 18:40:06,0.91
N1,,2024/04/09 18:40:07,0.91
N1,,2024/04/09 18:40:08,0.89
N1,,2024/04/09 18:40:09,0.91
N1,,2024/04/09 18:40:10,0.90
N1,,2024/04/09 18:40:11,0.89
N1,,2024/04/09 18:40:12,0.89
N1,,2024/04/09 18:40:13,0.89
N1,,2024/04/09 18:40:14,0.89
N1,,2024/04/09 18:40:15,0.89
N1,,2024/04/09 18:40:16,0.88
N1,,2024/04/09 18:40:17,0.88
N1,,2024/04/09 18:40:18,0.88
N1,,2024/04/09 18:40:19,0.90
N1,,2024/04/09 18:40:20,0.91
N1,,2024/04/09 18:40:21,0.91
N1,,2024/04/09 18:40:22,0.94
N1,,2024/04/09 18:40:23,0.87
N1,,2024/04/09 18:40:24,0.90
N1,,2024/04/09 18:40:25,0.88
N1,,2024/04/09 18:40:26,0.91
N1,,2024/04/09 18:40:27,0.91
N1,,2024/04/09 18:40:28,0.90
N1,,2024/04/09 18:40:29,0.89
N1,,2024/04/09 18:40:30,0.90
N1,,2024/04/09 18:40:31,0.89
N1,,2024/04/09 18:40:31,0.91
N1,,2024/04/09 18:40:32,0.93
N1,,2024/04/09 18:40:33,0.93
N1,,2024/04/09 18:40:37,0.88
N1,,2024/04/09 18:40:38,0.86
N1,,2024/04/09 18:40:44,0.87
N1,,2024/04/09 18:40:50,0.72
N1,,2024/04/09 18:40:51,0.92
N1,,2024/04/09 18:40:52,0.93
N1,,2024/04/09 18:42:06,0.57
N1,,2024/04/09 18:42:07,0.93
N1,,2024/04/09 18:42:07,0.94
N1,,2024/04/09 18:42:08,0.92
N1,,2024/04/09 18:42:09,0.95
N1,,2024/04/09 18:42:10,0.92
N1,,2024/04/09 18:42:11,0.92
N1,,2024/04/09 18:42:12,0.90
N1,,2024/04/09 18:42:13,0.92
N1,,2024/04/09 18:42:14,0.90
N1,,2024/04/09 18:42:15,0.92
N1,,2024/04/09 18:42:16,0.94
N1,,2024/04/09 18:42:17,0.92
N1,,2024/04/09 18:42:18,0.89
N1,,2024/04/09 18:42:19,0.91
N1,,2024/04/09 18:42:20,0.92
N1,,2024/04/09 18:42:21,0.94
N1,,2024/04/09 18:42:22,0.92
N1,,2024/04/09 18:42:23,0.93
N1,,2024/04/09 18:42:24,0.91
N1,,2024/04/09 18:42:25,0.95
N1,,2024/04/09 18:42:26,0.89
N1,,2024/04/09 18:42:27,0.91
N1,,2024/04/09 18:42:28,0.94
N1,,2024/04/09 18:42:29,0.93
N1,,2024/04/09 18:42:30,0.95
N1,,2024/04/09 18:42:31,0.93
N1,,2024/04/09 18:42:32,0.92
N1,,2024/04/09 18:42:33,0.94
N1,,2024/04/09 18:42:34,0.94
N1,,2024/04/09 18:42:35,0.93
N1,,2024/04/09 18:42:36,0.93
N1,,2024/04/09 18:42:37,0.93
N1,,2024/04/09 18:42:38,0.93
N1,,2024/04/09 18:42:39,0.93
N1,,2024/04/09 18:42:39,0.93
N1,,2024/04/09 18:42:40,0.92
N1,,2024/04/09 18:42:41,0.93
N1,,2024/04/09 18:42:42,0.93
N1,,2024/04/09 18:42:43,0.88
N1,,2024/04/09 18:42:44,0.92
N1,,2024/04/09 18:42:45,0.89
N1,,2024/04/09 18:42:46,0.94
N1,,2024/04/09 18:42:47,0.94
N1,,2024/04/09 18:42:48,0.94
N1,,2024/04/09 18:42:49,0.93
N1,,2024/04/09 18:42:50,0.94
N1,,2024/04/09 18:42:51,0.93
N1,,2024/04/09 18:42:52,0.93
N1,,2024/04/09 18:42:53,0.86
N1,,2024/04/09 18:42:54,0.55
N1,,2024/04/09 18:45:19,0.49
N1,,2024/04/09 18:45:20,0.90
N1,,2024/04/09 18:45:21,0.93
N1,,2024/04/09 18:45:22,0.91
N1,,2024/04/09 18:45:23,0.88
N1,,2024/04/09 18:45:24,0.88
N1,,2024/04/09 18:45:25,0.91
N1,,2024/04/09 18:45:26,0.92
N1,,2024/04/09 18:45:27,0.92
N1,,2024/04/09 18:45:28,0.91
N1,,2024/04/09 18:45:29,0.91
N1,,2024/04/09 18:45:30,0.92
N1,,2024/04/09 18:45:31,0.93
N1,,2024/04/09 18:45:31,0.90
N1,,2024/04/09 18:45:32,0.59
N1,,2024/04/09 18:45:33,0.92
N1,,2024/04/09 18:45:34,0.89
N1,,2024/04/09 18:45:35,0.91
N1,,2024/04/09 18:45:36,0.91
N1,,2024/04/09 18:45:37,0.93
N1,,2024/04/09 18:45:38,0.88
N1,,2024/04/09 18:45:39,0.90
N1,,2024/04/09 18:45:40,0.92
N1,,2024/04/09 18:45:41,0.91
N1,,2024/04/09 18:45:42,0.87
N1,,2024/04/09 18:45:43,0.89
N1,,2024/04/09 18:45:44,0.90
N1,,2024/04/09 18:45:45,0.63
N1,,2024/04/09 18:45:46,0.90
N1,,2024/04/09 18:45:47,0.89
N1,,2024/04/09 18:45:48,0.70
N1,,2024/04/09 18:45:49,0.87
N1,,2024/04/09 18:45:50,0.85
N1,,2024/04/09 18:45:51,0.77
N1,,2024/04/09 18:45:52,0.88
N1,,2024/04/09 18:45:53,0.92
N1,,2024/04/09 18:45:54,0.89
N1,,2024/04/09 18:45:55,0.90
N1,,2024/04/09 18:45:56,0.89
N1,,2024/04/09 18:45:57,0.90
N1,,2024/04/09 18:45:58,0.89
N1,,2024/04/09 18:45:59,0.90
N1,,2024/04/09 18:46:00,0.91
N1,,2024/04/09 18:46:01,0.92
N1,,2024/04/09 18:46:02,0.90
N1,,2024/04/09 18:46:03,0.91
N1,,2024/04/09 18:46:03,0.92
N1,,2024/04/09 18:46:04,0.91
N1,,2024/04/09 18:46:05,0.91
N1,,2024/04/09 18:46:06,0.90
N1,,2024/04/09 18:46:07,0.90
N1,,2024/04/09 18:46:08,0.93
N1,,2024/04/09 18:46:09,0.90
N1,,2024/04/09 18:46:10,0.89
N1,,2024/04/09 18:46:11,0.91
N1,,2024/04/09 18:46:12,0.90
N1,,2024/04/09 18:46:13,0.85
N1,,2024/04/09 18:46:14,0.75
N1,,2024/04/09 18:46:15,0.56
N1,,2024/04/09 18:46:16,0.68
N1,,2024/04/09 18:46:17,0.41
N1,,2024/04/09 18:46:17,0.40
N1,,2024/04/09 18:46:18,0.87
N1,,2024/04/09 18:46:19,0.79
N1,,2024/04/09 18:46:20,0.87
N1,,2024/04/09 18:46:21,0.90
N1,,2024/04/09 18:46:22,0.79
N1,,2024/04/09 18:46:23,0.85
N1,,2024/04/09 18:46:24,0.89
N1,,2024/04/09 18:46:25,0.88
N1,,2024/04/09 18:46:26,0.70
N1,,2024/04/09 18:46:27,0.70
N1,,2024/04/09 18:46:28,0.92
N1,,2024/04/09 18:46:29,0.85
N1,,2024/04/09 18:46:30,0.77
N1,,2024/04/09 18:46:31,0.89
N1,,2024/04/09 18:46:32,0.92
N1,,2024/04/09 18:46:33,0.84
N1,,2024/04/09 18:46:34,0.71
N1,,2024/04/09 18:46:35,0.93
N1,,2024/04/09 18:46:35,0.56
N1,,2024/04/09 18:46:38,0.85
N1,,2024/04/09 18:46:39,0.48
N1,,2024/04/09 18:46:39,0.40
N1,,2024/04/09 18:46:40,0.87
N1,,2024/04/09 18:46:45,0.81
N1,,2024/04/09 18:46:46,0.87
N1,,2024/04/09 18:46:51,0.82
N1,,2024/04/09 18:46:52,0.91
N1,,2024/04/09 18:46:53,0.46
N1,,2024/04/09 18:48:44,0.50
N1,,2024/04/09 18:48:45,0.89
N1,,2024/04/09 18:48:46,0.95
N1,,2024/04/09 18:48:47,0.94
N1,,2024/04/09 18:48:49,0.91
N1,,2024/04/09 18:48:50,0.92
N1,,2024/04/09 18:48:51,0.93
N1,,2024/04/09 18:48:52,0.92
N1,,2024/04/09 18:48:53,0.93
N1,,2024/04/09 18:48:54,0.92
N1,,2024/04/09 18:48:55,0.91
N1,,2024/04/09 18:48:56,0.92
N1,,2024/04/09 18:48:57,0.92
N1,,2024/04/09 18:48:58,0.92
N1,,2024/04/09 18:48:59,0.92
N1,,2024/04/09 18:49:00,0.93
N1,,2024/04/09 18:49:01,0.55
N1,,2024/04/09 18:49:02,0.94
N1,,2024/04/09 18:49:03,0.93
N1,,2024/04/09 18:49:04,0.93
N1,,2024/04/09 18:49:05,0.94
N1,,2024/04/09 18:49:06,0.93
N1,,2024/04/09 18:49:07,0.93
N1,,2024/04/09 18:49:08,0.94
N1,,2024/04/09 18:49:09,0.93
N1,,2024/04/09 18:49:10,0.92
N1,,2024/04/09 18:49:11,0.93
N1,,2024/04/09 18:49:12,0.93
N1,,2024/04/09 18:49:13,0.92
N1,,2024/04/09 18:49:14,0.93
N1,,2024/04/09 18:49:15,0.93
N1,,2024/04/09 18:49:15,0.91
N1,,2024/04/09 18:49:16,0.90
N1,,2024/04/09 18:49:17,0.93
N1,,2024/04/09 18:49:18,0.94
N1,,2024/04/09 18:49:19,0.93
N1,,2024/04/09 18:49:20,0.92
N1,,2024/04/09 18:49:21,0.94
N1,,2024/04/09 18:49:22,0.92
N1,,2024/04/09 18:49:23,0.91
N1,,2024/04/09 18:49:24,0.92
N1,,2024/04/09 18:49:25,0.93
N1,,2024/04/09 18:49:26,0.93
N1,,2024/04/09 18:49:27,0.93
N1,,2024/04/09 18:49:28,0.94
N1,,2024/04/09 18:49:29,0.95
N1,,2024/04/09 18:49:30,0.91
N1,,2024/04/09 18:49:31,0.93
N1,,2024/04/09 18:49:32,0.95
N1,,2024/04/09 18:49:33,0.94
N1,,2024/04/09 18:49:34,0.92
N1,,2024/04/09 18:49:35,0.93
N1,,2024/04/09 18:49:36,0.93
N1,,2024/04/09 18:49:37,0.93
N1,,2024/04/09 18:49:38,0.94
N1,,2024/04/09 18:49:39,0.89
N1,,2024/04/09 18:52:07,0.85
N1,,2024/04/09 18:52:08,0.91
N1,,2024/04/09 18:52:08,0.91
N1,,2024/04/09 18:52:09,0.91
N1,,2024/04/09 18:52:10,0.92
N1,,2024/04/09 18:52:11,0.91
N1,,2024/04/09 18:52:12,0.91
N1,,2024/04/09 18:52:13,0.92
N1,,2024/04/09 18:52:14,0.92
N1,,2024/04/09 18:52:15,0.91
N1,,2024/04/09 18:52:16,0.92
N1,,2024/04/09 18:52:17,0.91
N1,,2024/04/09 18:52:18,0.90
N1,,2024/04/09 18:52:19,0.91
N1,,2024/04/09 18:52:20,0.92
N1,,2024/04/09 18:52:21,0.92
N1,,2024/04/09 18:52:22,0.92
N1,,2024/04/09 18:52:23,0.92
N1,,2024/04/09 18:52:24,0.92
N1,,2024/04/09 18:52:25,0.91
N1,,2024/04/09 18:52:26,0.92
N1,,2024/04/09 18:52:27,0.92
N1,,2024/04/09 18:52:28,0.91
N1,,2024/04/09 18:52:29,0.89
N1,,2024/04/09 18:52:30,0.81
N1,,2024/04/09 18:52:31,0.92
N1,,2024/04/09 18:52:32,0.92
N1,,2024/04/09 18:52:33,0.92
N1,,2024/04/09 18:52:34,0.91
N1,,2024/04/09 18:52:37,0.88
N1,,2024/04/09 18:52:38,0.70
N1,,2024/04/09 18:52:39,0.89
N1,,2024/04/09 18:52:44,0.88
N1,,2024/04/09 18:52:45,0.57
N1,,2024/04/09 18:52:50,0.91
N1,,2024/04/09 18:52:51,0.91
N1,,2024/04/09 18:54:33,0.84
N1,,2024/04/09 18:54:34,0.93
N1,,2024/04/09 18:54:35,0.94
N1,,2024/04/09 18:54:36,0.93
N1,,2024/04/09 18:54:37,0.93
N1,,2024/04/09 18:54:38,0.93
N1,,2024/04/09 18:54:39,0.89
N1,,2024/04/09 18:54:40,0.94
N1,,2024/04/09 18:54:41,0.92
N1,,2024/04/09 18:54:42,0.89
N1,,2024/04/09 18:54:43,0.91
N1,,2024/04/09 18:54:44,0.91
N1,,2024/04/09 18:54:45,0.92
N1,,2024/04/09 18:54:46,0.90
N1,,2024/04/09 18:54:47,0.91
N1,,2024/04/09 18:54:48,0.91
N1,,2024/04/09 18:54:49,0.92
N1,,2024/04/09 18:54:49,0.92
N1,,2024/04/09 18:54:50,0.94
N1,,2024/04/09 18:54:51,0.94
N1,,2024/04/09 18:54:52,0.93
N1,,2024/04/09 18:54:53,0.91
N1,,2024/04/09 18:54:54,0.93
N1,,2024/04/09 18:54:55,0.93
N1,,2024/04/09 18:54:56,0.95
N1,,2024/04/09 18:54:57,0.92
N1,,2024/04/09 18:54:58,0.93
N1,,2024/04/09 18:54:59,0.92
N1,,2024/04/09 18:55:00,0.93
N1,,2024/04/09 18:55:00,0.93
N1,,2024/04/09 18:55:01,0.74
N1,,2024/04/09 18:55:02,0.93
N1,,2024/04/09 18:55:03,0.93
N1,,2024/04/09 18:55:04,0.93
N1,,2024/04/09 18:55:05,0.93
N1,,2024/04/09 18:55:06,0.93
N1,,2024/04/09 18:55:07,0.94
N1,,2024/04/09 18:55:08,0.93
N1,,2024/04/09 18:55:09,0.92
N1,,2024/04/09 18:55:10,0.93
N1,,2024/04/09 18:55:11,0.93
N1,,2024/04/09 18:55:12,0.91
N1,,2024/04/09 18:55:13,0.93
N1,,2024/04/09 18:55:14,0.93
N1,,2024/04/09 18:55:15,0.92
N1,,2024/04/09 18:55:16,0.94
N1,,2024/04/09 18:55:17,0.93
N1,,2024/04/09 18:55:18,0.87
N1,,2024/04/09 18:55:19,0.95
N1,,2024/04/09 18:55:20,0.94
N1,,2024/04/09 18:55:21,0.93
N1,,2024/04/09 18:55:22,0.94
N1,,2024/04/09 18:55:23,0.93
N1,,2024/04/09 18:55:24,0.91
N1,,2024/04/09 18:57:44,0.90
N1,,2024/04/09 18:57:44,0.49
N1,,2024/04/09 18:57:45,0.91
N1,,2024/04/09 18:57:46,0.91
N1,,2024/04/09 18:57:47,0.90
N1,,2024/04/09 18:57:48,0.89
N1,,2024/04/09 18:57:49,0.89
N1,,2024/04/09 18:57:50,0.81
N1,,2024/04/09 18:57:51,0.91
N1,,2024/04/09 18:57:52,0.92
N1,,2024/04/09 18:57:53,0.92
N1,,2024/04/09 18:57:54,0.91
N1,,2024/04/09 18:57:55,0.92
N1,,2024/04/09 18:57:56,0.91
N1,,2024/04/09 18:57:57,0.93
N1,,2024/04/09 18:57:58,0.91
N1,,2024/04/09 18:57:59,0.92
N1,,2024/04/09 18:58:00,0.90
N1,,2024/04/09 18:58:01,0.90
N1,,2024/04/09 18:58:02,0.91
N1,,2024/04/09 18:58:03,0.91
N1,,2024/04/09 18:58:04,0.92
N1,,2024/04/09 18:58:05,0.90
N1,,2024/04/09 18:58:06,0.93
N1,,2024/04/09 18:58:07,0.93
N1,,2024/04/09 18:58:08,0.92
N1,,2024/04/09 18:58:09,0.92
N1,,2024/04/09 18:58:10,0.93
N1,,2024/04/09 18:58:11,0.93
N1,,2024/04/09 18:58:12,0.93
N1,,2024/04/09 18:58:13,0.93
N1,,2024/04/09 18:58:14,0.93
N1,,2024/04/09 18:58:15,0.93
N1,,2024/04/09 18:58:16,0.92
N1,,2024/04/09 18:58:17,0.92
N1,,2024/04/09 18:58:17,0.92
N1,,2024/04/09 18:58:18,0.92
N1,,2024/04/09 18:58:19,0.93
N1,,2024/04/09 18:58:20,0.90
N1,,2024/04/09 18:58:21,0.90
N1,,2024/04/09 18:58:22,0.90
N1,,2024/04/09 18:58:23,0.89
N1,,2024/04/09 18:58:24,0.92
N1,,2024/04/09 18:58:25,0.92
N1,,2024/04/09 18:58:26,0.91
N1,,2024/04/09 18:58:27,0.93
N1,,2024/04/09 18:58:28,0.92
N1,,2024/04/09 18:58:29,0.92
N1,,2024/04/09 18:58:30,0.93
N1,,2024/04/09 18:58:31,0.90
N1,,2024/04/09 18:58:32,0.90
N1,,2024/04/09 18:58:33,0.89
N1,,2024/04/09 18:58:34,0.91
N1,,2024/04/09 18:58:37,0.77
N1,,2024/04/09 18:58:38,0.86
N1,,2024/04/09 18:58:39,0.90
N1,,2024/04/09 18:58:46,0.88
N1,,2024/04/09 18:58:51,0.91
N1,,2024/04/09 18:58:52,0.90
N1,,2024/04/09 19:00:15,0.81
N1,,2024/04/09 19:00:16,0.89
N1,,2024/04/09 19:00:17,0.92
N1,,2024/04/09 19:00:18,0.91
N1,,2024/04/09 19:00:19,0.90
N1,,2024/04/09 19:00:20,0.92
N1,,2024/04/09 19:00:21,0.91
N1,,2024/04/09 19:00:22,0.91
N1,,2024/04/09 19:00:23,0.92
N1,,2024/04/09 19:00:24,0.92
N1,,2024/04/09 19:00:25,0.91
N1,,2024/04/09 19:00:26,0.91
N1,,2024/04/09 19:00:27,0.92
N1,,2024/04/09 19:00:28,0.89
N1,,2024/04/09 19:00:29,0.92
N1,,2024/04/09 19:00:30,0.92
N1,,2024/04/09 19:00:31,0.93
N1,,2024/04/09 19:00:32,0.93
N1,,2024/04/09 19:00:33,0.85
N1,,2024/04/09 19:00:34,0.91
N1,,2024/04/09 19:00:34,0.62
N1,,2024/04/09 19:00:35,0.91
N1,,2024/04/09 19:00:36,0.85
N1,,2024/04/09 19:00:37,0.94
N1,,2024/04/09 19:00:38,0.94
N1,,2024/04/09 19:00:39,0.93
N1,,2024/04/09 19:00:40,0.93
N1,,2024/04/09 19:00:41,0.94
N1,,2024/04/09 19:00:42,0.93
N1,,2024/04/09 19:00:43,0.93
N1,,2024/04/09 19:00:44,0.94
N1,,2024/04/09 19:00:45,0.93
N1,,2024/04/09 19:00:46,0.90
N1,,2024/04/09 19:00:47,0.85
N1,,2024/04/09 19:00:48,0.94
N1,,2024/04/09 19:00:49,0.93
N1,,2024/04/09 19:00:50,0.92
N1,,2024/04/09 19:00:51,0.94
N1,,2024/04/09 19:00:52,0.93
N1,,2024/04/09 19:00:53,0.94
N1,,2024/04/09 19:00:54,0.91
N1,,2024/04/09 19:00:55,0.92
N1,,2024/04/09 19:00:56,0.93
N1,,2024/04/09 19:00:57,0.93
N1,,2024/04/09 19:00:58,0.93
N1,,2024/04/09 19:00:59,0.92
N1,,2024/04/09 19:01:00,0.90
N1,,2024/04/09 19:01:01,0.90
N1,,2024/04/09 19:01:02,0.93
N1,,2024/04/09 19:01:03,0.93
N1,,2024/04/09 19:01:04,0.92
N1,,2024/04/09 19:01:05,0.92
N1,,2024/04/09 19:01:06,0.91
N1,,2024/04/09 19:01:07,0.91
N1,,2024/04/09 19:01:08,0.38
N1,,2024/04/09 19:03:24,0.85
N1,,2024/04/09 19:03:25,0.93
N1,,2024/04/09 19:03:26,0.73
N1,,2024/04/09 19:03:26,0.89
N1,,2024/04/09 19:03:27,0.84
N1,,2024/04/09 19:03:28,0.92
N1,,2024/04/09 19:03:29,0.83
N1,,2024/04/09 19:03:30,0.92
N1,,2024/04/09 19:03:31,0.91
N1,,2024/04/09 19:03:32,0.89
N1,,2024/04/09 19:03:33,0.71
N1,,2024/04/09 19:03:34,0.90
N1,,2024/04/09 19:03:35,0.69
N1,,2024/04/09 19:03:36,0.91
N1,,2024/04/09 19:03:37,0.90
N1,,2024/04/09 19:03:38,0.88
N1,,2024/04/09 19:03:39,0.92
N1,,2024/04/09 19:03:40,0.72
N1,,2024/04/09 19:03:41,0.89
N1,,2024/04/09 19:03:42,0.89
N1,,2024/04/09 19:03:43,0.90
N1,,2024/04/09 19:03:44,0.89
N1,,2024/04/09 19:03:45,0.88
N1,,2024/04/09 19:03:46,0.90
N1,,2024/04/09 19:03:47,0.92
N1,,2024/04/09 19:03:48,0.92
N1,,2024/04/09 19:03:49,0.91
N1,,2024/04/09 19:03:50,0.91
N1,,2024/04/09 19:03:51,0.92
N1,,2024/04/09 19:03:52,0.92
N1,,2024/04/09 19:03:53,0.91
N1,,2024/04/09 19:03:54,0.91
N1,,2024/04/09 19:03:55,0.92
N1,,2024/04/09 19:03:56,0.89
N1,,2024/04/09 19:03:57,0.92
N1,,2024/04/09 19:03:58,0.92
N1,,2024/04/09 19:03:59,0.93
N1,,2024/04/09 19:04:00,0.90
N1,,2024/04/09 19:04:00,0.92
N1,,2024/04/09 19:04:01,0.92
N1,,2024/04/09 19:04:02,0.91
N1,,2024/04/09 19:04:03,0.92
N1,,2024/04/09 19:04:04,0.92
N1,,2024/04/09 19:04:05,0.92
N1,,2024/04/09 19:04:06,0.92
N1,,2024/04/09 19:04:07,0.90
N1,,2024/04/09 19:04:08,0.91
N1,,2024/04/09 19:04:09,0.88
N1,,2024/04/09 19:04:10,0.90
N1,,2024/04/09 19:04:11,0.91
N1,,2024/04/09 19:04:12,0.91
N1,,2024/04/09 19:04:13,0.90
N1,,2024/04/09 19:04:14,0.92
N1,,2024/04/09 19:04:15,0.93
N1,,2024/04/09 19:04:16,0.91
N1,,2024/04/09 19:04:17,0.93
N1,,2024/04/09 19:04:18,0.93
N1,,2024/04/09 19:04:19,0.93
N1,,2024/04/09 19:04:20,0.93
N1,,2024/04/09 19:04:21,0.93
N1,,2024/04/09 19:04:22,0.92
N1,,2024/04/09 19:04:23,0.93
N1,,2024/04/09 19:04:24,0.93
N1,,2024/04/09 19:04:25,0.92
N1,,2024/04/09 19:04:26,0.93
N1,,2024/04/09 19:04:27,0.92
N1,,2024/04/09 19:04:28,0.91
N1,,2024/04/09 19:04:29,0.93
N1,,2024/04/09 19:04:30,0.93
N1,,2024/04/09 19:04:31,0.92
N1,,2024/04/09 19:04:32,0.92
N1,,2024/04/09 19:04:33,0.93
N1,,2024/04/09 19:04:34,0.92
N1,,2024/04/09 19:04:34,0.92
N1,,2024/04/09 19:04:35,0.91
N1,,2024/04/09 19:04:38,0.88
N1,,2024/04/09 19:04:39,0.86
N1,,2024/04/09 19:04:46,0.88
N1,,2024/04/09 19:04:52,0.65
N1,,2024/04/09 19:04:53,0.91
N1,,2024/04/09 19:04:54,0.49
N1,,2024/04/09 19:06:07,0.83
N1,,2024/04/09 19:06:08,0.93
N1,,2024/04/09 19:06:09,0.94
N1,,2024/04/09 19:06:10,0.92
N1,,2024/04/09 19:06:10,0.92
N1,,2024/04/09 19:06:11,0.92
N1,,2024/04/09 19:06:12,0.93
N1,,2024/04/09 19:06:13,0.92
N1,,2024/04/09 19:06:14,0.93
N1,,2024/04/09 19:06:15,0.92
N1,,2024/04/09 19:06:16,0.93
N1,,2024/04/09 19:06:17,0.94
N1,,2024/04/09 19:06:18,0.89
N1,,2024/04/09 19:06:19,0.91
N1,,2024/04/09 19:06:20,0.63
N1,,2024/04/09 19:06:21,0.93
N1,,2024/04/09 19:06:22,0.95
N1,,2024/04/09 19:06:23,0.91
N1,,2024/04/09 19:06:24,0.92
N1,,2024/04/09 19:06:25,0.93
N1,,2024/04/09 19:06:26,0.94
N1,,2024/04/09 19:06:27,0.94
N1,,2024/04/09 19:06:28,0.94
N1,,2024/04/09 19:06:29,0.94
N1,,2024/04/09 19:06:30,0.92
N1,,2024/04/09 19:06:31,0.93
N1,,2024/04/09 19:06:32,0.93
N1,,2024/04/09 19:06:33,0.93
N1,,2024/04/09 19:06:34,0.92
N1,,2024/04/09 19:06:35,0.93
N1,,2024/04/09 19:06:36,0.94
N1,,2024/04/09 19:06:37,0.93
N1,,2024/04/09 19:06:38,0.93
N1,,2024/04/09 19:06:39,0.94
N1,,2024/04/09 19:06:40,0.93
N1,,2024/04/09 19:06:41,0.93
N1,,2024/04/09 19:06:42,0.91
N1,,2024/04/09 19:06:43,0.93
N1,,2024/04/09 19:06:44,0.92
N1,,2024/04/09 19:06:45,0.93
N1,,2024/04/09 19:06:46,0.89
N1,,2024/04/09 19:06:46,0.91
N1,,2024/04/09 19:06:47,0.94
N1,,2024/04/09 19:06:48,0.92
N1,,2024/04/09 19:06:49,0.94
N1,,2024/04/09 19:06:50,0.93
N1,,2024/04/09 19:06:51,0.89
N1,,2024/04/09 19:06:52,0.92
N1,,2024/04/09 19:06:53,0.93
N1,,2024/04/09 19:06:54,0.93
N1,,2024/04/09 19:06:55,0.61
N1,,2024/04/09 19:06:55,0.38
N1,,2024/04/09 19:06:56,0.86
N1,,2024/04/09 19:09:19,0.62
N1,,2024/04/09 19:09:20,0.91
N1,,2024/04/09 19:09:21,0.75
N1,,2024/04/09 19:09:22,0.90
N1,,2024/04/09 19:09:23,0.89
N1,,2024/04/09 19:09:24,0.89
N1,,2024/04/09 19:09:25,0.87
N1,,2024/04/09 19:09:26,0.91
N1,,2024/04/09 19:09:27,0.90
N1,,2024/04/09 19:09:28,0.90
N1,,2024/04/09 19:09:29,0.91
N1,,2024/04/09 19:09:30,0.90
N1,,2024/04/09 19:09:31,0.91
N1,,2024/04/09 19:09:32,0.92
N1,,2024/04/09 19:09:33,0.89
N1,,2024/04/09 19:09:34,0.81
N1,,2024/04/09 19:09:35,0.90
N1,,2024/04/09 19:09:36,0.91
N1,,2024/04/09 19:09:37,0.46
N1,,2024/04/09 19:09:38,0.90
N1,,2024/04/09 19:09:39,0.90
N1,,2024/04/09 19:09:40,0.91
N1,,2024/04/09 19:09:41,0.92
N1,,2024/04/09 19:09:42,0.90
N1,,2024/04/09 19:09:43,0.83
N1,,2024/04/09 19:09:43,0.90
N1,,2024/04/09 19:09:44,0.90
N1,,2024/04/09 19:09:45,0.91
N1,,2024/04/09 19:09:46,0.77
N1,,2024/04/09 19:09:47,0.91
N1,,2024/04/09 19:09:48,0.90
N1,,2024/04/09 19:09:49,0.81
N1,,2024/04/09 19:09:50,0.90
N1,,2024/04/09 19:09:51,0.85
N1,,2024/04/09 19:09:52,0.90
N1,,2024/04/09 19:09:53,0.89
N1,,2024/04/09 19:09:54,0.89
N1,,2024/04/09 19:09:55,0.90
N1,,2024/04/09 19:09:56,0.90
N1,,2024/04/09 19:09:57,0.90
N1,,2024/04/09 19:09:58,0.89
N1,,2024/04/09 19:09:59,0.91
N1,,2024/04/09 19:10:00,0.90
N1,,2024/04/09 19:10:00,0.84
N1,,2024/04/09 19:10:01,0.90
N1,,2024/04/09 19:10:02,0.89
N1,,2024/04/09 19:10:03,0.87
N1,,2024/04/09 19:10:04,0.90
N1,,2024/04/09 19:10:05,0.91
N1,,2024/04/09 19:10:06,0.89
N1,,2024/04/09 19:10:07,0.87
N1,,2024/04/09 19:10:08,0.89
N1,,2024/04/09 19:10:09,0.89
N1,,2024/04/09 19:10:10,0.88
N1,,2024/04/09 19:10:11,0.90
N1,,2024/04/09 19:10:12,0.89
N1,,2024/04/09 19:10:13,0.89
N1,,2024/04/09 19:10:14,0.89
N1,,2024/04/09 19:10:15,0.88
N1,,2024/04/09 19:10:16,0.89
N1,,2024/04/09 19:10:17,0.91
N1,,2024/04/09 19:10:18,0.90
N1,,2024/04/09 19:10:19,0.89
N1,,2024/04/09 19:10:20,0.91
N1,,2024/04/09 19:10:21,0.90
N1,,2024/04/09 19:10:22,0.91
N1,,2024/04/09 19:10:23,0.90
N1,,2024/04/09 19:10:24,0.91
N1,,2024/04/09 19:10:25,0.91
N1,,2024/04/09 19:10:26,0.91
N1,,2024/04/09 19:10:27,0.91
N1,,2024/04/09 19:10:28,0.91
N1,,2024/04/09 19:10:29,0.91
N1,,2024/04/09 19:10:30,0.91
N1,,2024/04/09 19:10:31,0.89
N1,,2024/04/09 19:10:32,0.90
N1,,2024/04/09 19:10:33,0.91
N1,,2024/04/09 19:10:33,0.90
N1,,2024/04/09 19:10:34,0.90
N1,,2024/04/09 19:10:35,0.92
N1,,2024/04/09 19:10:38,0.59
N1,,2024/04/09 19:10:39,0.89
N1,,2024/04/09 19:10:40,0.87
N1,,2024/04/09 19:10:46,0.89
N1,,2024/04/09 19:10:51,0.90
N1,,2024/04/09 19:10:52,0.90
N1,,2024/04/09 19:12:11,0.44
N1,,2024/04/09 19:12:12,0.92
N1,,2024/04/09 19:12:13,0.93
N1,,2024/04/09 19:12:14,0.92
N1,,2024/04/09 19:12:14,0.93
N1,,2024/04/09 19:12:15,0.92
N1,,2024/04/09 19:12:16,0.92
N1,,2024/04/09 19:12:17,0.91
N1,,2024/04/09 19:12:18,0.94
N1,,2024/04/09 19:12:19,0.92
N1,,2024/04/09 19:12:20,0.93
N1,,2024/04/09 19:12:21,0.92
N1,,2024/04/09 19:12:22,0.90
N1,,2024/04/09 19:12:23,0.89
N1,,2024/04/09 19:12:24,0.92
N1,,2024/04/09 19:12:25,0.92
N1,,2024/04/09 19:12:26,0.93
N1,,2024/04/09 19:12:27,0.93
N1,,2024/04/09 19:12:28,0.94
N1,,2024/04/09 19:12:29,0.93
N1,,2024/04/09 19:12:30,0.94
N1,,2024/04/09 19:12:31,0.92
N1,,2024/04/09 19:12:32,0.93
N1,,2024/04/09 19:12:33,0.94
N1,,2024/04/09 19:12:34,0.93
N1,,2024/04/09 19:12:35,0.93
N1,,2024/04/09 19:12:36,0.94
N1,,2024/04/09 19:12:37,0.90
N1,,2024/04/09 19:12:38,0.95
N1,,2024/04/09 19:12:39,0.94
N1,,2024/04/09 19:12:40,0.93
N1,,2024/04/09 19:12:41,0.93
N1,,2024/04/09 19:12:42,0.92
N1,,2024/04/09 19:12:43,0.93
N1,,2024/04/09 19:12:44,0.94
N1,,2024/04/09 19:12:45,0.55
N1,,2024/04/09 19:12:46,0.93
N1,,2024/04/09 19:12:47,0.90
N1,,2024/04/09 19:12:47,0.67
N1,,2024/04/09 19:12:48,0.93
N1,,2024/04/09 19:12:49,0.90
N1,,2024/04/09 19:12:50,0.92
N1,,2024/04/09 19:12:51,0.90
N1,,2024/04/09 19:12:52,0.91
N1,,2024/04/09 19:12:53,0.95
N1,,2024/04/09 19:12:54,0.94
N1,,2024/04/09 19:12:55,0.93
N1,,2024/04/09 19:12:56,0.92
N1,,2024/04/09 19:12:57,0.94
N1,,2024/04/09 19:12:58,0.94
N1,,2024/04/09 19:12:59,0.95
N1,,2024/04/09 19:13:00,0.77
N1,,2024/04/09 19:15:24,0.62
N1,,2024/04/09 19:15:25,0.91
N1,,2024/04/09 19:15:26,0.89
N1,,2024/04/09 19:15:27,0.92
N1,,2024/04/09 19:15:28,0.91
N1,,2024/04/09 19:15:29,0.92
N1,,2024/04/09 19:15:30,0.92
N1,,2024/04/09 19:15:31,0.73
N1,,2024/04/09 19:15:32,0.92
N1,,2024/04/09 19:15:33,0.89
N1,,2024/04/09 19:15:33,0.92
N1,,2024/04/09 19:15:34,0.92
N1,,2024/04/09 19:15:35,0.92
N1,,2024/04/09 19:15:36,0.91
N1,,2024/04/09 19:15:37,0.92
N1,,2024/04/09 19:15:38,0.92
N1,,2024/04/09 19:15:39,0.92
N1,,2024/04/09 19:15:40,0.90
N1,,2024/04/09 19:15:41,0.77
N1,,2024/04/09 19:15:42,0.90
N1,,2024/04/09 19:15:43,0.89
N1,,2024/04/09 19:15:44,0.90
N1,,2024/04/09 19:15:45,0.89
N1,,2024/04/09 19:15:46,0.90
N1,,2024/04/09 19:15:47,0.90
N1,,2024/04/09 19:15:48,0.88
N1,,2024/04/09 19:15:49,0.82
N1,,2024/04/09 19:15:50,0.88
N1,,2024/04/09 19:15:51,0.91
N1,,2024/04/09 19:15:52,0.91
N1,,2024/04/09 19:15:53,0.90
N1,,2024/04/09 19:15:54,0.91
N1,,2024/04/09 19:15:55,0.91
N1,,2024/04/09 19:15:56,0.92
N1,,2024/04/09 19:15:57,0.90
N1,,2024/04/09 19:15:58,0.91
N1,,2024/04/09 19:15:59,0.92
N1,,2024/04/09 19:16:00,0.90
N1,,2024/04/09 19:16:01,0.91
N1,,2024/04/09 19:16:02,0.91
N1,,2024/04/09 19:16:03,0.90
N1,,2024/04/09 19:16:04,0.90
N1,,2024/04/09 19:16:05,0.91
N1,,2024/04/09 19:16:06,0.90
N1,,2024/04/09 19:16:07,0.89
N1,,2024/04/09 19:16:07,0.91
N1,,2024/04/09 19:16:08,0.90
N1,,2024/04/09 19:16:09,0.90
N1,,2024/04/09 19:16:10,0.92
N1,,2024/04/09 19:16:11,0.91
N1,,2024/04/09 19:16:12,0.72
N1,,2024/04/09 19:16:13,0.83
N1,,2024/04/09 19:16:14,0.92
N1,,2024/04/09 19:16:15,0.91
N1,,2024/04/09 19:16:16,0.91
N1,,2024/04/09 19:16:17,0.90
N1,,2024/04/09 19:16:18,0.90
N1,,2024/04/09 19:16:19,0.91
N1,,2024/04/09 19:16:20,0.91
N1,,2024/04/09 19:16:21,0.90
N1,,2024/04/09 19:16:22,0.90
N1,,2024/04/09 19:16:23,0.91
N1,,2024/04/09 19:16:24,0.90
N1,,2024/04/09 19:16:25,0.91
N1,,2024/04/09 19:16:26,0.89
N1,,2024/04/09 19:16:27,0.91
N1,,2024/04/09 19:16:28,0.91
N1,,2024/04/09 19:16:29,0.92
N1,,2024/04/09 19:16:30,0.91
N1,,2024/04/09 19:16:31,0.92
N1,,2024/04/09 19:16:32,0.92
N1,,2024/04/09 19:16:33,0.92
N1,,2024/04/09 19:16:34,0.91
N1,,2024/04/09 19:16:37,0.87
N1,,2024/04/09 19:16:38,0.58
N1,,2024/04/09 19:16:39,0.78
N1,,2024/04/09 19:16:44,0.87
N1,,2024/04/09 19:16:49,0.47
N1,,2024/04/09 19:16:50,0.88
N1,,2024/04/09 19:16:51,0.69
N1,,2024/04/09 19:18:27,0.92
N1,,2024/04/09 19:18:28,0.92
N1,,2024/04/09 19:18:29,0.93
N1,,2024/04/09 19:18:30,0.94
N1,,2024/04/09 19:18:31,0.93
N1,,2024/04/09 19:18:32,0.93
N1,,2024/04/09 19:18:33,0.93
N1,,2024/04/09 19:18:34,0.91
N1,,2024/04/09 19:18:35,0.92
N1,,2024/04/09 19:18:36,0.92
N1,,2024/04/09 19:18:37,0.92
N1,,2024/04/09 19:18:38,0.94
N1,,2024/04/09 19:18:39,0.91
N1,,2024/04/09 19:18:40,0.91
N1,,2024/04/09 19:18:41,0.92
N1,,2024/04/09 19:18:42,0.92
N1,,2024/04/09 19:18:43,0.93
N1,,2024/04/09 19:18:44,0.92
N1,,2024/04/09 19:18:45,0.94
N1,,2024/04/09 19:18:46,0.91
N1,,2024/04/09 19:18:47,0.92
N1,,2024/04/09 19:18:48,0.94
N1,,2024/04/09 19:18:49,0.91
N1,,2024/04/09 19:18:50,0.94
N1,,2024/04/09 19:18:51,0.93
N1,,2024/04/09 19:18:52,0.93
N1,,2024/04/09 19:18:53,0.89
N1,,2024/04/09 19:18:54,0.91
N1,,2024/04/09 19:18:55,0.94
N1,,2024/04/09 19:18:56,0.94
N1,,2024/04/09 19:18:57,0.93
N1,,2024/04/09 19:18:57,0.91
N1,,2024/04/09 19:18:58,0.93
N1,,2024/04/09 19:18:59,0.93
N1,,2024/04/09 19:19:00,0.93
N1,,2024/04/09 19:19:01,0.94
N1,,2024/04/09 19:19:02,0.91
N1,,2024/04/09 19:19:03,0.91
N1,,2024/04/09 19:19:04,0.93
N1,,2024/04/09 19:19:05,0.92
N1,,2024/04/09 19:19:06,0.92
N1,,2024/04/09 19:19:07,0.88
N1,,2024/04/09 19:19:08,0.92
N1,,2024/04/09 19:19:09,0.95
N1,,2024/04/09 19:19:10,0.93
N1,,2024/04/09 19:19:11,0.94
N1,,2024/04/09 19:19:12,0.92
N1,,2024/04/09 19:19:13,0.93
N1,,2024/04/09 19:19:14,0.92
N1,,2024/04/09 19:19:15,0.94
N1,,2024/04/09 19:19:16,0.87
N1,,2024/04/09 19:21:42,0.74
N1,,2024/04/09 19:21:43,0.89
N1,,2024/04/09 19:21:44,0.85
N1,,2024/04/09 19:21:45,0.90
N1,,2024/04/09 19:21:46,0.91
N1,,2024/04/09 19:21:47,0.91
N1,,2024/04/09 19:21:48,0.91
N1,,2024/04/09 19:21:49,0.90
N1,,2024/04/09 19:21:50,0.73
N1,,2024/04/09 19:21:51,0.84
N1,,2024/04/09 19:21:52,0.85
N1,,2024/04/09 19:21:53,0.83
N1,,2024/04/09 19:21:54,0.89
N1,,2024/04/09 19:21:55,0.89
N1,,2024/04/09 19:21:56,0.87
N1,,2024/04/09 19:21:57,0.89
N1,,2024/04/09 19:21:58,0.89
N1,,2024/04/09 19:21:59,0.83
N1,,2024/04/09 19:22:00,0.81
N1,,2024/04/09 19:22:01,0.86
N1,,2024/04/09 19:22:02,0.86
N1,,2024/04/09 19:22:03,0.91
N1,,2024/04/09 19:22:04,0.80
N1,,2024/04/09 19:22:04,0.85
N1,,2024/04/09 19:22:05,0.86
N1,,2024/04/09 19:22:06,0.86
N1,,2024/04/09 19:22:07,0.84
N1,,2024/04/09 19:22:08,0.82
N1,,2024/04/09 19:22:09,0.84
N1,,2024/04/09 19:22:10,0.83
N1,,2024/04/09 19:22:11,0.82
N1,,2024/04/09 19:22:12,0.86
N1,,2024/04/09 19:22:13,0.87
N1,,2024/04/09 19:22:14,0.86
N1,,2024/04/09 19:22:15,0.90
N1,,2024/04/09 19:22:16,0.90
N1,,2024/04/09 19:22:17,0.80
N1,,2024/04/09 19:22:18,0.92
N1,,2024/04/09 19:22:19,0.89
N1,,2024/04/09 19:22:20,0.91
N1,,2024/04/09 19:22:21,0.91
N1,,2024/04/09 19:22:22,0.92
N1,,2024/04/09 19:22:23,0.90
N1,,2024/04/09 19:22:24,0.91
N1,,2024/04/09 19:22:25,0.89
N1,,2024/04/09 19:22:26,0.90
N1,,2024/04/09 19:22:27,0.88
N1,,2024/04/09 19:22:28,0.90
N1,,2024/04/09 19:22:29,0.90
N1,,2024/04/09 19:22:30,0.89
N1,,2024/04/09 19:22:31,0.88
N1,,2024/04/09 19:22:32,0.89
N1,,2024/04/09 19:22:33,0.90
N1,,2024/04/09 19:22:34,0.93
N1,,2024/04/09 19:22:36,0.90
N1,,2024/04/09 19:22:37,0.89
N1,,2024/04/09 19:22:38,0.90
N1,,2024/04/09 19:22:43,0.87
N1,,2024/04/09 19:22:44,0.41
N1,,2024/04/09 19:22:49,0.90
N1,,2024/04/09 19:22:50,0.81
N1,,2024/04/09 19:22:51,0.61
N1,,2024/04/09 19:22:51,0.39
N1,,2024/04/09 19:24:10,0.82
N1,,2024/04/09 19:24:11,0.93
N1,,2024/04/09 19:24:12,0.67
N1,,2024/04/09 19:24:12,0.38
N1,,2024/04/09 19:24:13,0.92
N1,,2024/04/09 19:24:14,0.92
N1,,2024/04/09 19:24:15,0.90
N1,,2024/04/09 19:24:16,0.92
N1,,2024/04/09 19:24:17,0.93
N1,,2024/04/09 19:24:18,0.92
N1,,2024/04/09 19:24:19,0.92
N1,,2024/04/09 19:24:20,0.91
N1,,2024/04/09 19:24:21,0.92
N1,,2024/04/09 19:24:22,0.93
N1,,2024/04/09 19:24:23,0.92
N1,,2024/04/09 19:24:24,0.92
N1,,2024/04/09 19:24:25,0.88
N1,,2024/04/09 19:24:26,0.86
N1,,2024/04/09 19:24:27,0.93
N1,,2024/04/09 19:24:28,0.93
N1,,2024/04/09 19:24:29,0.94
N1,,2024/04/09 19:24:30,0.94
N1,,2024/04/09 19:24:31,0.92
N1,,2024/04/09 19:24:32,0.92
N1,,2024/04/09 19:24:33,0.91
N1,,2024/04/09 19:24:34,0.90
N1,,2024/04/09 19:24:35,0.94
N1,,2024/04/09 19:24:36,0.94
N1,,2024/04/09 19:24:37,0.93
N1,,2024/04/09 19:24:38,0.94
N1,,2024/04/09 19:24:39,0.91
N1,,2024/04/09 19:24:40,0.94
N1,,2024/04/09 19:24:40,0.94
N1,,2024/04/09 19:24:41,0.93
N1,,2024/04/09 19:24:42,0.94
N1,,2024/04/09 19:24:43,0.93
N1,,2024/04/09 19:24:44,0.92
N1,,2024/04/09 19:24:45,0.91
N1,,2024/04/09 19:24:46,0.91
N1,,2024/04/09 19:24:47,0.92
N1,,2024/04/09 19:24:48,0.91
N1,,2024/04/09 19:24:49,0.93
N1,,2024/04/09 19:24:50,0.90
N1,,2024/04/09 19:24:51,0.91
N1,,2024/04/09 19:24:52,0.90
N1,,2024/04/09 19:24:53,0.92
N1,,2024/04/09 19:24:54,0.93
N1,,2024/04/09 19:24:55,0.90
N1,,2024/04/09 19:24:56,0.92
N1,,2024/04/09 19:24:57,0.91
N1,,2024/04/09 19:24:58,0.91
N1,,2024/04/09 19:24:59,0.88
N1,,2024/04/09 19:25:00,0.92
N1,,2024/04/09 19:25:00,0.92
N1,,2024/04/09 19:25:00,0.91
N1,,2024/04/09 19:25:01,0.94
N1,,2024/04/09 19:25:02,0.93
N1,,2024/04/09 19:25:03,0.94
N1,,2024/04/09 19:25:04,0.94
N1,,2024/04/09 19:25:05,0.94
N1,,2024/04/09 19:25:06,0.94
N1,,2024/04/09 19:25:07,0.85
N1,,2024/04/09 19:27:32,0.75
N1,,2024/04/09 19:27:33,0.90
N1,,2024/04/09 19:27:34,0.88
N1,,2024/04/09 19:27:35,0.88
N1,,2024/04/09 19:27:36,0.90
N1,,2024/04/09 19:27:37,0.90
N1,,2024/04/09 19:27:38,0.90
N1,,2024/04/09 19:27:38,0.90
N1,,2024/04/09 19:27:39,0.90
N1,,2024/04/09 19:27:40,0.91
N1,,2024/04/09 19:27:41,0.91
N1,,2024/04/09 19:27:42,0.90
N1,,2024/04/09 19:27:43,0.90
N1,,2024/04/09 19:27:44,0.90
N1,,2024/04/09 19:27:45,0.90
N1,,2024/04/09 19:27:46,0.90
N1,,2024/04/09 19:27:47,0.91
N1,,2024/04/09 19:27:48,0.91
N1,,2024/04/09 19:27:49,0.90
N1,,2024/04/09 19:27:50,0.90
N1,,2024/04/09 19:27:51,0.71
N1,,2024/04/09 19:27:52,0.88
N1,,2024/04/09 19:27:53,0.91
N1,,2024/04/09 19:27:54,0.91
N1,,2024/04/09 19:27:55,0.91
N1,,2024/04/09 19:27:56,0.91
N1,,2024/04/09 19:27:57,0.90
N1,,2024/04/09 19:27:58,0.89
N1,,2024/04/09 19:27:59,0.90
N1,,2024/04/09 19:28:00,0.91
N1,,2024/04/09 19:28:01,0.88
N1,,2024/04/09 19:28:02,0.91
N1,,2024/04/09 19:28:03,0.91
N1,,2024/04/09 19:28:04,0.89
N1,,2024/04/09 19:28:05,0.79
N1,,2024/04/09 19:28:06,0.90
N1,,2024/04/09 19:28:07,0.88
N1,,2024/04/09 19:28:08,0.89
N1,,2024/04/09 19:28:09,0.89
N1,,2024/04/09 19:28:10,0.88
N1,,2024/04/09 19:28:10,0.91
N1,,2024/04/09 19:28:11,0.91
N1,,2024/04/09 19:28:12,0.90
N1,,2024/04/09 19:28:13,0.88
N1,,2024/04/09 19:28:14,0.92
N1,,2024/04/09 19:28:15,0.81
N1,,2024/04/09 19:28:16,0.87
N1,,2024/04/09 19:28:17,0.89
N1,,2024/04/09 19:28:18,0.92
N1,,2024/04/09 19:28:19,0.94
N1,,2024/04/09 19:28:20,0.90
N1,,2024/04/09 19:28:21,0.88
N1,,2024/04/09 19:28:22,0.91
N1,,2024/04/09 19:28:23,0.91
N1,,2024/04/09 19:28:24,0.91
N1,,2024/04/09 19:28:25,0.92
N1,,2024/04/09 19:28:26,0.90
N1,,2024/04/09 19:28:27,0.90
N1,,2024/04/09 19:28:28,0.91
N1,,2024/04/09 19:28:29,0.92
N1,,2024/04/09 19:28:30,0.91
N1,,2024/04/09 19:28:31,0.90
N1,,2024/04/09 19:28:32,0.91
N1,,2024/04/09 19:28:35,0.87
N1,,2024/04/09 19:28:36,0.87
N1,,2024/04/09 19:28:41,0.86
N1,,2024/04/09 19:28:42,0.51
N1,,2024/04/09 19:28:46,0.89
N1,,2024/04/09 19:28:47,0.92
N1,,2024/04/09 19:30:05,0.41
N1,,2024/04/09 19:30:06,0.90
N1,,2024/04/09 19:30:07,0.92
N1,,2024/04/09 19:30:08,0.93
N1,,2024/04/09 19:30:09,0.92
N1,,2024/04/09 19:30:10,0.92
N1,,2024/04/09 19:30:11,0.92
N1,,2024/04/09 19:30:12,0.93
N1,,2024/04/09 19:30:13,0.92
N1,,2024/04/09 19:30:14,0.93
N1,,2024/04/09 19:30:15,0.92
N1,,2024/04/09 19:30:16,0.94
N1,,2024/04/09 19:30:17,0.94
N1,,2024/04/09 19:30:18,0.92
N1,,2024/04/09 19:30:19,0.91
N1,,2024/04/09 19:30:20,0.89
N1,,2024/04/09 19:30:21,0.90
N1,,2024/04/09 19:30:22,0.93
N1,,2024/04/09 19:30:23,0.92
N1,,2024/04/09 19:30:24,0.79
N1,,2024/04/09 19:30:25,0.94
N1,,2024/04/09 19:30:26,0.94
N1,,2024/04/09 19:30:27,0.94
N1,,2024/04/09 19:30:28,0.94
N1,,2024/04/09 19:30:29,0.94
N1,,2024/04/09 19:30:30,0.92
N1,,2024/04/09 19:30:31,0.94
N1,,2024/04/09 19:30:32,0.94
N1,,2024/04/09 19:30:33,0.93
N1,,2024/04/09 19:30:33,0.94
N1,,2024/04/09 19:30:34,0.93
N1,,2024/04/09 19:30:35,0.93
N1,,2024/04/09 19:30:36,0.91
N1,,2024/04/09 19:30:37,0.94
N1,,2024/04/09 19:30:38,0.96
N1,,2024/04/09 19:30:39,0.94
N1,,2024/04/09 19:30:40,0.93
N1,,2024/04/09 19:30:41,0.93
N1,,2024/04/09 19:30:42,0.93
N1,,2024/04/09 19:30:43,0.94
N1,,2024/04/09 19:30:44,0.93
N1,,2024/04/09 19:30:45,0.91
N1,,2024/04/09 19:30:46,0.91
N1,,2024/04/09 19:30:47,0.93
N1,,2024/04/09 19:30:48,0.93
N1,,2024/04/09 19:30:49,0.92
N1,,2024/04/09 19:30:50,0.93
N1,,2024/04/09 19:30:51,0.93
N1,,2024/04/09 19:30:52,0.93
N1,,2024/04/09 19:30:53,0.95
N1,,2024/04/09 19:30:54,0.92
N1,,2024/04/09 19:30:55,0.91
N1,,2024/04/09 19:30:56,0.91
N1,,2024/04/09 19:30:57,0.91
N1,,2024/04/09 19:30:58,0.92
N1,,2024/04/09 19:30:59,0.94
N1,,2024/04/09 19:33:17,0.55
N1,,2024/04/09 19:33:18,0.90
N1,,2024/04/09 19:33:19,0.90
N1,,2024/04/09 19:33:20,0.90
N1,,2024/04/09 19:33:21,0.88
N1,,2024/04/09 19:33:22,0.93
N1,,2024/04/09 19:33:23,0.94
N1,,2024/04/09 19:33:23,0.93
N1,,2024/04/09 19:33:24,0.94
N1,,2024/04/09 19:33:25,0.92
N1,,2024/04/09 19:33:26,0.93
N1,,2024/04/09 19:33:27,0.93
N1,,2024/04/09 19:33:28,0.91
N1,,2024/04/09 19:33:29,0.92
N1,,2024/04/09 19:33:30,0.92
N1,,2024/04/09 19:33:31,0.92
N1,,2024/04/09 19:33:32,0.91
N1,,2024/04/09 19:33:33,0.92
N1,,2024/04/09 19:33:34,0.92
N1,,2024/04/09 19:33:35,0.90
N1,,2024/04/09 19:33:36,0.91
N1,,2024/04/09 19:33:37,0.93
N1,,2024/04/09 19:33:38,0.92
N1,,2024/04/09 19:33:39,0.92
N1,,2024/04/09 19:33:40,0.91
N1,,2024/04/09 19:33:41,0.90
N1,,2024/04/09 19:33:42,0.90
N1,,2024/04/09 19:33:43,0.92
N1,,2024/04/09 19:33:44,0.93
N1,,2024/04/09 19:33:45,0.92
N1,,2024/04/09 19:33:46,0.93
N1,,2024/04/09 19:33:47,0.92
N1,,2024/04/09 19:33:48,0.91
N1,,2024/04/09 19:33:49,0.91
N1,,2024/04/09 19:33:50,0.92
N1,,2024/04/09 19:33:51,0.92
N1,,2024/04/09 19:33:52,0.92
N1,,2024/04/09 19:33:53,0.92
N1,,2024/04/09 19:33:54,0.92
N1,,2024/04/09 19:33:55,0.92
N1,,2024/04/09 19:33:56,0.90
N1,,2024/04/09 19:33:56,0.90
N1,,2024/04/09 19:33:57,0.92
N1,,2024/04/09 19:33:58,0.90
N1,,2024/04/09 19:33:59,0.91
N1,,2024/04/09 19:34:00,0.92
N1,,2024/04/09 19:34:01,0.93
N1,,2024/04/09 19:34:02,0.93
N1,,2024/04/09 19:34:03,0.91
N1,,2024/04/09 19:34:04,0.92
N1,,2024/04/09 19:34:05,0.92
N1,,2024/04/09 19:34:06,0.91
N1,,2024/04/09 19:34:07,0.91
N1,,2024/04/09 19:34:08,0.91
N1,,2024/04/09 19:34:09,0.89
N1,,2024/04/09 19:34:10,0.90
N1,,2024/04/09 19:34:11,0.91
N1,,2024/04/09 19:34:12,0.91
N1,,2024/04/09 19:34:13,0.91
N1,,2024/04/09 19:34:14,0.91
N1,,2024/04/09 19:34:15,0.92
N1,,2024/04/09 19:34:16,0.89
N1,,2024/04/09 19:34:17,0.90
N1,,2024/04/09 19:34:18,0.90
N1,,2024/04/09 19:34:19,0.90
N1,,2024/04/09 19:34:20,0.83
N1,,2024/04/09 19:34:21,0.89
N1,,2024/04/09 19:34:22,0.91
N1,,2024/04/09 19:34:23,0.89
N1,,2024/04/09 19:34:24,0.87
N1,,2024/04/09 19:34:25,0.92
N1,,2024/04/09 19:34:26,0.88
N1,,2024/04/09 19:34:27,0.90
N1,,2024/04/09 19:34:28,0.92
N1,,2024/04/09 19:34:29,0.92
N1,,2024/04/09 19:34:30,0.92
N1,,2024/04/09 19:34:30,0.93
N1,,2024/04/09 19:34:31,0.62
N1,,2024/04/09 19:34:34,0.87
N1,,2024/04/09 19:34:35,0.86
N1,,2024/04/09 19:34:41,0.86
N1,,2024/04/09 19:34:42,0.72
N1,,2024/04/09 19:34:47,0.91
N1,,2024/04/09 19:34:48,0.92
N1,,2024/04/09 19:36:22,0.91
N1,,2024/04/09 19:36:23,0.60
N1,,2024/04/09 19:36:29,0.87
N1,,2024/04/09 19:36:30,0.91
N1,,2024/04/09 19:36:31,0.78
N1,,2024/04/09 19:36:32,0.92
N1,,2024/04/09 19:36:33,0.91
N1,,2024/04/09 19:36:34,0.94
N1,,2024/04/09 19:36:35,0.91
N1,,2024/04/09 19:36:36,0.93
N1,,2024/04/09 19:36:37,0.91
N1,,2024/04/09 19:36:38,0.91
N1,,2024/04/09 19:36:38,0.93
N1,,2024/04/09 19:36:39,0.92
N1,,2024/04/09 19:36:40,0.90
N1,,2024/04/09 19:36:41,0.92
N1,,2024/04/09 19:36:42,0.92
N1,,2024/04/09 19:36:43,0.91
N1,,2024/04/09 19:36:44,0.92
N1,,2024/04/09 19:36:45,0.92
N1,,2024/04/09 19:36:46,0.92
N1,,2024/04/09 19:36:47,0.94
N1,,2024/04/09 19:36:48,0.91
N1,,2024/04/09 19:36:49,0.86
N1,,2024/04/09 19:36:50,0.93
N1,,2024/04/09 19:36:51,0.80
N1,,2024/04/09 19:36:52,0.94
N1,,2024/04/09 19:36:53,0.95
N1,,2024/04/09 19:36:54,0.94
N1,,2024/04/09 19:36:55,0.93
N1,,2024/04/09 19:36:56,0.95
N1,,2024/04/09 19:36:57,0.94
N1,,2024/04/09 19:36:58,0.94
N1,,2024/04/09 19:36:59,0.94
N1,,2024/04/09 19:37:00,0.93
N1,,2024/04/09 19:37:01,0.93
N1,,2024/04/09 19:37:02,0.94
N1,,2024/04/09 19:37:03,0.91
N1,,2024/04/09 19:37:04,0.93
N1,,2024/04/09 19:37:05,0.93
N1,,2024/04/09 19:37:06,0.93
N1,,2024/04/09 19:37:07,0.92
N1,,2024/04/09 19:37:08,0.93
N1,,2024/04/09 19:37:09,0.58
N1,,2024/04/09 19:38:41,0.90
N1,,2024/04/09 19:39:54,0.93
N1,,2024/04/09 19:39:54,0.95
N1,,2024/04/09 19:39:55,0.89
N1,,2024/04/09 19:39:56,0.91
N1,,2024/04/09 19:39:57,0.89
N1,,2024/04/09 19:39:58,0.92
N1,,2024/04/09 19:39:59,0.90
N1,,2024/04/09 19:40:00,0.91
N1,,2024/04/09 19:40:00,0.92
N1,,2024/04/09 19:40:01,0.96
N1,,2024/04/09 19:40:02,0.95
N1,,2024/04/09 19:40:03,0.93
N1,,2024/04/09 19:40:04,0.91
N1,,2024/04/09 19:40:05,0.91
N1,,2024/04/09 19:40:06,0.93
N1,,2024/04/09 19:40:07,0.84
N1,,2024/04/09 19:40:08,0.91
N1,,2024/04/09 19:40:09,0.93
N1,,2024/04/09 19:40:10,0.84
N1,,2024/04/09 19:40:11,0.90
N1,,2024/04/09 19:40:12,0.84
N1,,2024/04/09 19:40:13,0.89
N1,,2024/04/09 19:40:14,0.91
N1,,2024/04/09 19:40:15,0.91
N1,,2024/04/09 19:40:16,0.90
N1,,2024/04/09 19:40:17,0.82
N1,,2024/04/09 19:40:18,0.87
N1,,2024/04/09 19:40:19,0.92
N1,,2024/04/09 19:40:20,0.91
N1,,2024/04/09 19:40:21,0.79
N1,,2024/04/09 19:40:22,0.73
N1,,2024/04/09 19:40:23,0.91
N1,,2024/04/09 19:40:24,0.89
N1,,2024/04/09 19:40:25,0.90
N1,,2024/04/09 19:40:26,0.89
N1,,2024/04/09 19:40:27,0.89
N1,,2024/04/09 19:40:28,0.90
N1,,2024/04/09 19:40:29,0.89
N1,,2024/04/09 19:40:30,0.91
N1,,2024/04/09 19:40:31,0.88
N1,,2024/04/09 19:40:35,0.85
N1,,2024/04/09 19:40:36,0.79
N1,,2024/04/09 19:40:37,0.84
N1,,2024/04/09 19:40:38,0.58
N1,,2024/04/09 19:40:39,0.87
N1,,2024/04/09 19:40:40,0.87
N1,,2024/04/09 19:40:41,0.78
N1,,2024/04/09 19:40:42,0.88
N1,,2024/04/09 19:40:43,0.84
N1,,2024/04/09 19:40:44,0.88
N1,,2024/04/09 19:40:45,0.86
N1,,2024/04/09 19:40:46,0.87
N1,,2024/04/09 19:40:47,0.88
N1,,2024/04/09 19:40:48,0.86
N1,,2024/04/09 19:40:49,0.90
N1,,2024/04/09 19:40:50,0.91
N1,,2024/04/09 19:40:51,0.89
N1,,2024/04/09 19:40:52,0.76
N1,,2024/04/09 19:40:53,0.91
N1,,2024/04/09 19:40:54,0.82
N1,,2024/04/09 19:40:56,0.88
N1,,2024/04/09 19:41:01,0.89
N1,,2024/04/09 19:41:02,0.40
N1,,2024/04/09 19:41:03,0.94
N1,,2024/04/09 20:23:26,0.88
N1,,2024/04/09 20:23:27,0.59
N1,,2024/04/09 20:23:28,0.62
N1,,2024/04/09 20:23:29,0.87
N1,,2024/04/09 20:23:30,0.92
N1,,2024/04/09 20:23:37,0.89
N1,,2024/04/09 20:23:38,0.91
N1,,2024/04/09 20:23:39,0.84
N1,,2024/04/09 20:23:42,0.81
N1,,2024/04/09 20:23:43,0.87
N1,,2024/04/09 20:23:44,0.90
N1,,2024/04/09 20:23:55,0.89
N1,,2024/04/09 20:23:56,0.86
N1,,2024/04/09 20:23:57,0.47
N1,,2024/04/09 20:23:58,0.86
N1,,2024/04/09 20:23:59,0.82
N1,,2024/04/09 20:24:00,0.89
N1,,2024/04/09 20:24:01,0.84
N1,,2024/04/09 20:24:02,0.88
N1,,2024/04/09 20:24:03,0.89
N1,,2024/04/09 20:24:04,0.87
N1,,2024/04/09 20:24:05,0.86
N1,,2024/04/09 20:24:06,0.54
N1,,2024/04/09 20:24:08,0.59
N1,,2024/04/09 20:24:09,0.87
N1,,2024/04/09 20:24:13,0.89
N1,,2024/04/09 20:24:14,0.90
N1,,2024/04/09 20:24:15,0.91
N1,,2024/04/09 20:24:36,0.89
N1,,2024/04/09 20:24:37,0.60
N1,,2024/04/09 20:24:38,0.90
N1,,2024/04/09 20:24:41,0.73
N1,,2024/04/09 20:24:42,0.85
N1,,2024/04/09 20:24:54,0.88
N1,,2024/04/09 20:24:55,0.88
N1,,2024/04/09 20:24:56,0.90
N1,,2024/04/09 20:24:57,0.90
N1,,2024/04/09 20:24:58,0.90
N1,,2024/04/09 20:25:00,0.88
N1,,2024/04/09 20:25:00,0.91
N1,,2024/04/09 20:25:01,0.90
N1,,2024/04/09 20:25:02,0.91
N1,,2024/04/09 20:25:03,0.92
N1,,2024/04/09 20:25:04,0.73
N1,,2024/04/09 20:25:17,0.61
N1,,2024/04/09 20:25:18,0.93
N1,,2024/04/09 20:25:19,0.90
N1,,2024/04/09 20:28:37,0.91
N1,,2024/04/09 20:28:38,0.93
N1,,2024/04/09 20:28:39,0.91
N1,,2024/04/09 20:28:40,0.94
N1,,2024/04/09 20:28:41,0.93
N1,,2024/04/09 20:28:42,0.91
N1,,2024/04/09 20:28:43,0.91
N1,,2024/04/09 20:28:44,0.93
N1,,2024/04/09 20:28:45,0.92
N1,,2024/04/09 20:28:46,0.93
N1,,2024/04/09 20:28:47,0.93
N1,,2024/04/09 20:28:48,0.90
N1,,2024/04/09 20:28:49,0.93
N1,,2024/04/09 20:28:50,0.92
N1,,2024/04/09 20:28:51,0.93
N1,,2024/04/09 20:28:52,0.93
N1,,2024/04/09 20:28:53,0.94
N1,,2024/04/09 20:28:54,0.92
N1,,2024/04/09 20:28:55,0.93
N1,,2024/04/09 20:28:56,0.92
N1,,2024/04/09 20:28:57,0.92
N1,,2024/04/09 20:28:58,0.93
N1,,2024/04/09 20:28:59,0.93
N1,,2024/04/09 20:29:00,0.92
N1,,2024/04/09 20:29:01,0.94
N1,,2024/04/09 20:29:01,0.92
N1,,2024/04/09 20:29:02,0.92
N1,,2024/04/09 20:29:03,0.94
N1,,2024/04/09 20:29:04,0.93
N1,,2024/04/09 20:29:05,0.94
N1,,2024/04/09 20:29:06,0.91
N1,,2024/04/09 20:29:07,0.93
N1,,2024/04/09 20:29:08,0.91
N1,,2024/04/09 20:29:09,0.92
N1,,2024/04/09 20:29:10,0.92
N1,,2024/04/09 20:29:11,0.92
N1,,2024/04/09 20:29:12,0.93
N1,,2024/04/09 20:29:13,0.92
N1,,2024/04/09 20:29:14,0.91
N1,,2024/04/09 20:29:15,0.93
N1,,2024/04/09 20:29:16,0.90
N1,,2024/04/09 20:29:17,0.89
N1,,2024/04/09 20:29:18,0.91
N1,,2024/04/09 20:29:19,0.92
N1,,2024/04/09 20:29:20,0.89
N1,,2024/04/09 20:29:21,0.87
N1,,2024/04/09 20:29:22,0.89
N1,,2024/04/09 20:29:23,0.91
N1,,2024/04/09 20:29:24,0.92
N1,,2024/04/09 20:29:25,0.91
N1,,2024/04/09 20:29:26,0.92
N1,,2024/04/09 20:29:27,0.93
N1,,2024/04/09 20:29:28,0.91
N1,,2024/04/09 20:29:29,0.92
N1,,2024/04/09 20:29:30,0.92
N1,,2024/04/09 20:29:31,0.93
N1,,2024/04/09 20:29:31,0.93
N1,,2024/04/09 20:29:32,0.91
N1,,2024/04/09 20:29:33,0.91
N1,,2024/04/09 20:29:34,0.90
N1,,2024/04/09 20:29:35,0.91
N1,,2024/04/09 20:29:36,0.92
N1,,2024/04/09 20:29:37,0.92
N1,,2024/04/09 20:29:38,0.91
N1,,2024/04/09 20:29:39,0.89
N1,,2024/04/09 20:29:40,0.90
N1,,2024/04/09 20:29:41,0.91
N1,,2024/04/09 20:29:42,0.92
N1,,2024/04/09 20:29:43,0.93
N1,,2024/04/09 20:29:44,0.93
N1,,2024/04/09 20:29:45,0.78
N1,,2024/04/09 20:29:46,0.91
N1,,2024/04/09 20:29:47,0.91
N1,,2024/04/09 20:29:48,0.91
N1,,2024/04/09 20:29:49,0.89
N1,,2024/04/09 20:29:50,0.91
N1,,2024/04/09 20:29:51,0.90
N1,,2024/04/09 20:29:52,0.93
N1,,2024/04/09 20:29:53,0.93
N1,,2024/04/09 20:29:54,0.94
N1,,2024/04/09 20:29:55,0.93
N1,,2024/04/09 20:29:56,0.93
N1,,2024/04/09 20:29:57,0.93
N1,,2024/04/09 20:29:58,0.92
N1,,2024/04/09 20:29:59,0.93
N1,,2024/04/09 20:30:00,0.95
N1,,2024/04/09 20:30:00,0.94
N1,,2024/04/09 20:30:00,0.95
N1,,2024/04/09 20:30:01,0.94
N1,,2024/04/09 20:30:02,0.95
N1,,2024/04/09 20:30:03,0.94
N1,,2024/04/09 20:30:04,0.92
N1,,2024/04/09 20:30:05,0.93
N1,,2024/04/09 20:30:06,0.92
N1,,2024/04/09 20:30:07,0.92
N1,,2024/04/09 20:30:08,0.93
N1,,2024/04/09 20:30:09,0.92
N1,,2024/04/09 20:30:10,0.92
N1,,2024/04/09 20:30:11,0.92
N1,,2024/04/09 20:30:12,0.93
N1,,2024/04/09 20:30:13,0.93
N1,,2024/04/09 20:30:14,0.92
N1,,2024/04/09 20:30:15,0.90
N1,,2024/04/09 20:30:16,0.92
N1,,2024/04/09 20:30:17,0.92
N1,,2024/04/09 20:30:18,0.92
N1,,2024/04/09 20:30:19,0.92
N1,,2024/04/09 20:30:20,0.92
N1,,2024/04/09 20:30:21,0.92
N1,,2024/04/09 20:30:22,0.92
N1,,2024/04/09 20:30:23,0.91
N1,,2024/04/09 20:30:24,0.91
N1,,2024/04/09 20:30:25,0.90
N1,,2024/04/09 20:30:26,0.91
N1,,2024/04/09 20:30:27,0.92
N1,,2024/04/09 20:30:28,0.92
N1,,2024/04/09 20:30:29,0.92
N1,,2024/04/09 20:30:30,0.92
N1,,2024/04/09 20:30:31,0.92
N1,,2024/04/09 20:30:31,0.91
N1,,2024/04/09 20:30:32,0.93
N1,,2024/04/09 20:30:33,0.92
N1,,2024/04/09 20:30:34,0.92
N1,,2024/04/09 20:30:35,0.93
N1,,2024/04/09 20:30:36,0.91
N1,,2024/04/09 20:30:37,0.93
N1,,2024/04/09 20:30:38,0.92
N1,,2024/04/09 20:30:39,0.78
N1,,2024/04/09 20:30:40,0.93
N1,,2024/04/09 20:30:41,0.93
N1,,2024/04/09 20:30:42,0.93
N1,,2024/04/09 20:30:43,0.93
N1,,2024/04/09 20:30:44,0.93
N1,,2024/04/09 20:30:45,0.91
N1,,2024/04/09 20:30:46,0.94
N1,,2024/04/09 20:30:47,0.93
N1,,2024/04/09 20:30:48,0.93
N1,,2024/04/09 20:30:49,0.93
N1,,2024/04/09 20:30:50,0.91
N1,,2024/04/09 20:30:51,0.91
N1,,2024/04/09 20:30:52,0.90
N1,,2024/04/09 20:30:53,0.90
N1,,2024/04/09 20:30:54,0.91
N1,,2024/04/09 20:31:13,0.50
N1,,2024/04/09 20:31:13,0.47
N1,,2024/04/09 20:31:14,0.86
N1,,2024/04/09 20:31:15,0.90
N1,,2024/04/09 20:31:16,0.89
N1,,2024/04/09 20:31:17,0.86
N1,,2024/04/09 20:31:18,0.86
N1,,2024/04/09 20:31:19,0.80
N1,,2024/04/09 20:31:20,0.91
N1,,2024/04/09 20:31:21,0.91
N1,,2024/04/09 20:31:22,0.90
N1,,2024/04/09 20:31:23,0.92
N1,,2024/04/09 20:31:24,0.91
N1,,2024/04/09 20:31:25,0.91
N1,,2024/04/09 20:31:26,0.90
N1,,2024/04/09 20:31:27,0.93
N1,,2024/04/09 20:31:28,0.94
N1,,2024/04/09 20:31:29,0.92
N1,,2024/04/09 20:31:30,0.93
N1,,2024/04/09 20:31:31,0.93
N1,,2024/04/09 20:31:32,0.92
N1,,2024/04/09 20:31:33,0.93
N1,,2024/04/09 20:31:33,0.92
N1,,2024/04/09 20:31:34,0.93
N1,,2024/04/09 20:31:35,0.91
N1,,2024/04/09 20:31:36,0.52
N1,,2024/04/09 20:32:15,0.87
N1,,2024/04/09 20:32:16,0.92
N1,,2024/04/09 20:32:17,0.94
N1,,2024/04/09 20:32:18,0.95
N1,,2024/04/09 20:32:19,0.93
N1,,2024/04/09 20:32:20,0.92
N1,,2024/04/09 20:32:21,0.92
N1,,2024/04/09 20:32:22,0.93
N1,,2024/04/09 20:32:23,0.94
N1,,2024/04/09 20:32:24,0.94
N1,,2024/04/09 20:32:25,0.93
N1,,2024/04/09 20:32:26,0.94
N1,,2024/04/09 20:32:27,0.93
N1,,2024/04/09 20:32:28,0.90
N1,,2024/04/09 20:32:29,0.93
N1,,2024/04/09 20:32:30,0.94
N1,,2024/04/09 20:32:31,0.93
N1,,2024/04/09 20:32:32,0.92
N1,,2024/04/09 20:32:33,0.94
N1,,2024/04/09 20:32:34,0.93
N1,,2024/04/09 20:32:35,0.92
N1,,2024/04/09 20:32:35,0.93
N1,,2024/04/09 20:32:36,0.93
N1,,2024/04/09 20:32:37,0.92
N1,,2024/04/09 20:32:38,0.93
N1,,2024/04/09 20:32:39,0.92
N1,,2024/04/09 20:32:40,0.93
N1,,2024/04/09 20:32:41,0.92
N1,,2024/04/09 20:32:42,0.94
N1,,2024/04/09 20:32:43,0.93
N1,,2024/04/09 20:32:44,0.90
N1,,2024/04/09 20:32:45,0.92
N1,,2024/04/09 20:32:46,0.94
N1,,2024/04/09 20:32:47,0.90
N1,,2024/04/09 20:32:48,0.91
N1,,2024/04/09 20:32:49,0.93
N1,,2024/04/09 20:32:50,0.91
N1,,2024/04/09 20:32:51,0.91
N1,,2024/04/09 20:32:52,0.92
N1,,2024/04/09 20:32:53,0.93
N1,,2024/04/09 20:32:54,0.93
N1,,2024/04/09 20:32:55,0.93
N1,,2024/04/09 20:32:56,0.92
N1,,2024/04/09 20:32:57,0.93
N1,,2024/04/09 20:32:58,0.92
N1,,2024/04/09 20:32:59,0.92
N1,,2024/04/09 20:33:00,0.94
N1,,2024/04/09 20:33:01,0.94
N1,,2024/04/09 20:33:02,0.94
N1,,2024/04/09 20:33:03,0.95
N1,,2024/04/09 20:33:04,0.95
N1,,2024/04/09 20:33:05,0.95
N1,,2024/04/09 20:33:06,0.95
N1,,2024/04/09 20:33:06,0.94
N1,,2024/04/09 20:33:07,0.93
N1,,2024/04/09 20:33:08,0.94
N1,,2024/04/09 20:33:09,0.93
N1,,2024/04/09 20:33:10,0.96
N1,,2024/04/09 20:33:11,0.73
N1,,2024/04/09 20:33:11,0.63
N1,,2024/04/09 20:33:12,0.94
N1,,2024/04/09 20:33:13,0.94
N1,,2024/04/09 20:33:14,0.94
N1,,2024/04/09 20:33:15,0.93
N1,,2024/04/09 20:33:16,0.91
N1,,2024/04/09 20:33:17,0.87
N1,,2024/04/09 20:33:18,0.93
N1,,2024/04/09 20:33:19,0.92
N1,,2024/04/09 20:33:20,0.92
N1,,2024/04/09 20:33:21,0.86
N1,,2024/04/09 20:33:22,0.91
N1,,2024/04/09 20:33:23,0.85
N1,,2024/04/09 20:33:24,0.52
N1,,2024/04/09 20:33:42,0.84
N1,,2024/04/09 20:33:43,0.57
N1,,2024/04/09 20:34:03,0.47
N1,,2024/04/09 20:34:04,0.89
N1,,2024/04/09 20:34:05,0.90
N2,,2024/04/09 11:00:00,0.86
N2,,2024/04/09 11:00:00,0.92
N2,,2024/04/09 11:00:01,0.89
N2,,2024/04/09 11:00:02,0.88
N2,,2024/04/09 11:00:04,0.81
N2,,2024/04/09 11:00:05,0.83
N2,,2024/04/09 11:00:06,0.61
N2,,2024/04/09 11:00:15,0.91
N2,,2024/04/09 11:00:16,0.75
N2,,2024/04/09 11:00:17,0.75
N2,,2024/04/09 11:00:18,0.90
N2,,2024/04/09 11:00:19,0.87
N2,,2024/04/09 11:00:20,0.87
N2,,2024/04/09 11:00:21,0.89
N2,,2024/04/09 11:00:22,0.86
N2,,2024/04/09 11:00:23,0.85
N2,,2024/04/09 11:00:38,0.81
N2,,2024/04/09 11:00:39,0.90
N2,,2024/04/09 11:00:40,0.55
N2,,2024/04/09 11:00:41,0.41
N2,,2024/04/09 11:00:42,0.43
N2,,2024/04/09 11:00:43,0.83
N2,,2024/04/09 11:00:44,0.86
N2,,2024/04/09 11:00:45,0.54
N2,,2024/04/09 11:00:46,0.75
N2,,2024/04/09 11:00:47,0.45
N2,,2024/04/09 11:00:47,0.38
N2,,2024/04/09 11:00:48,0.83
N2,,2024/04/09 11:00:49,0.87
N2,,2024/04/09 11:00:50,0.88
N2,,2024/04/09 11:00:51,0.88
N2,,2024/04/09 11:00:52,0.85
N2,,2024/04/09 11:00:53,0.83
N2,,2024/04/09 11:00:54,0.53
N2,,2024/04/09 11:00:54,0.39
N2,,2024/04/09 11:00:55,0.85
N2,,2024/04/09 11:00:56,0.90
N2,,2024/04/09 11:00:57,0.87
N2,,2024/04/09 11:00:58,0.85
N2,,2024/04/09 11:00:59,0.82
N2,,2024/04/09 11:01:00,0.78
N2,,2024/04/09 11:01:01,0.90
N2,,2024/04/09 11:01:02,0.79
N2,,2024/04/09 11:01:03,0.88
N2,,2024/04/09 11:01:04,0.73
N2,,2024/04/09 11:01:05,0.77
N2,,2024/04/09 11:01:06,0.87
N2,,2024/04/09 11:01:07,0.77
N2,,2024/04/09 11:01:08,0.39
N2,,2024/04/09 11:01:08,0.38
N2,,2024/04/09 11:01:09,0.58
N2,,2024/04/09 11:01:10,0.63
N2,,2024/04/09 11:01:11,0.79
N2,,2024/04/09 11:01:12,0.92
N2,,2024/04/09 11:01:13,0.41
N2,,2024/04/09 11:01:19,0.74
N2,,2024/04/09 11:01:20,0.51
N2,,2024/04/09 11:01:40,0.44
N2,,2024/04/09 11:01:41,0.59
N2,,2024/04/09 11:01:43,0.70
N2,,2024/04/09 11:03:19,0.41
N2,,2024/04/09 11:03:22,0.68
N2,,2024/04/09 11:03:57,0.91
N2,,2024/04/09 11:04:10,0.73
N2,,2024/04/09 11:07:31,0.93
N2,,2024/04/09 11:07:32,0.93
N2,,2024/04/09 11:07:33,0.86
N2,,2024/04/09 11:07:34,0.87
N2,,2024/04/09 11:07:35,0.91
N2,,2024/04/09 11:07:36,0.87
N2,,2024/04/09 11:07:37,0.92
N2,,2024/04/09 11:07:38,0.91
N2,,2024/04/09 11:07:39,0.88
N2,,2024/04/09 11:07:40,0.91
N2,,2024/04/09 11:08:06,0.92
N2,,2024/04/09 11:08:11,0.92
N2,,2024/04/09 11:08:13,0.90
N2,,2024/04/09 11:08:14,0.90
N2,,2024/04/09 11:08:15,0.92
N2,,2024/04/09 11:08:16,0.93
N2,,2024/04/09 11:08:25,0.86
N2,,2024/04/09 11:08:26,0.82
N2,,2024/04/09 11:08:27,0.47
N2,,2024/04/09 11:08:28,0.59
N2,,2024/04/09 11:08:29,0.90
N2,,2024/04/09 11:10:03,0.38
N2,,2024/04/09 11:10:04,0.84
N2,,2024/04/09 11:10:05,0.89
N2,,2024/04/09 11:10:06,0.90
N2,,2024/04/09 11:10:07,0.77
N2,,2024/04/09 11:10:08,0.87
N2,,2024/04/09 11:10:09,0.92
N2,,2024/04/09 11:10:10,0.94
N2,,2024/04/09 11:10:11,0.94
N2,,2024/04/09 11:10:14,0.41
N2,,2024/04/09 11:10:14,0.40
N2,,2024/04/09 11:10:15,0.46
N2,,2024/04/09 11:10:16,0.58
N2,,2024/04/09 11:10:17,0.78
N2,,2024/04/09 11:10:18,0.80
N2,,2024/04/09 11:10:19,0.77
N2,,2024/04/09 11:10:20,0.80
N2,,2024/04/09 11:10:21,0.75
N2,,2024/04/09 11:10:22,0.82
N2,,2024/04/09 11:10:23,0.86
N2,,2024/04/09 11:10:24,0.93
N2,,2024/04/09 11:10:25,0.80
N2,,2024/04/09 11:10:26,0.71
N2,,2024/04/09 11:10:27,0.45
N2,,2024/04/09 11:10:27,0.38
N2,,2024/04/09 11:10:46,0.42
N2,,2024/04/09 11:11:17,0.47
N2,,2024/04/09 11:11:19,0.64
N2,,2024/04/09 11:12:47,0.66
N2,,2024/04/09 11:19:15,0.77
N2,,2024/04/09 11:19:16,0.71
N2,,2024/04/09 11:19:17,0.43
N2,,2024/04/09 11:19:18,0.90
N2,,2024/04/09 11:19:19,0.89
N2,,2024/04/09 11:19:20,0.94
N2,,2024/04/09 11:19:21,0.94
N2,,2024/04/09 11:19:22,0.93
N2,,2024/04/09 11:19:23,0.92
N2,,2024/04/09 11:19:24,0.84
N2,,2024/04/09 11:19:25,0.84
N2,,2024/04/09 11:19:26,0.53
N2,,2024/04/09 11:19:27,0.93
N2,,2024/04/09 11:19:28,0.95
N2,,2024/04/09 11:19:29,0.94
N2,,2024/04/09 11:19:29,0.94
N2,,2024/04/09 11:19:30,0.90
N2,,2024/04/09 11:19:31,0.89
N2,,2024/04/09 11:19:32,0.91
N2,,2024/04/09 11:19:33,0.68
N2,,2024/04/09 11:19:34,0.92
N2,,2024/04/09 11:19:35,0.94
N2,,2024/04/09 11:19:36,0.91
N2,,2024/04/09 11:19:40,0.92
N2,,2024/04/09 11:19:41,0.91
N2,,2024/04/09 11:19:42,0.88
N2,,2024/04/09 11:19:43,0.89
N2,,2024/04/09 11:19:44,0.89
N2,,2024/04/09 11:19:45,0.84
N2,,2024/04/09 11:19:46,0.87
N2,,2024/04/09 11:19:47,0.85
N2,,2024/04/09 11:19:48,0.92
N2,,2024/04/09 11:19:49,0.67
N2,,2024/04/09 11:19:50,0.72
N2,,2024/04/09 11:19:51,0.88
N2,,2024/04/09 11:19:52,0.88
N2,,2024/04/09 11:19:53,0.90
N2,,2024/04/09 11:19:54,0.89
N2,,2024/04/09 11:19:54,0.92
N2,,2024/04/09 11:19:55,0.88
N2,,2024/04/09 11:19:56,0.89
N2,,2024/04/09 11:19:57,0.88
N2,,2024/04/09 11:19:58,0.90
N2,,2024/04/09 11:19:59,0.89
N2,,2024/04/09 11:20:00,0.89
N2,,2024/04/09 11:20:00,0.88
N2,,2024/04/09 11:20:01,0.87
N2,,2024/04/09 11:20:02,0.88
N2,,2024/04/09 11:20:03,0.70
N2,,2024/04/09 11:20:04,0.39
N2,,2024/04/09 11:20:06,0.47
N2,,2024/04/09 11:20:07,0.65
N2,,2024/04/09 11:20:09,0.55
N2,,2024/04/09 11:20:11,0.72
N2,,2024/04/09 11:20:12,0.84
N2,,2024/04/09 11:20:14,0.68
N2,,2024/04/09 11:20:15,0.42
N2,,2024/04/09 11:20:16,0.63
N2,,2024/04/09 11:20:57,0.52
N2,,2024/04/09 11:21:04,0.47
N2,,2024/04/09 12:25:28,0.68
N2,,2024/04/09 12:25:34,0.81
N2,,2024/04/09 12:42:34,0.93
N2,,2024/04/09 12:42:35,0.89
N2,,2024/04/09 12:42:36,0.88
N2,,2024/04/09 12:42:37,0.89
N2,,2024/04/09 12:42:38,0.81
N2,,2024/04/09 12:42:40,0.62
N2,,2024/04/09 12:42:41,0.94
N2,,2024/04/09 12:42:42,0.92
N2,,2024/04/09 12:42:43,0.91
N2,,2024/04/09 12:42:44,0.92
N2,,2024/04/09 12:42:45,0.92
N2,,2024/04/09 12:42:46,0.94
N2,,2024/04/09 12:42:47,0.79
N2,,2024/04/09 12:42:48,0.91
N2,,2024/04/09 12:42:49,0.93
N2,,2024/04/09 12:42:50,0.74
N2,,2024/04/09 12:42:53,0.69
N2,,2024/04/09 12:42:54,0.85
N2,,2024/04/09 12:42:55,0.38
N2,,2024/04/09 12:42:56,0.87
N2,,2024/04/09 12:42:57,0.88
N2,,2024/04/09 12:42:58,0.75
N2,,2024/04/09 12:42:59,0.86
N2,,2024/04/09 12:43:00,0.90
N2,,2024/04/09 12:43:01,0.93
N2,,2024/04/09 12:43:02,0.53
N2,,2024/04/09 12:43:03,0.84
N2,,2024/04/09 12:43:04,0.76
N2,,2024/04/09 12:43:05,0.65
N2,,2024/04/09 12:43:06,0.88
N2,,2024/04/09 12:43:07,0.88
N2,,2024/04/09 12:43:08,0.87
N2,,2024/04/09 12:43:09,0.88
N2,,2024/04/09 12:43:10,0.87
N2,,2024/04/09 12:43:11,0.89
N2,,2024/04/09 12:43:12,0.84
N2,,2024/04/09 12:43:13,0.89
N2,,2024/04/09 12:43:14,0.88
N2,,2024/04/09 12:43:15,0.87
N2,,2024/04/09 12:43:16,0.86
N2,,2024/04/09 12:43:17,0.90
N2,,2024/04/09 12:43:17,0.88
N2,,2024/04/09 12:43:18,0.92
N2,,2024/04/09 12:43:19,0.89
N2,,2024/04/09 12:43:20,0.92
N2,,2024/04/09 12:43:21,0.87
N2,,2024/04/09 12:43:22,0.89
N2,,2024/04/09 12:43:23,0.88
N2,,2024/04/09 12:43:24,0.85
N2,,2024/04/09 12:43:25,0.91
N2,,2024/04/09 12:43:26,0.90
N2,,2024/04/09 12:43:27,0.91
N2,,2024/04/09 12:43:28,0.90
N2,,2024/04/09 12:43:29,0.90
N2,,2024/04/09 12:43:30,0.86
N2,,2024/04/09 12:43:31,0.84
N2,,2024/04/09 12:43:32,0.84
N2,,2024/04/09 12:43:37,0.43
N2,,2024/04/09 12:43:39,0.56
N2,,2024/04/09 12:43:40,0.68
N2,,2024/04/09 12:43:42,0.63
N2,,2024/04/09 12:43:43,0.77
N2,,2024/04/09 12:43:44,0.83
N2,,2024/04/09 12:43:45,0.76
N2,,2024/04/09 12:43:56,0.55
N2,,2024/04/09 12:43:57,0.40
N2,,2024/04/09 12:44:35,0.65
N2,,2024/04/09 12:44:36,0.51
N2,,2024/04/09 12:44:39,0.49
N2,,2024/04/09 12:44:40,0.39
N2,,2024/04/09 12:44:43,0.68
N2,,2024/04/09 12:44:49,0.59
N2,,2024/04/09 12:44:50,0.60
N2,,2024/04/09 12:44:51,0.71
N2,,2024/04/09 13:11:34,0.86
N2,,2024/04/09 13:11:35,0.67
N2,,2024/04/09 13:11:36,0.93
N2,,2024/04/09 13:11:37,0.92
N2,,2024/04/09 13:11:38,0.93
N2,,2024/04/09 13:11:39,0.91
N2,,2024/04/09 13:11:40,0.92
N2,,2024/04/09 13:11:41,0.91
N2,,2024/04/09 13:11:42,0.85
N2,,2024/04/09 13:11:43,0.80
N2,,2024/04/09 13:11:44,0.82
N2,,2024/04/09 13:11:45,0.93
N2,,2024/04/09 13:11:46,0.90
N2,,2024/04/09 13:11:47,0.94
N2,,2024/04/09 13:11:48,0.93
N2,,2024/04/09 13:11:49,0.92
N2,,2024/04/09 13:11:50,0.89
N2,,2024/04/09 13:11:51,0.77
N2,,2024/04/09 13:11:52,0.90
N2,,2024/04/09 13:11:53,0.93
N2,,2024/04/09 13:11:54,0.93
N2,,2024/04/09 13:11:56,0.64
N2,,2024/04/09 13:11:57,0.82
N2,,2024/04/09 13:11:58,0.58
N2,,2024/04/09 13:11:59,0.90
N2,,2024/04/09 13:12:00,0.90
N2,,2024/04/09 13:12:01,0.80
N2,,2024/04/09 13:12:02,0.93
N2,,2024/04/09 13:12:03,0.91
N2,,2024/04/09 13:12:04,0.91
N2,,2024/04/09 13:12:06,0.73
N2,,2024/04/09 13:12:07,0.81
N2,,2024/04/09 13:12:08,0.90
N2,,2024/04/09 13:12:09,0.89
N2,,2024/04/09 13:12:10,0.91
N2,,2024/04/09 13:12:11,0.91
N2,,2024/04/09 13:12:12,0.89
N2,,2024/04/09 13:12:13,0.89
N2,,2024/04/09 13:12:14,0.89
N2,,2024/04/09 13:12:14,0.90
N2,,2024/04/09 13:12:15,0.79
N2,,2024/04/09 13:12:16,0.89
N2,,2024/04/09 13:12:17,0.92
N2,,2024/04/09 13:12:18,0.93
N2,,2024/04/09 13:12:19,0.91
N2,,2024/04/09 13:12:20,0.91
N2,,2024/04/09 13:12:21,0.92
N2,,2024/04/09 13:12:22,0.88
N2,,2024/04/09 13:12:23,0.89
N2,,2024/04/09 13:12:24,0.86
N2,,2024/04/09 13:12:25,0.67
N2,,2024/04/09 13:12:26,0.94
N2,,2024/04/09 13:12:27,0.80
N2,,2024/04/09 13:12:28,0.47
N2,,2024/04/09 13:12:28,0.38
N2,,2024/04/09 13:12:29,0.68
N2,,2024/04/09 13:12:30,0.78
N2,,2024/04/09 13:12:31,0.39
N2,,2024/04/09 13:12:33,0.52
N2,,2024/04/09 13:12:34,0.59
N2,,2024/04/09 13:12:35,0.45
N2,,2024/04/09 13:12:39,0.75
N2,,2024/04/09 13:12:41,0.65
N2,,2024/04/09 13:12:43,0.47
N2,,2024/04/09 13:12:44,0.50
N2,,2024/04/09 13:12:46,0.47
N2,,2024/04/09 13:13:57,0.39
N2,,2024/04/09 13:13:59,0.40
N2,,2024/04/09 13:14:00,0.50
N2,,2024/04/09 13:14:05,0.52
N2,,2024/04/09 13:17:22,0.47
N2,,2024/04/09 13:17:23,0.94
N2,,2024/04/09 13:17:24,0.97
N2,,2024/04/09 13:17:25,0.96
N2,,2024/04/09 13:17:26,0.93
N2,,2024/04/09 13:17:27,0.91
N2,,2024/04/09 13:17:28,0.90
N2,,2024/04/09 13:17:29,0.85
N2,,2024/04/09 13:17:30,0.91
N2,,2024/04/09 13:17:31,0.92
N2,,2024/04/09 13:17:32,0.92
N2,,2024/04/09 13:17:33,0.90
N2,,2024/04/09 13:17:34,0.92
N2,,2024/04/09 13:17:35,0.93
N2,,2024/04/09 13:17:36,0.91
N2,,2024/04/09 13:17:37,0.91
N2,,2024/04/09 13:17:38,0.91
N2,,2024/04/09 13:17:39,0.93
N2,,2024/04/09 13:17:40,0.93
N2,,2024/04/09 13:17:41,0.92
N2,,2024/04/09 13:17:42,0.90
N2,,2024/04/09 13:17:43,0.71
N2,,2024/04/09 13:17:44,0.45
N2,,2024/04/09 13:17:45,0.74
N2,,2024/04/09 13:17:46,0.82
N2,,2024/04/09 13:17:47,0.83
N2,,2024/04/09 13:17:48,0.85
N2,,2024/04/09 13:17:49,0.88
N2,,2024/04/09 13:17:50,0.86
N2,,2024/04/09 13:17:51,0.88
N2,,2024/04/09 13:17:52,0.90
N2,,2024/04/09 13:17:53,0.84
N2,,2024/04/09 13:17:54,0.76
N2,,2024/04/09 13:17:55,0.87
N2,,2024/04/09 13:17:56,0.88
N2,,2024/04/09 13:17:57,0.91
N2,,2024/04/09 13:17:58,0.92
N2,,2024/04/09 13:17:59,0.92
N2,,2024/04/09 13:18:00,0.91
N2,,2024/04/09 13:18:01,0.87
N2,,2024/04/09 13:18:02,0.91
N2,,2024/04/09 13:18:03,0.89
N2,,2024/04/09 13:18:04,0.88
N2,,2024/04/09 13:18:05,0.90
N2,,2024/04/09 13:18:06,0.89
N2,,2024/04/09 13:18:07,0.87
N2,,2024/04/09 13:18:08,0.88
N2,,2024/04/09 13:18:09,0.83
N2,,2024/04/09 13:18:10,0.63
N2,,2024/04/09 13:18:12,0.69
N2,,2024/04/09 13:18:17,0.78
N2,,2024/04/09 13:18:18,0.75
N2,,2024/04/09 13:18:19,0.80
N2,,2024/04/09 13:18:22,0.43
N2,,2024/04/09 13:18:52,0.38
N2,,2024/04/09 13:19:04,0.61
N2,,2024/04/09 13:19:05,0.76
N2,,2024/04/09 13:19:08,0.40
N2,,2024/04/09 13:19:18,0.50
N2,,2024/04/09 13:22:50,0.54
N2,,2024/04/09 13:22:51,0.85
N2,,2024/04/09 13:22:52,0.77
N2,,2024/04/09 13:22:53,0.79
N2,,2024/04/09 13:22:54,0.59
N2,,2024/04/09 13:22:55,0.85
N2,,2024/04/09 13:22:56,0.87
N2,,2024/04/09 13:22:57,0.66
N2,,2024/04/09 13:22:58,0.79
N2,,2024/04/09 13:22:59,0.73
N2,,2024/04/09 13:23:00,0.89
N2,,2024/04/09 13:23:01,0.94
N2,,2024/04/09 13:23:02,0.93
N2,,2024/04/09 13:23:03,0.87
N2,,2024/04/09 13:23:04,0.93
N2,,2024/04/09 13:23:05,0.61
N2,,2024/04/09 13:23:06,0.85
N2,,2024/04/09 13:23:07,0.64
N2,,2024/04/09 13:23:08,0.91
N2,,2024/04/09 13:23:09,0.93
N2,,2024/04/09 13:23:10,0.92
N2,,2024/04/09 13:23:11,0.94
N2,,2024/04/09 13:23:12,0.90
N2,,2024/04/09 13:23:13,0.89
N2,,2024/04/09 13:23:14,0.92
N2,,2024/04/09 13:23:15,0.91
N2,,2024/04/09 13:23:16,0.92
N2,,2024/04/09 13:23:17,0.94
N2,,2024/04/09 13:23:18,0.78
N2,,2024/04/09 13:23:20,0.62
N2,,2024/04/09 13:23:21,0.62
N2,,2024/04/09 13:23:22,0.81
N2,,2024/04/09 13:23:23,0.87
N2,,2024/04/09 13:23:24,0.88
N2,,2024/04/09 13:23:25,0.87
N2,,2024/04/09 13:23:26,0.88
N2,,2024/04/09 13:23:27,0.90
N2,,2024/04/09 13:23:28,0.90
N2,,2024/04/09 13:23:29,0.79
N2,,2024/04/09 13:23:30,0.81
N2,,2024/04/09 13:23:31,0.89
N2,,2024/04/09 13:23:32,0.87
N2,,2024/04/09 13:23:33,0.90
N2,,2024/04/09 13:23:34,0.91
N2,,2024/04/09 13:23:35,0.91
N2,,2024/04/09 13:23:36,0.89
N2,,2024/04/09 13:23:37,0.90
N2,,2024/04/09 13:23:38,0.90
N2,,2024/04/09 13:23:39,0.91
N2,,2024/04/09 13:23:40,0.91
N2,,2024/04/09 13:23:41,0.38
N2,,2024/04/09 13:23:42,0.84
N2,,2024/04/09 13:23:43,0.45
N2,,2024/04/09 13:23:45,0.42
N2,,2024/04/09 13:23:47,0.44
N2,,2024/04/09 13:23:48,0.60
N2,,2024/04/09 13:23:49,0.70
N2,,2024/04/09 13:24:33,0.49
N2,,2024/04/09 13:24:34,0.80
N2,,2024/04/09 13:24:51,0.40
N2,,2024/04/09 13:24:52,0.45
N2,,2024/04/09 13:24:55,0.56
N2,,2024/04/09 13:28:40,0.62
N2,,2024/04/09 13:28:41,0.90
N2,,2024/04/09 13:28:42,0.98
N2,,2024/04/09 13:28:43,0.96
N2,,2024/04/09 13:28:44,0.93
N2,,2024/04/09 13:28:45,0.93
N2,,2024/04/09 13:28:46,0.89
N2,,2024/04/09 13:28:47,0.75
N2,,2024/04/09 13:28:48,0.91
N2,,2024/04/09 13:28:49,0.91
N2,,2024/04/09 13:28:50,0.92
N2,,2024/04/09 13:28:51,0.92
N2,,2024/04/09 13:28:52,0.92
N2,,2024/04/09 13:28:53,0.92
N2,,2024/04/09 13:28:54,0.89
N2,,2024/04/09 13:28:55,0.89
N2,,2024/04/09 13:28:56,0.91
N2,,2024/04/09 13:28:57,0.92
N2,,2024/04/09 13:28:58,0.93
N2,,2024/04/09 13:28:59,0.74
N2,,2024/04/09 13:29:00,0.65
N2,,2024/04/09 13:29:01,0.70
N2,,2024/04/09 13:29:02,0.86
N2,,2024/04/09 13:29:03,0.88
N2,,2024/04/09 13:29:04,0.88
N2,,2024/04/09 13:29:05,0.84
N2,,2024/04/09 13:29:06,0.88
N2,,2024/04/09 13:29:07,0.84
N2,,2024/04/09 13:29:08,0.90
N2,,2024/04/09 13:29:09,0.86
N2,,2024/04/09 13:29:10,0.67
N2,,2024/04/09 13:29:11,0.72
N2,,2024/04/09 13:29:12,0.77
N2,,2024/04/09 13:29:13,0.88
N2,,2024/04/09 13:29:14,0.78
N2,,2024/04/09 13:29:15,0.86
N2,,2024/04/09 13:29:16,0.84
N2,,2024/04/09 13:29:17,0.88
N2,,2024/04/09 13:29:18,0.85
N2,,2024/04/09 13:29:19,0.88
N2,,2024/04/09 13:29:20,0.77
N2,,2024/04/09 13:29:21,0.45
N2,,2024/04/09 13:29:23,0.67
N2,,2024/04/09 13:29:26,0.83
N2,,2024/04/09 13:29:27,0.61
N2,,2024/04/09 13:29:29,0.77
N2,,2024/04/09 13:29:32,0.41
N2,,2024/04/09 13:29:44,0.69
N2,,2024/04/09 13:33:14,0.71
N2,,2024/04/09 13:33:36,0.44
N2,,2024/04/09 13:33:37,0.49
N2,,2024/04/09 13:33:42,0.43
N2,,2024/04/09 13:33:47,0.62
N2,,2024/04/09 13:34:44,0.89
N2,,2024/04/09 13:34:45,0.98
N2,,2024/04/09 13:34:46,0.94
N2,,2024/04/09 13:34:47,0.92
N2,,2024/04/09 13:34:48,0.93
N2,,2024/04/09 13:34:49,0.94
N2,,2024/04/09 13:34:50,0.86
N2,,2024/04/09 13:34:51,0.80
N2,,2024/04/09 13:34:52,0.91
N2,,2024/04/09 13:34:53,0.91
N2,,2024/04/09 13:34:54,0.92
N2,,2024/04/09 13:34:55,0.90
N2,,2024/04/09 13:34:56,0.93
N2,,2024/04/09 13:34:57,0.72
N2,,2024/04/09 13:34:58,0.90
N2,,2024/04/09 13:34:59,0.84
N2,,2024/04/09 13:35:00,0.54
N2,,2024/04/09 13:35:01,0.56
N2,,2024/04/09 13:35:02,0.41
N2,,2024/04/09 13:35:04,0.54
N2,,2024/04/09 13:35:05,0.53
N2,,2024/04/09 13:35:05,0.41
N2,,2024/04/09 13:35:06,0.72
N2,,2024/04/09 13:35:07,0.83
N2,,2024/04/09 13:35:08,0.85
N2,,2024/04/09 13:35:09,0.88
N2,,2024/04/09 13:35:10,0.74
N2,,2024/04/09 13:35:11,0.62
N2,,2024/04/09 13:35:12,0.90
N2,,2024/04/09 13:35:13,0.93
N2,,2024/04/09 13:35:14,0.93
N2,,2024/04/09 13:35:15,0.89
N2,,2024/04/09 13:35:16,0.92
N2,,2024/04/09 13:35:17,0.91
N2,,2024/04/09 13:35:18,0.91
N2,,2024/04/09 13:35:19,0.91
N2,,2024/04/09 13:35:20,0.93
N2,,2024/04/09 13:35:21,0.91
N2,,2024/04/09 13:35:22,0.92
N2,,2024/04/09 13:35:23,0.92
N2,,2024/04/09 13:35:24,0.89
N2,,2024/04/09 13:35:25,0.87
N2,,2024/04/09 13:35:27,0.89
N2,,2024/04/09 13:35:33,0.79
N2,,2024/04/09 13:35:34,0.76
N2,,2024/04/09 13:35:36,0.56
N2,,2024/04/09 13:35:38,0.46
N2,,2024/04/09 13:36:10,0.39
N2,,2024/04/09 13:36:35,0.61
N2,,2024/04/09 13:37:01,0.51
N2,,2024/04/09 13:40:43,0.55
N2,,2024/04/09 13:40:45,0.95
N2,,2024/04/09 13:40:46,0.95
N2,,2024/04/09 13:40:47,0.95
N2,,2024/04/09 13:40:48,0.94
N2,,2024/04/09 13:40:49,0.91
N2,,2024/04/09 13:40:50,0.92
N2,,2024/04/09 13:40:51,0.88
N2,,2024/04/09 13:40:52,0.84
N2,,2024/04/09 13:40:53,0.94
N2,,2024/04/09 13:40:54,0.90
N2,,2024/04/09 13:40:55,0.93
N2,,2024/04/09 13:40:56,0.92
N2,,2024/04/09 13:40:57,0.90
N2,,2024/04/09 13:40:58,0.89
N2,,2024/04/09 13:40:59,0.90
N2,,2024/04/09 13:41:00,0.79
N2,,2024/04/09 13:41:01,0.89
N2,,2024/04/09 13:41:02,0.86
N2,,2024/04/09 13:41:03,0.81
N2,,2024/04/09 13:41:05,0.47
N2,,2024/04/09 13:41:07,0.64
N2,,2024/04/09 13:41:08,0.83
N2,,2024/04/09 13:41:09,0.71
N2,,2024/04/09 13:41:10,0.90
N2,,2024/04/09 13:41:11,0.84
N2,,2024/04/09 13:41:12,0.83
N2,,2024/04/09 13:41:13,0.79
N2,,2024/04/09 13:41:13,0.85
N2,,2024/04/09 13:41:14,0.82
N2,,2024/04/09 13:41:15,0.64
N2,,2024/04/09 13:41:16,0.85
N2,,2024/04/09 13:41:17,0.88
N2,,2024/04/09 13:41:18,0.88
N2,,2024/04/09 13:41:19,0.91
N2,,2024/04/09 13:41:20,0.92
N2,,2024/04/09 13:41:21,0.94
N2,,2024/04/09 13:41:22,0.90
N2,,2024/04/09 13:41:23,0.93
N2,,2024/04/09 13:41:24,0.90
N2,,2024/04/09 13:41:25,0.84
N2,,2024/04/09 13:41:26,0.74
N2,,2024/04/09 13:41:27,0.89
N2,,2024/04/09 13:41:28,0.91
N2,,2024/04/09 13:41:29,0.90
N2,,2024/04/09 13:41:30,0.93
N2,,2024/04/09 13:41:31,0.92
N2,,2024/04/09 13:41:32,0.91
N2,,2024/04/09 13:41:33,0.91
N2,,2024/04/09 13:41:34,0.90
N2,,2024/04/09 13:41:35,0.92
N2,,2024/04/09 13:41:36,0.91
N2,,2024/04/09 13:41:37,0.85
N2,,2024/04/09 13:41:38,0.82
N2,,2024/04/09 13:41:39,0.85
N2,,2024/04/09 13:41:40,0.62
N2,,2024/04/09 13:41:41,0.45
N2,,2024/04/09 13:41:45,0.54
N2,,2024/04/09 13:41:46,0.72
N2,,2024/04/09 13:41:47,0.76
N2,,2024/04/09 13:41:48,0.53
N2,,2024/04/09 13:41:50,0.77
N2,,2024/04/09 13:41:51,0.44
N2,,2024/04/09 13:41:53,0.48
N2,,2024/04/09 13:41:54,0.76
N2,,2024/04/09 13:42:31,0.45
N2,,2024/04/09 13:42:49,0.63
N2,,2024/04/09 13:42:50,0.55
N2,,2024/04/09 13:42:51,0.65
N2,,2024/04/09 13:43:01,0.43
N2,,2024/04/09 13:43:03,0.39
N2,,2024/04/09 13:46:39,0.71
N2,,2024/04/09 13:46:39,0.40
N2,,2024/04/09 13:46:40,0.73
N2,,2024/04/09 13:46:41,0.88
N2,,2024/04/09 13:46:42,0.94
N2,,2024/04/09 13:46:43,0.95
N2,,2024/04/09 13:46:44,0.96
N2,,2024/04/09 13:46:45,0.95
N2,,2024/04/09 13:46:46,0.94
N2,,2024/04/09 13:46:47,0.54
N2,,2024/04/09 13:46:48,0.70
N2,,2024/04/09 13:46:49,0.89
N2,,2024/04/09 13:46:50,0.90
N2,,2024/04/09 13:46:51,0.93
N2,,2024/04/09 13:46:52,0.89
N2,,2024/04/09 13:46:53,0.90
N2,,2024/04/09 13:46:54,0.79
N2,,2024/04/09 13:46:55,0.89
N2,,2024/04/09 13:46:56,0.91
N2,,2024/04/09 13:46:57,0.80
N2,,2024/04/09 13:46:59,0.64
N2,,2024/04/09 13:47:00,0.46
N2,,2024/04/09 13:47:01,0.90
N2,,2024/04/09 13:47:02,0.75
N2,,2024/04/09 13:47:03,0.81
N2,,2024/04/09 13:47:04,0.81
N2,,2024/04/09 13:47:05,0.88
N2,,2024/04/09 13:47:06,0.89
N2,,2024/04/09 13:47:07,0.92
N2,,2024/04/09 13:47:09,0.69
N2,,2024/04/09 13:47:10,0.93
N2,,2024/04/09 13:47:11,0.92
N2,,2024/04/09 13:47:12,0.90
N2,,2024/04/09 13:47:13,0.88
N2,,2024/04/09 13:47:14,0.90
N2,,2024/04/09 13:47:15,0.88
N2,,2024/04/09 13:47:16,0.87
N2,,2024/04/09 13:47:17,0.91
N2,,2024/04/09 13:47:18,0.92
N2,,2024/04/09 13:47:19,0.89
N2,,2024/04/09 13:47:20,0.91
N2,,2024/04/09 13:47:21,0.87
N2,,2024/04/09 13:47:22,0.87
N2,,2024/04/09 13:47:23,0.75
N2,,2024/04/09 13:47:25,0.57
N2,,2024/04/09 13:47:31,0.68
N2,,2024/04/09 13:47:34,0.43
N2,,2024/04/09 13:47:35,0.51
N2,,2024/04/09 13:48:15,0.59
N2,,2024/04/09 13:48:16,0.62
N2,,2024/04/09 13:48:17,0.56
N2,,2024/04/09 13:48:18,0.49
N2,,2024/04/09 13:48:29,0.43
N2,,2024/04/09 13:48:33,0.44
N2,,2024/04/09 13:48:34,0.78
N2,,2024/04/09 13:48:41,0.56
N2,,2024/04/09 13:48:42,0.61
N2,,2024/04/09 13:48:43,0.49
N2,,2024/04/09 13:48:46,0.57
N2,,2024/04/09 13:48:47,0.41
N2,,2024/04/09 13:48:49,0.54
N2,,2024/04/09 13:49:50,0.73
N2,,2024/04/09 13:49:51,0.81
N2,,2024/04/09 13:49:52,0.80
N2,,2024/04/09 13:49:53,0.82
N2,,2024/04/09 13:49:54,0.80
N2,,2024/04/09 13:49:55,0.90
N2,,2024/04/09 13:49:56,0.83
N2,,2024/04/09 13:49:57,0.70
N2,,2024/04/09 13:49:58,0.79
N2,,2024/04/09 13:49:59,0.79
N2,,2024/04/09 13:50:00,0.82
N2,,2024/04/09 13:53:27,0.86
N2,,2024/04/09 13:53:29,0.96
N2,,2024/04/09 13:53:30,0.95
N2,,2024/04/09 13:53:31,0.95
N2,,2024/04/09 13:53:32,0.94
N2,,2024/04/09 13:53:33,0.92
N2,,2024/04/09 13:53:34,0.81
N2,,2024/04/09 13:53:35,0.84
N2,,2024/04/09 13:53:36,0.48
N2,,2024/04/09 13:53:36,0.41
N2,,2024/04/09 13:53:37,0.95
N2,,2024/04/09 13:53:38,0.94
N2,,2024/04/09 13:53:39,0.92
N2,,2024/04/09 13:53:40,0.93
N2,,2024/04/09 13:53:41,0.87
N2,,2024/04/09 13:53:42,0.88
N2,,2024/04/09 13:53:43,0.80
N2,,2024/04/09 13:53:44,0.86
N2,,2024/04/09 13:53:45,0.92
N2,,2024/04/09 13:53:46,0.93
N2,,2024/04/09 13:53:48,0.61
N2,,2024/04/09 13:53:49,0.88
N2,,2024/04/09 13:53:50,0.86
N2,,2024/04/09 13:53:51,0.92
N2,,2024/04/09 13:53:51,0.85
N2,,2024/04/09 13:53:52,0.89
N2,,2024/04/09 13:53:53,0.85
N2,,2024/04/09 13:53:54,0.88
N2,,2024/04/09 13:53:55,0.89
N2,,2024/04/09 13:53:56,0.87
N2,,2024/04/09 13:53:57,0.92
N2,,2024/04/09 13:53:58,0.91
N2,,2024/04/09 13:53:59,0.91
N2,,2024/04/09 13:54:00,0.71
N2,,2024/04/09 13:54:01,0.90
N2,,2024/04/09 13:54:02,0.92
N2,,2024/04/09 13:54:03,0.92
N2,,2024/04/09 13:54:04,0.90
N2,,2024/04/09 13:54:05,0.88
N2,,2024/04/09 13:54:06,0.88
N2,,2024/04/09 13:54:07,0.91
N2,,2024/04/09 13:54:08,0.89
N2,,2024/04/09 13:54:09,0.91
N2,,2024/04/09 13:54:10,0.88
N2,,2024/04/09 13:54:11,0.90
N2,,2024/04/09 13:54:12,0.90
N2,,2024/04/09 13:54:13,0.92
N2,,2024/04/09 13:54:14,0.92
N2,,2024/04/09 13:54:15,0.88
N2,,2024/04/09 13:54:16,0.91
N2,,2024/04/09 13:54:17,0.90
N2,,2024/04/09 13:54:18,0.90
N2,,2024/04/09 13:54:19,0.93
N2,,2024/04/09 13:54:20,0.81
N2,,2024/04/09 13:54:21,0.88
N2,,2024/04/09 13:54:22,0.82
N2,,2024/04/09 13:54:23,0.89
N2,,2024/04/09 13:54:24,0.51
N2,,2024/04/09 13:54:24,0.55
N2,,2024/04/09 13:54:27,0.50
N2,,2024/04/09 13:54:28,0.67
N2,,2024/04/09 13:54:29,0.53
N2,,2024/04/09 13:54:30,0.47
N2,,2024/04/09 13:59:22,0.74
N2,,2024/04/09 13:59:24,0.96
N2,,2024/04/09 13:59:25,0.97
N2,,2024/04/09 13:59:26,0.95
N2,,2024/04/09 13:59:27,0.92
N2,,2024/04/09 13:59:28,0.94
N2,,2024/04/09 13:59:29,0.84
N2,,2024/04/09 13:59:30,0.63
N2,,2024/04/09 13:59:31,0.93
N2,,2024/04/09 13:59:32,0.82
N2,,2024/04/09 13:59:33,0.91
N2,,2024/04/09 13:59:34,0.92
N2,,2024/04/09 13:59:35,0.92
N2,,2024/04/09 13:59:36,0.79
N2,,2024/04/09 13:59:37,0.58
N2,,2024/04/09 13:59:38,0.81
N2,,2024/04/09 13:59:39,0.91
N2,,2024/04/09 13:59:40,0.93
N2,,2024/04/09 13:59:42,0.51
N2,,2024/04/09 13:59:43,0.80
N2,,2024/04/09 13:59:44,0.75
N2,,2024/04/09 13:59:45,0.93
N2,,2024/04/09 13:59:46,0.87
N2,,2024/04/09 13:59:47,0.90
N2,,2024/04/09 13:59:48,0.92
N2,,2024/04/09 13:59:49,0.92
N2,,2024/04/09 13:59:50,0.92
N2,,2024/04/09 13:59:51,0.90
N2,,2024/04/09 13:59:52,0.91
N2,,2024/04/09 13:59:53,0.71
N2,,2024/04/09 13:59:54,0.91
N2,,2024/04/09 13:59:55,0.91
N2,,2024/04/09 13:59:56,0.91
N2,,2024/04/09 13:59:57,0.93
N2,,2024/04/09 13:59:58,0.89
N2,,2024/04/09 13:59:59,0.88
N2,,2024/04/09 14:00:00,0.90
N2,,2024/04/09 14:00:00,0.90
N2,,2024/04/09 14:00:01,0.89
N2,,2024/04/09 14:00:02,0.88
N2,,2024/04/09 14:00:03,0.91
N2,,2024/04/09 14:00:04,0.91
N2,,2024/04/09 14:00:05,0.90
N2,,2024/04/09 14:00:06,0.88
N2,,2024/04/09 14:00:07,0.92
N2,,2024/04/09 14:00:08,0.92
N2,,2024/04/09 14:00:09,0.91
N2,,2024/04/09 14:00:10,0.92
N2,,2024/04/09 14:00:11,0.91
N2,,2024/04/09 14:00:12,0.93
N2,,2024/04/09 14:00:13,0.88
N2,,2024/04/09 14:00:14,0.54
N2,,2024/04/09 14:00:18,0.45
N2,,2024/04/09 14:00:19,0.52
N2,,2024/04/09 14:00:20,0.48
N2,,2024/04/09 14:00:21,0.43
N2,,2024/04/09 14:00:22,0.68
N2,,2024/04/09 14:00:23,0.38
N2,,2024/04/09 14:00:24,0.56
N2,,2024/04/09 14:00:27,0.68
N2,,2024/04/09 14:00:29,0.44
N2,,2024/04/09 14:00:30,0.75
N2,,2024/04/09 14:01:05,0.59
N2,,2024/04/09 14:01:18,0.43
N2,,2024/04/09 14:05:32,0.38
N2,,2024/04/09 14:05:33,0.92
N2,,2024/04/09 14:05:34,0.93
N2,,2024/04/09 14:05:34,0.92
N2,,2024/04/09 14:05:35,0.94
N2,,2024/04/09 14:05:36,0.68
N2,,2024/04/09 14:05:37,0.51
N2,,2024/04/09 14:05:37,0.38
N2,,2024/04/09 14:05:38,0.56
N2,,2024/04/09 14:05:39,0.91
N2,,2024/04/09 14:05:40,0.91
N2,,2024/04/09 14:05:41,0.93
N2,,2024/04/09 14:05:42,0.91
N2,,2024/04/09 14:05:43,0.85
N2,,2024/04/09 14:05:44,0.86
N2,,2024/04/09 14:05:45,0.53
N2,,2024/04/09 14:05:46,0.93
N2,,2024/04/09 14:05:48,0.72
N2,,2024/04/09 14:05:49,0.56
N2,,2024/04/09 14:05:50,0.90
N2,,2024/04/09 14:05:51,0.82
N2,,2024/04/09 14:05:52,0.82
N2,,2024/04/09 14:05:53,0.86
N2,,2024/04/09 14:05:54,0.91
N2,,2024/04/09 14:05:55,0.87
N2,,2024/04/09 14:05:56,0.89
N2,,2024/04/09 14:05:57,0.89
N2,,2024/04/09 14:05:58,0.87
N2,,2024/04/09 14:05:59,0.86
N2,,2024/04/09 14:06:00,0.86
N2,,2024/04/09 14:06:01,0.93
N2,,2024/04/09 14:06:02,0.91
N2,,2024/04/09 14:06:03,0.93
N2,,2024/04/09 14:06:04,0.91
N2,,2024/04/09 14:06:05,0.55
N2,,2024/04/09 14:06:06,0.79
N2,,2024/04/09 14:06:07,0.88
N2,,2024/04/09 14:06:08,0.89
N2,,2024/04/09 14:06:08,0.90
N2,,2024/04/09 14:06:09,0.91
N2,,2024/04/09 14:06:10,0.91
N2,,2024/04/09 14:06:11,0.88
N2,,2024/04/09 14:06:12,0.89
N2,,2024/04/09 14:06:13,0.90
N2,,2024/04/09 14:06:14,0.86
N2,,2024/04/09 14:06:15,0.87
N2,,2024/04/09 14:06:16,0.92
N2,,2024/04/09 14:06:17,0.88
N2,,2024/04/09 14:06:18,0.90
N2,,2024/04/09 14:06:19,0.70
N2,,2024/04/09 14:06:21,0.76
N2,,2024/04/09 14:06:24,0.47
N2,,2024/04/09 14:06:26,0.45
N2,,2024/04/09 14:06:27,0.79
N2,,2024/04/09 14:06:28,0.82
N2,,2024/04/09 14:06:29,0.42
N2,,2024/04/09 14:06:31,0.62
N2,,2024/04/09 14:06:48,0.39
N2,,2024/04/09 14:07:06,0.40
N2,,2024/04/09 14:07:23,0.60
N2,,2024/04/09 14:11:33,0.43
N2,,2024/04/09 14:11:35,0.39
N2,,2024/04/09 14:11:36,0.92
N2,,2024/04/09 14:11:37,0.93
N2,,2024/04/09 14:11:38,0.76
N2,,2024/04/09 14:11:39,0.93
N2,,2024/04/09 14:11:40,0.90
N2,,2024/04/09 14:11:41,0.89
N2,,2024/04/09 14:11:42,0.90
N2,,2024/04/09 14:11:43,0.88
N2,,2024/04/09 14:11:44,0.86
N2,,2024/04/09 14:11:45,0.92
N2,,2024/04/09 14:11:46,0.94
N2,,2024/04/09 14:11:47,0.90
N2,,2024/04/09 14:11:48,0.91
N2,,2024/04/09 14:11:49,0.86
N2,,2024/04/09 14:11:50,0.91
N2,,2024/04/09 14:11:51,0.90
N2,,2024/04/09 14:11:52,0.89
N2,,2024/04/09 14:11:52,0.54
N2,,2024/04/09 14:11:53,0.76
N2,,2024/04/09 14:11:54,0.44
N2,,2024/04/09 14:11:55,0.72
N2,,2024/04/09 14:11:56,0.86
N2,,2024/04/09 14:11:57,0.86
N2,,2024/04/09 14:11:58,0.74
N2,,2024/04/09 14:11:59,0.72
N2,,2024/04/09 14:12:00,0.87
N2,,2024/04/09 14:12:01,0.86
N2,,2024/04/09 14:12:02,0.87
N2,,2024/04/09 14:12:03,0.89
N2,,2024/04/09 14:12:04,0.88
N2,,2024/04/09 14:12:05,0.64
N2,,2024/04/09 14:12:06,0.90
N2,,2024/04/09 14:12:07,0.93
N2,,2024/04/09 14:12:08,0.92
N2,,2024/04/09 14:12:09,0.92
N2,,2024/04/09 14:12:10,0.89
N2,,2024/04/09 14:12:11,0.90
N2,,2024/04/09 14:12:12,0.88
N2,,2024/04/09 14:12:13,0.93
N2,,2024/04/09 14:12:14,0.92
N2,,2024/04/09 14:12:15,0.92
N2,,2024/04/09 14:12:16,0.91
N2,,2024/04/09 14:12:17,0.90
N2,,2024/04/09 14:12:18,0.90
N2,,2024/04/09 14:12:19,0.88
N2,,2024/04/09 14:12:20,0.87
N2,,2024/04/09 14:12:21,0.67
N2,,2024/04/09 14:12:22,0.44
N2,,2024/04/09 14:12:23,0.65
N2,,2024/04/09 14:12:26,0.43
N2,,2024/04/09 14:12:28,0.50
N2,,2024/04/09 14:12:29,0.74
N2,,2024/04/09 14:12:30,0.79
N2,,2024/04/09 14:12:31,0.69
N2,,2024/04/09 14:12:32,0.41
N2,,2024/04/09 14:12:33,0.46
N2,,2024/04/09 14:12:34,0.79
N2,,2024/04/09 14:12:35,0.40
N2,,2024/04/09 14:12:35,0.39
N2,,2024/04/09 14:12:36,0.50
N2,,2024/04/09 14:12:37,0.68
N2,,2024/04/09 14:12:38,0.74
N2,,2024/04/09 14:12:39,0.63
N2,,2024/04/09 14:12:40,0.57
N2,,2024/04/09 14:12:41,0.49
N2,,2024/04/09 14:12:42,0.76
N2,,2024/04/09 14:12:43,0.76
N2,,2024/04/09 14:12:57,0.53
N2,,2024/04/09 14:13:14,0.46
N2,,2024/04/09 14:13:15,0.53
N2,,2024/04/09 14:13:16,0.39
N2,,2024/04/09 14:13:17,0.47
N2,,2024/04/09 14:17:29,0.70
N2,,2024/04/09 14:17:31,0.94
N2,,2024/04/09 14:17:32,0.96
N2,,2024/04/09 14:17:33,0.94
N2,,2024/04/09 14:17:34,0.94
N2,,2024/04/09 14:17:35,0.93
N2,,2024/04/09 14:17:36,0.89
N2,,2024/04/09 14:17:37,0.90
N2,,2024/04/09 14:17:38,0.56
N2,,2024/04/09 14:17:39,0.86
N2,,2024/04/09 14:17:40,0.92
N2,,2024/04/09 14:17:41,0.91
N2,,2024/04/09 14:17:42,0.90
N2,,2024/04/09 14:17:43,0.91
N2,,2024/04/09 14:17:44,0.90
N2,,2024/04/09 14:17:45,0.93
N2,,2024/04/09 14:17:46,0.89
N2,,2024/04/09 14:17:47,0.90
N2,,2024/04/09 14:17:48,0.91
N2,,2024/04/09 14:17:49,0.90
N2,,2024/04/09 14:17:50,0.54
N2,,2024/04/09 14:17:51,0.82
N2,,2024/04/09 14:17:52,0.51
N2,,2024/04/09 14:17:53,0.50
N2,,2024/04/09 14:17:54,0.88
N2,,2024/04/09 14:17:55,0.89
N2,,2024/04/09 14:17:56,0.89
N2,,2024/04/09 14:17:57,0.88
N2,,2024/04/09 14:17:58,0.88
N2,,2024/04/09 14:17:59,0.89
N2,,2024/04/09 14:17:59,0.90
N2,,2024/04/09 14:18:00,0.90
N2,,2024/04/09 14:18:01,0.90
N2,,2024/04/09 14:18:02,0.87
N2,,2024/04/09 14:18:03,0.89
N2,,2024/04/09 14:18:04,0.91
N2,,2024/04/09 14:18:05,0.89
N2,,2024/04/09 14:18:06,0.84
N2,,2024/04/09 14:18:07,0.88
N2,,2024/04/09 14:18:08,0.87
N2,,2024/04/09 14:18:09,0.90
N2,,2024/04/09 14:18:10,0.91
N2,,2024/04/09 14:18:11,0.90
N2,,2024/04/09 14:18:12,0.86
N2,,2024/04/09 14:18:13,0.89
N2,,2024/04/09 14:18:14,0.90
N2,,2024/04/09 14:18:15,0.90
N2,,2024/04/09 14:18:16,0.90
N2,,2024/04/09 14:18:17,0.91
N2,,2024/04/09 14:18:18,0.85
N2,,2024/04/09 14:18:20,0.51
N2,,2024/04/09 14:18:27,0.47
N2,,2024/04/09 14:18:28,0.53
N2,,2024/04/09 14:18:29,0.60
N2,,2024/04/09 14:18:29,0.63
N2,,2024/04/09 14:18:30,0.41
N2,,2024/04/09 14:19:00,0.51
N2,,2024/04/09 14:19:02,0.49
N2,,2024/04/09 14:19:03,0.42
N2,,2024/04/09 14:19:15,0.54
N2,,2024/04/09 14:19:16,0.39
N2,,2024/04/09 14:19:17,0.45
N2,,2024/04/09 14:19:20,0.41
N2,,2024/04/09 14:19:21,0.65
N2,,2024/04/09 14:19:24,0.63
N2,,2024/04/09 14:19:25,0.58
N2,,2024/04/09 14:19:26,0.38
N2,,2024/04/09 14:19:32,0.59
N2,,2024/04/09 14:19:33,0.48
N2,,2024/04/09 14:19:34,0.60
N2,,2024/04/09 14:20:47,0.87
N2,,2024/04/09 14:20:48,0.84
N2,,2024/04/09 14:20:49,0.81
N2,,2024/04/09 14:20:50,0.60
N2,,2024/04/09 14:20:51,0.81
N2,,2024/04/09 14:20:52,0.64
N2,,2024/04/09 14:20:53,0.53
N2,,2024/04/09 14:20:53,0.42
N2,,2024/04/09 14:23:34,0.52
N2,,2024/04/09 14:23:35,0.41
N2,,2024/04/09 14:23:36,0.94
N2,,2024/04/09 14:23:37,0.92
N2,,2024/04/09 14:23:38,0.86
N2,,2024/04/09 14:23:39,0.93
N2,,2024/04/09 14:23:40,0.94
N2,,2024/04/09 14:23:41,0.71
N2,,2024/04/09 14:23:42,0.78
N2,,2024/04/09 14:23:43,0.82
N2,,2024/04/09 14:23:44,0.88
N2,,2024/04/09 14:23:45,0.92
N2,,2024/04/09 14:23:46,0.89
N2,,2024/04/09 14:23:47,0.93
N2,,2024/04/09 14:23:48,0.89
N2,,2024/04/09 14:23:49,0.78
N2,,2024/04/09 14:23:50,0.90
N2,,2024/04/09 14:23:51,0.89
N2,,2024/04/09 14:23:52,0.91
N2,,2024/04/09 14:23:53,0.68
N2,,2024/04/09 14:23:54,0.88
N2,,2024/04/09 14:23:55,0.78
N2,,2024/04/09 14:23:56,0.48
N2,,2024/04/09 14:23:57,0.90
N2,,2024/04/09 14:23:57,0.87
N2,,2024/04/09 14:23:58,0.89
N2,,2024/04/09 14:23:59,0.83
N2,,2024/04/09 14:24:00,0.86
N2,,2024/04/09 14:24:01,0.88
N2,,2024/04/09 14:24:02,0.92
N2,,2024/04/09 14:24:03,0.82
N2,,2024/04/09 14:24:04,0.72
N2,,2024/04/09 14:24:05,0.91
N2,,2024/04/09 14:24:06,0.92
N2,,2024/04/09 14:24:07,0.92
N2,,2024/04/09 14:24:08,0.92
N2,,2024/04/09 14:24:09,0.90
N2,,2024/04/09 14:24:10,0.90
N2,,2024/04/09 14:24:11,0.92
N2,,2024/04/09 14:24:12,0.86
N2,,2024/04/09 14:24:13,0.90
N2,,2024/04/09 14:24:14,0.92
N2,,2024/04/09 14:24:15,0.85
N2,,2024/04/09 14:24:16,0.87
N2,,2024/04/09 14:24:17,0.90
N2,,2024/04/09 14:24:18,0.89
N2,,2024/04/09 14:24:19,0.88
N2,,2024/04/09 14:24:20,0.89
N2,,2024/04/09 14:24:21,0.90
N2,,2024/04/09 14:24:22,0.90
N2,,2024/04/09 14:24:23,0.92
N2,,2024/04/09 14:24:24,0.92
N2,,2024/04/09 14:24:25,0.54
N2,,2024/04/09 14:24:26,0.79
N2,,2024/04/09 14:24:32,0.45
N2,,2024/04/09 14:24:33,0.81
N2,,2024/04/09 14:24:34,0.65
N2,,2024/04/09 14:24:35,0.46
N2,,2024/04/09 14:24:36,0.71
N2,,2024/04/09 14:24:37,0.60
N2,,2024/04/09 14:24:38,0.40
N2,,2024/04/09 14:25:07,0.57
N2,,2024/04/09 14:25:23,0.49
N2,,2024/04/09 14:25:24,0.87
N2,,2024/04/09 14:25:30,0.47
N2,,2024/04/09 14:25:31,0.49
N2,,2024/04/09 14:25:34,0.41
N2,,2024/04/09 14:25:35,0.46
N2,,2024/04/09 14:26:04,0.77
N2,,2024/04/09 14:26:05,0.40
N2,,2024/04/09 14:26:06,0.88
N2,,2024/04/09 14:26:07,0.84
N2,,2024/04/09 14:26:08,0.79
N2,,2024/04/09 14:26:09,0.81
N2,,2024/04/09 14:26:10,0.88
N2,,2024/04/09 14:26:11,0.68
N2,,2024/04/09 14:26:12,0.89
N2,,2024/04/09 14:26:13,0.80
N2,,2024/04/09 14:26:15,0.45
N2,,2024/04/09 14:29:42,0.75
N2,,2024/04/09 14:29:42,0.43
N2,,2024/04/09 14:29:44,0.96
N2,,2024/04/09 14:29:45,0.97
N2,,2024/04/09 14:29:46,0.95
N2,,2024/04/09 14:29:47,0.96
N2,,2024/04/09 14:29:48,0.72
N2,,2024/04/09 14:29:49,0.83
N2,,2024/04/09 14:29:50,0.90
N2,,2024/04/09 14:29:51,0.95
N2,,2024/04/09 14:29:52,0.91
N2,,2024/04/09 14:29:53,0.93
N2,,2024/04/09 14:29:54,0.92
N2,,2024/04/09 14:29:55,0.89
N2,,2024/04/09 14:29:56,0.90
N2,,2024/04/09 14:29:57,0.90
N2,,2024/04/09 14:29:58,0.89
N2,,2024/04/09 14:29:59,0.92
N2,,2024/04/09 14:30:00,0.95
N2,,2024/04/09 14:30:00,0.83
N2,,2024/04/09 14:30:01,0.52
N2,,2024/04/09 14:30:02,0.68
N2,,2024/04/09 14:30:03,0.79
N2,,2024/04/09 14:30:04,0.90
N2,,2024/04/09 14:30:05,0.70
N2,,2024/04/09 14:30:06,0.90
N2,,2024/04/09 14:30:07,0.89
N2,,2024/04/09 14:30:08,0.82
N2,,2024/04/09 14:30:09,0.81
N2,,2024/04/09 14:30:10,0.84
N2,,2024/04/09 14:30:11,0.89
N2,,2024/04/09 14:30:12,0.86
N2,,2024/04/09 14:30:13,0.93
N2,,2024/04/09 14:30:14,0.92
N2,,2024/04/09 14:30:15,0.93
N2,,2024/04/09 14:30:16,0.91
N2,,2024/04/09 14:30:17,0.94
N2,,2024/04/09 14:30:18,0.91
N2,,2024/04/09 14:30:19,0.92
N2,,2024/04/09 14:30:20,0.90
N2,,2024/04/09 14:30:21,0.93
N2,,2024/04/09 14:30:22,0.93
N2,,2024/04/09 14:30:23,0.91
N2,,2024/04/09 14:30:24,0.92
N2,,2024/04/09 14:30:25,0.92
N2,,2024/04/09 14:30:26,0.90
N2,,2024/04/09 14:30:27,0.91
N2,,2024/04/09 14:30:28,0.91
N2,,2024/04/09 14:30:29,0.91
N2,,2024/04/09 14:30:30,0.92
N2,,2024/04/09 14:30:31,0.93
N2,,2024/04/09 14:30:32,0.92
N2,,2024/04/09 14:30:33,0.92
N2,,2024/04/09 14:30:34,0.67
N2,,2024/04/09 14:30:35,0.63
N2,,2024/04/09 14:30:37,0.39
N2,,2024/04/09 14:30:39,0.42
N2,,2024/04/09 14:30:43,0.49
N2,,2024/04/09 14:30:45,0.42
N2,,2024/04/09 14:30:46,0.71
N2,,2024/04/09 14:30:47,0.52
N2,,2024/04/09 14:30:49,0.72
N2,,2024/04/09 14:30:51,0.66
N2,,2024/04/09 14:30:52,0.40
N2,,2024/04/09 14:30:53,0.74
N2,,2024/04/09 14:30:54,0.80
N2,,2024/04/09 14:30:55,0.71
N2,,2024/04/09 14:31:23,0.45
N2,,2024/04/09 14:31:24,0.43
N2,,2024/04/09 14:31:25,0.47
N2,,2024/04/09 14:31:26,0.56
N2,,2024/04/09 14:31:27,0.57
N2,,2024/04/09 14:35:42,0.77
N2,,2024/04/09 14:35:44,0.91
N2,,2024/04/09 14:35:45,0.91
N2,,2024/04/09 14:35:46,0.77
N2,,2024/04/09 14:35:47,0.54
N2,,2024/04/09 14:35:48,0.91
N2,,2024/04/09 14:35:49,0.62
N2,,2024/04/09 14:35:50,0.94
N2,,2024/04/09 14:35:51,0.92
N2,,2024/04/09 14:35:52,0.91
N2,,2024/04/09 14:35:53,0.92
N2,,2024/04/09 14:35:54,0.90
N2,,2024/04/09 14:35:55,0.89
N2,,2024/04/09 14:35:56,0.91
N2,,2024/04/09 14:35:57,0.90
N2,,2024/04/09 14:35:58,0.88
N2,,2024/04/09 14:35:59,0.81
N2,,2024/04/09 14:36:00,0.93
N2,,2024/04/09 14:36:01,0.95
N2,,2024/04/09 14:36:02,0.95
N2,,2024/04/09 14:36:03,0.95
N2,,2024/04/09 14:36:04,0.96
N2,,2024/04/09 14:36:05,0.95
N2,,2024/04/09 14:36:06,0.96
N2,,2024/04/09 14:36:07,0.96
N2,,2024/04/09 14:36:08,0.95
N2,,2024/04/09 14:36:10,0.71
N2,,2024/04/09 14:36:11,0.93
N2,,2024/04/09 14:36:12,0.95
N2,,2024/04/09 14:36:13,0.95
N2,,2024/04/09 14:36:14,0.95
N2,,2024/04/09 14:36:15,0.95
N2,,2024/04/09 14:36:16,0.95
N2,,2024/04/09 14:36:17,0.94
N2,,2024/04/09 14:36:18,0.93
N2,,2024/04/09 14:36:19,0.94
N2,,2024/04/09 14:36:20,0.89
N2,,2024/04/09 14:36:21,0.76
N2,,2024/04/09 14:36:22,0.84
N2,,2024/04/09 14:36:23,0.86
N2,,2024/04/09 14:36:24,0.47
N2,,2024/04/09 14:36:25,0.77
N2,,2024/04/09 14:36:26,0.83
N2,,2024/04/09 14:36:26,0.83
N2,,2024/04/09 14:36:27,0.83
N2,,2024/04/09 14:36:28,0.84
N2,,2024/04/09 14:36:29,0.86
N2,,2024/04/09 14:36:30,0.88
N2,,2024/04/09 14:36:31,0.48
N2,,2024/04/09 14:36:32,0.87
N2,,2024/04/09 14:36:33,0.89
N2,,2024/04/09 14:36:34,0.91
N2,,2024/04/09 14:36:35,0.90
N2,,2024/04/09 14:36:36,0.90
N2,,2024/04/09 14:36:37,0.63
N2,,2024/04/09 14:36:38,0.58
N2,,2024/04/09 14:36:39,0.70
N2,,2024/04/09 14:36:40,0.90
N2,,2024/04/09 14:36:41,0.92
N2,,2024/04/09 14:36:42,0.94
N2,,2024/04/09 14:36:43,0.90
N2,,2024/04/09 14:36:44,0.94
N2,,2024/04/09 14:36:45,0.94
N2,,2024/04/09 14:36:46,0.95
N2,,2024/04/09 14:36:47,0.95
N2,,2024/04/09 14:36:48,0.95
N2,,2024/04/09 14:36:49,0.94
N2,,2024/04/09 14:36:50,0.82
N2,,2024/04/09 14:36:53,0.63
N2,,2024/04/09 14:36:54,0.53
N2,,2024/04/09 14:36:55,0.81
N2,,2024/04/09 14:36:56,0.63
N2,,2024/04/09 14:36:57,0.79
N2,,2024/04/09 14:36:58,0.86
N2,,2024/04/09 14:36:59,0.64
N2,,2024/04/09 14:37:00,0.77
N2,,2024/04/09 14:37:01,0.83
N2,,2024/04/09 14:37:02,0.79
N2,,2024/04/09 14:37:03,0.69
N2,,2024/04/09 14:37:04,0.46
N2,,2024/04/09 14:37:05,0.44
N2,,2024/04/09 14:37:06,0.68
N2,,2024/04/09 14:37:07,0.56
N2,,2024/04/09 14:37:08,0.55
N2,,2024/04/09 14:37:09,0.63
N2,,2024/04/09 14:37:10,0.68
N2,,2024/04/09 14:37:11,0.74
N2,,2024/04/09 14:37:12,0.64
N2,,2024/04/09 14:37:13,0.76
N2,,2024/04/09 14:37:14,0.82
N2,,2024/04/09 14:37:15,0.81
N2,,2024/04/09 14:37:16,0.79
N2,,2024/04/09 14:37:17,0.82
N2,,2024/04/09 14:37:18,0.76
N2,,2024/04/09 14:37:19,0.76
N2,,2024/04/09 14:37:20,0.78
N2,,2024/04/09 14:37:21,0.79
N2,,2024/04/09 14:37:22,0.61
N2,,2024/04/09 14:37:23,0.56
N2,,2024/04/09 14:37:24,0.76
N2,,2024/04/09 14:37:25,0.62
N2,,2024/04/09 14:37:26,0.46
N2,,2024/04/09 14:37:27,0.77
N2,,2024/04/09 14:37:28,0.60
N2,,2024/04/09 14:37:29,0.60
N2,,2024/04/09 14:37:31,0.38
N2,,2024/04/09 14:37:32,0.40
N2,,2024/04/09 14:37:34,0.67
N2,,2024/04/09 14:38:04,0.40
N2,,2024/04/09 14:38:19,0.47
N2,,2024/04/09 14:38:24,0.44
N2,,2024/04/09 14:38:57,0.56
N2,,2024/04/09 14:39:18,0.75
N2,,2024/04/09 14:49:13,0.69
N2,,2024/04/09 14:49:15,0.96
N2,,2024/04/09 14:49:16,0.91
N2,,2024/04/09 14:49:17,0.93
N2,,2024/04/09 14:49:18,0.91
N2,,2024/04/09 14:49:19,0.90
N2,,2024/04/09 14:49:20,0.89
N2,,2024/04/09 14:49:21,0.92
N2,,2024/04/09 14:49:22,0.81
N2,,2024/04/09 14:49:23,0.68
N2,,2024/04/09 14:51:30,0.89
N2,,2024/04/09 14:53:16,0.59
N2,,2024/04/09 14:53:18,0.95
N2,,2024/04/09 14:53:19,0.94
N2,,2024/04/09 14:53:20,0.87
N2,,2024/04/09 14:53:21,0.90
N2,,2024/04/09 14:53:22,0.90
N2,,2024/04/09 14:53:23,0.89
N2,,2024/04/09 14:53:24,0.82
N2,,2024/04/09 14:53:25,0.84
N2,,2024/04/09 14:53:26,0.88
N2,,2024/04/09 14:53:27,0.87
N2,,2024/04/09 14:53:28,0.51
N2,,2024/04/09 14:53:29,0.82
N2,,2024/04/09 14:53:30,0.87
N2,,2024/04/09 14:53:31,0.79
N2,,2024/04/09 14:53:32,0.85
N2,,2024/04/09 14:53:33,0.69
N2,,2024/04/09 14:53:34,0.84
N2,,2024/04/09 14:53:35,0.87
N2,,2024/04/09 14:53:36,0.88
N2,,2024/04/09 14:53:37,0.88
N2,,2024/04/09 14:53:38,0.91
N2,,2024/04/09 14:53:39,0.90
N2,,2024/04/09 14:53:40,0.85
N2,,2024/04/09 14:53:41,0.39
N2,,2024/04/09 14:53:42,0.74
N2,,2024/04/09 14:53:42,0.92
N2,,2024/04/09 14:53:43,0.91
N2,,2024/04/09 14:53:44,0.93
N2,,2024/04/09 14:53:45,0.92
N2,,2024/04/09 14:53:46,0.88
N2,,2024/04/09 14:53:47,0.91
N2,,2024/04/09 14:53:48,0.92
N2,,2024/04/09 14:53:49,0.92
N2,,2024/04/09 14:53:50,0.91
N2,,2024/04/09 14:53:51,0.92
N2,,2024/04/09 14:53:52,0.91
N2,,2024/04/09 14:53:53,0.92
N2,,2024/04/09 14:53:54,0.91
N2,,2024/04/09 14:53:55,0.91
N2,,2024/04/09 14:53:56,0.91
N2,,2024/04/09 14:53:57,0.91
N2,,2024/04/09 14:53:58,0.92
N2,,2024/04/09 14:53:59,0.91
N2,,2024/04/09 14:54:00,0.81
N2,,2024/04/09 14:54:01,0.87
N2,,2024/04/09 14:54:02,0.39
N2,,2024/04/09 14:54:03,0.91
N2,,2024/04/09 14:54:05,0.64
N2,,2024/04/09 14:54:06,0.45
N2,,2024/04/09 14:54:09,0.80
N2,,2024/04/09 14:54:10,0.90
N2,,2024/04/09 14:54:11,0.84
N2,,2024/04/09 14:54:12,0.91
N2,,2024/04/09 14:54:15,0.45
N2,,2024/04/09 14:54:25,0.39
N2,,2024/04/09 14:54:26,0.39
N2,,2024/04/09 14:54:45,0.46
N2,,2024/04/09 14:58:56,0.93
N2,,2024/04/09 14:58:57,0.91
N2,,2024/04/09 14:58:58,0.87
N2,,2024/04/09 14:58:59,0.93
N2,,2024/04/09 14:59:00,0.92
N2,,2024/04/09 14:59:01,0.93
N2,,2024/04/09 14:59:02,0.86
N2,,2024/04/09 14:59:03,0.71
N2,,2024/04/09 14:59:04,0.91
N2,,2024/04/09 14:59:05,0.93
N2,,2024/04/09 14:59:06,0.93
N2,,2024/04/09 14:59:07,0.94
N2,,2024/04/09 14:59:08,0.88
N2,,2024/04/09 14:59:09,0.91
N2,,2024/04/09 14:59:10,0.92
N2,,2024/04/09 14:59:11,0.85
N2,,2024/04/09 14:59:12,0.90
N2,,2024/04/09 14:59:13,0.92
N2,,2024/04/09 14:59:14,0.84
N2,,2024/04/09 14:59:15,0.41
N2,,2024/04/09 14:59:16,0.53
N2,,2024/04/09 14:59:17,0.49
N2,,2024/04/09 14:59:18,0.76
N2,,2024/04/09 14:59:19,0.90
N2,,2024/04/09 14:59:20,0.87
N2,,2024/04/09 14:59:21,0.90
N2,,2024/04/09 14:59:22,0.88
N2,,2024/04/09 14:59:23,0.78
N2,,2024/04/09 14:59:24,0.80
N2,,2024/04/09 14:59:25,0.81
N2,,2024/04/09 14:59:26,0.85
N2,,2024/04/09 14:59:27,0.84
N2,,2024/04/09 14:59:28,0.82
N2,,2024/04/09 14:59:29,0.83
N2,,2024/04/09 14:59:30,0.85
N2,,2024/04/09 14:59:31,0.81
N2,,2024/04/09 14:59:32,0.80
N2,,2024/04/09 14:59:33,0.55
N2,,2024/04/09 14:59:34,0.62
N2,,2024/04/09 14:59:35,0.75
N2,,2024/04/09 14:59:36,0.76
N2,,2024/04/09 14:59:37,0.87
N2,,2024/04/09 14:59:38,0.91
N2,,2024/04/09 14:59:39,0.90
N2,,2024/04/09 14:59:40,0.87
N2,,2024/04/09 14:59:41,0.89
N2,,2024/04/09 14:59:42,0.88
N2,,2024/04/09 14:59:43,0.67
N2,,2024/04/09 14:59:50,0.85
N2,,2024/04/09 14:59:51,0.70
N2,,2024/04/09 14:59:52,0.80
N2,,2024/04/09 14:59:53,0.57
N2,,2024/04/09 14:59:56,0.41
N2,,2024/04/09 15:00:08,0.65
N2,,2024/04/09 15:00:29,0.55
N2,,2024/04/09 15:00:30,0.56
N2,,2024/04/09 15:00:31,0.49
N2,,2024/04/09 15:01:05,0.45
N2,,2024/04/09 15:03:07,0.50
N2,,2024/04/09 15:03:08,0.44
N2,,2024/04/09 15:03:19,0.54
N2,,2024/04/09 15:03:20,0.51
N2,,2024/04/09 15:03:22,0.59
N2,,2024/04/09 15:04:30,0.43
N2,,2024/04/09 15:04:31,0.56
N2,,2024/04/09 15:04:32,0.80
N2,,2024/04/09 15:04:33,0.89
N2,,2024/04/09 15:04:34,0.94
N2,,2024/04/09 15:04:35,0.91
N2,,2024/04/09 15:04:36,0.93
N2,,2024/04/09 15:04:37,0.93
N2,,2024/04/09 15:04:38,0.92
N2,,2024/04/09 15:04:39,0.52
N2,,2024/04/09 15:04:40,0.69
N2,,2024/04/09 15:04:41,0.89
N2,,2024/04/09 15:04:42,0.87
N2,,2024/04/09 15:04:43,0.92
N2,,2024/04/09 15:04:44,0.94
N2,,2024/04/09 15:04:45,0.84
N2,,2024/04/09 15:04:46,0.89
N2,,2024/04/09 15:04:47,0.85
N2,,2024/04/09 15:04:48,0.92
N2,,2024/04/09 15:04:49,0.82
N2,,2024/04/09 15:04:51,0.82
N2,,2024/04/09 15:04:52,0.82
N2,,2024/04/09 15:04:53,0.92
N2,,2024/04/09 15:04:54,0.87
N2,,2024/04/09 15:04:55,0.91
N2,,2024/04/09 15:04:56,0.91
N2,,2024/04/09 15:04:57,0.90
N2,,2024/04/09 15:04:58,0.89
N2,,2024/04/09 15:04:59,0.89
N2,,2024/04/09 15:05:00,0.89
N2,,2024/04/09 15:05:00,0.87
N2,,2024/04/09 15:05:00,0.79
N2,,2024/04/09 15:05:01,0.92
N2,,2024/04/09 15:05:02,0.93
N2,,2024/04/09 15:05:03,0.93
N2,,2024/04/09 15:05:04,0.94
N2,,2024/04/09 15:05:05,0.92
N2,,2024/04/09 15:05:06,0.92
N2,,2024/04/09 15:05:07,0.93
N2,,2024/04/09 15:05:08,0.92
N2,,2024/04/09 15:05:09,0.91
N2,,2024/04/09 15:05:10,0.92
N2,,2024/04/09 15:05:11,0.90
N2,,2024/04/09 15:05:12,0.91
N2,,2024/04/09 15:05:13,0.85
N2,,2024/04/09 15:05:14,0.89
N2,,2024/04/09 15:05:15,0.90
N2,,2024/04/09 15:05:16,0.92
N2,,2024/04/09 15:05:17,0.87
N2,,2024/04/09 15:05:18,0.41
N2,,2024/04/09 15:05:19,0.68
N2,,2024/04/09 15:05:21,0.44
N2,,2024/04/09 15:05:23,0.41
N2,,2024/04/09 15:05:24,0.47
N2,,2024/04/09 15:05:25,0.56
N2,,2024/04/09 15:05:26,0.65
N2,,2024/04/09 15:05:28,0.66
N2,,2024/04/09 15:05:33,0.43
N2,,2024/04/09 15:05:34,0.59
N2,,2024/04/09 15:05:35,0.45
N2,,2024/04/09 15:06:06,0.41
N2,,2024/04/09 15:06:07,0.51
N2,,2024/04/09 15:06:08,0.53
N2,,2024/04/09 15:06:09,0.56
N2,,2024/04/09 15:06:10,0.39
N2,,2024/04/09 15:06:22,0.52
N2,,2024/04/09 15:10:06,0.65
N2,,2024/04/09 15:10:07,0.90
N2,,2024/04/09 15:10:08,0.93
N2,,2024/04/09 15:10:09,0.93
N2,,2024/04/09 15:10:10,0.89
N2,,2024/04/09 15:10:11,0.93
N2,,2024/04/09 15:10:12,0.93
N2,,2024/04/09 15:10:13,0.92
N2,,2024/04/09 15:10:14,0.86
N2,,2024/04/09 15:10:15,0.84
N2,,2024/04/09 15:10:16,0.90
N2,,2024/04/09 15:10:17,0.93
N2,,2024/04/09 15:10:18,0.92
N2,,2024/04/09 15:10:19,0.92
N2,,2024/04/09 15:10:20,0.90
N2,,2024/04/09 15:10:21,0.81
N2,,2024/04/09 15:10:22,0.87
N2,,2024/04/09 15:10:23,0.67
N2,,2024/04/09 15:10:24,0.90
N2,,2024/04/09 15:10:26,0.92
N2,,2024/04/09 15:10:27,0.84
N2,,2024/04/09 15:10:28,0.93
N2,,2024/04/09 15:10:29,0.91
N2,,2024/04/09 15:10:30,0.86
N2,,2024/04/09 15:10:31,0.90
N2,,2024/04/09 15:10:32,0.86
N2,,2024/04/09 15:10:33,0.72
N2,,2024/04/09 15:10:34,0.89
N2,,2024/04/09 15:10:35,0.93
N2,,2024/04/09 15:10:36,0.90
N2,,2024/04/09 15:10:37,0.74
N2,,2024/04/09 15:10:38,0.88
N2,,2024/04/09 15:10:39,0.87
N2,,2024/04/09 15:10:40,0.87
N2,,2024/04/09 15:10:41,0.90
N2,,2024/04/09 15:10:42,0.91
N2,,2024/04/09 15:10:43,0.84
N2,,2024/04/09 15:10:44,0.85
N2,,2024/04/09 15:10:45,0.90
N2,,2024/04/09 15:10:46,0.91
N2,,2024/04/09 15:10:47,0.91
N2,,2024/04/09 15:10:48,0.86
N2,,2024/04/09 15:10:49,0.85
N2,,2024/04/09 15:10:50,0.89
N2,,2024/04/09 15:10:51,0.84
N2,,2024/04/09 15:10:52,0.75
N2,,2024/04/09 15:10:53,0.81
N2,,2024/04/09 15:10:55,0.62
N2,,2024/04/09 15:10:56,0.60
N2,,2024/04/09 15:10:58,0.87
N2,,2024/04/09 15:10:59,0.60
N2,,2024/04/09 15:11:00,0.59
N2,,2024/04/09 15:11:01,0.70
N2,,2024/04/09 15:11:04,0.85
N2,,2024/04/09 15:11:05,0.79
N2,,2024/04/09 15:11:06,0.88
N2,,2024/04/09 15:11:07,0.88
N2,,2024/04/09 15:11:08,0.81
N2,,2024/04/09 15:11:43,0.56
N2,,2024/04/09 15:11:44,0.70
N2,,2024/04/09 15:11:45,0.52
N2,,2024/04/09 15:15:54,0.55
N2,,2024/04/09 15:15:56,0.94
N2,,2024/04/09 15:15:57,0.91
N2,,2024/04/09 15:15:58,0.92
N2,,2024/04/09 15:15:59,0.89
N2,,2024/04/09 15:16:00,0.93
N2,,2024/04/09 15:16:01,0.91
N2,,2024/04/09 15:16:02,0.88
N2,,2024/04/09 15:16:03,0.58
N2,,2024/04/09 15:16:04,0.90
N2,,2024/04/09 15:16:05,0.91
N2,,2024/04/09 15:16:06,0.88
N2,,2024/04/09 15:16:07,0.94
N2,,2024/04/09 15:16:08,0.94
N2,,2024/04/09 15:16:09,0.93
N2,,2024/04/09 15:16:10,0.92
N2,,2024/04/09 15:16:11,0.93
N2,,2024/04/09 15:16:12,0.85
N2,,2024/04/09 15:16:13,0.88
N2,,2024/04/09 15:16:14,0.90
N2,,2024/04/09 15:16:16,0.91
N2,,2024/04/09 15:16:17,0.73
N2,,2024/04/09 15:16:18,0.72
N2,,2024/04/09 15:16:19,0.67
N2,,2024/04/09 15:16:20,0.80
N2,,2024/04/09 15:16:21,0.78
N2,,2024/04/09 15:16:22,0.79
N2,,2024/04/09 15:16:23,0.83
N2,,2024/04/09 15:16:24,0.57
N2,,2024/04/09 15:16:25,0.83
N2,,2024/04/09 15:16:26,0.74
N2,,2024/04/09 15:16:27,0.91
N2,,2024/04/09 15:16:28,0.90
N2,,2024/04/09 15:16:29,0.88
N2,,2024/04/09 15:16:30,0.92
N2,,2024/04/09 15:16:31,0.91
N2,,2024/04/09 15:16:32,0.90
N2,,2024/04/09 15:16:33,0.87
N2,,2024/04/09 15:16:34,0.84
N2,,2024/04/09 15:16:35,0.86
N2,,2024/04/09 15:16:36,0.87
N2,,2024/04/09 15:16:37,0.90
N2,,2024/04/09 15:16:38,0.91
N2,,2024/04/09 15:16:39,0.89
N2,,2024/04/09 15:16:40,0.89
N2,,2024/04/09 15:16:41,0.86
N2,,2024/04/09 15:16:42,0.92
N2,,2024/04/09 15:16:43,0.86
N2,,2024/04/09 15:16:44,0.85
N2,,2024/04/09 15:16:45,0.46
N2,,2024/04/09 15:16:47,0.72
N2,,2024/04/09 15:16:50,0.55
N2,,2024/04/09 15:16:53,0.78
N2,,2024/04/09 15:16:54,0.62
N2,,2024/04/09 15:16:56,0.61
N2,,2024/04/09 15:16:58,0.54
N2,,2024/04/09 15:16:59,0.74
N2,,2024/04/09 15:17:00,0.73
N2,,2024/04/09 15:17:01,0.74
N2,,2024/04/09 15:17:03,0.78
N2,,2024/04/09 15:17:04,0.82
N2,,2024/04/09 15:17:05,0.56
N2,,2024/04/09 15:17:35,0.55
N2,,2024/04/09 15:27:47,0.55
N2,,2024/04/09 15:27:48,0.53
N2,,2024/04/09 15:27:49,0.66
N2,,2024/04/09 15:27:50,0.93
N2,,2024/04/09 15:27:51,0.93
N2,,2024/04/09 15:27:52,0.90
N2,,2024/04/09 15:27:53,0.94
N2,,2024/04/09 15:27:54,0.88
N2,,2024/04/09 15:27:55,0.85
N2,,2024/04/09 15:27:56,0.64
N2,,2024/04/09 15:27:57,0.92
N2,,2024/04/09 15:27:58,0.94
N2,,2024/04/09 15:27:59,0.91
N2,,2024/04/09 15:28:00,0.90
N2,,2024/04/09 15:28:01,0.87
N2,,2024/04/09 15:28:02,0.90
N2,,2024/04/09 15:28:03,0.82
N2,,2024/04/09 15:28:04,0.91
N2,,2024/04/09 15:28:05,0.89
N2,,2024/04/09 15:28:07,0.48
N2,,2024/04/09 15:28:08,0.81
N2,,2024/04/09 15:28:09,0.73
N2,,2024/04/09 15:28:10,0.81
N2,,2024/04/09 15:28:11,0.92
N2,,2024/04/09 15:28:12,0.88
N2,,2024/04/09 15:28:13,0.92
N2,,2024/04/09 15:28:14,0.89
N2,,2024/04/09 15:28:15,0.89
N2,,2024/04/09 15:28:16,0.91
N2,,2024/04/09 15:28:17,0.73
N2,,2024/04/09 15:28:18,0.79
N2,,2024/04/09 15:28:19,0.80
N2,,2024/04/09 15:28:20,0.87
N2,,2024/04/09 15:28:21,0.93
N2,,2024/04/09 15:28:22,0.92
N2,,2024/04/09 15:28:23,0.91
N2,,2024/04/09 15:28:24,0.91
N2,,2024/04/09 15:28:25,0.92
N2,,2024/04/09 15:28:26,0.86
N2,,2024/04/09 15:28:27,0.92
N2,,2024/04/09 15:28:28,0.90
N2,,2024/04/09 15:28:29,0.91
N2,,2024/04/09 15:28:30,0.92
N2,,2024/04/09 15:28:31,0.92
N2,,2024/04/09 15:28:32,0.92
N2,,2024/04/09 15:28:33,0.73
N2,,2024/04/09 15:28:34,0.92
N2,,2024/04/09 15:28:35,0.91
N2,,2024/04/09 15:28:36,0.89
N2,,2024/04/09 15:28:37,0.89
N2,,2024/04/09 15:28:38,0.93
N2,,2024/04/09 15:28:39,0.91
N2,,2024/04/09 15:28:40,0.93
N2,,2024/04/09 15:28:41,0.60
N2,,2024/04/09 15:28:46,0.58
N2,,2024/04/09 15:28:47,0.45
N2,,2024/04/09 15:28:48,0.63
N2,,2024/04/09 15:28:50,0.62
N2,,2024/04/09 15:28:51,0.59
N2,,2024/04/09 15:28:52,0.75
N2,,2024/04/09 15:29:03,0.60
N2,,2024/04/09 15:29:04,0.67
N2,,2024/04/09 15:29:25,0.49
N2,,2024/04/09 15:29:27,0.62
N2,,2024/04/09 15:29:28,0.56
N2,,2024/04/09 15:29:41,0.58
N2,,2024/04/09 15:30:06,0.43
N2,,2024/04/09 15:33:19,0.49
N2,,2024/04/09 15:33:20,0.49
N2,,2024/04/09 15:33:21,0.83
N2,,2024/04/09 15:33:22,0.40
N2,,2024/04/09 15:33:23,0.72
N2,,2024/04/09 15:33:24,0.77
N2,,2024/04/09 15:33:25,0.60
N2,,2024/04/09 15:33:26,0.70
N2,,2024/04/09 15:33:27,0.75
N2,,2024/04/09 15:33:28,0.82
N2,,2024/04/09 15:33:30,0.75
N2,,2024/04/09 15:33:31,0.93
N2,,2024/04/09 15:33:32,0.92
N2,,2024/04/09 15:33:33,0.94
N2,,2024/04/09 15:33:34,0.89
N2,,2024/04/09 15:33:35,0.91
N2,,2024/04/09 15:33:36,0.82
N2,,2024/04/09 15:33:37,0.57
N2,,2024/04/09 15:33:38,0.91
N2,,2024/04/09 15:33:39,0.87
N2,,2024/04/09 15:33:40,0.93
N2,,2024/04/09 15:33:41,0.92
N2,,2024/04/09 15:33:42,0.77
N2,,2024/04/09 15:33:43,0.89
N2,,2024/04/09 15:33:44,0.90
N2,,2024/04/09 15:33:45,0.79
N2,,2024/04/09 15:33:46,0.74
N2,,2024/04/09 15:33:48,0.85
N2,,2024/04/09 15:33:50,0.91
N2,,2024/04/09 15:33:51,0.70
N2,,2024/04/09 15:33:52,0.82
N2,,2024/04/09 15:33:53,0.85
N2,,2024/04/09 15:33:54,0.86
N2,,2024/04/09 15:33:55,0.91
N2,,2024/04/09 15:33:56,0.89
N2,,2024/04/09 15:33:57,0.80
N2,,2024/04/09 15:33:58,0.89
N2,,2024/04/09 15:33:59,0.88
N2,,2024/04/09 15:34:00,0.92
N2,,2024/04/09 15:34:01,0.92
N2,,2024/04/09 15:34:02,0.91
N2,,2024/04/09 15:34:03,0.90
N2,,2024/04/09 15:34:04,0.89
N2,,2024/04/09 15:34:05,0.91
N2,,2024/04/09 15:34:06,0.90
N2,,2024/04/09 15:34:07,0.85
N2,,2024/04/09 15:34:08,0.84
N2,,2024/04/09 15:34:09,0.74
N2,,2024/04/09 15:34:10,0.47
N2,,2024/04/09 15:34:11,0.77
N2,,2024/04/09 15:34:14,0.64
N2,,2024/04/09 15:34:15,0.62
N2,,2024/04/09 15:34:16,0.67
N2,,2024/04/09 15:34:16,0.67
N2,,2024/04/09 15:34:17,0.52
N2,,2024/04/09 15:34:19,0.47
N2,,2024/04/09 15:35:01,0.51
N2,,2024/04/09 15:38:53,0.42
N2,,2024/04/09 15:38:54,0.60
N2,,2024/04/09 15:38:55,0.61
N2,,2024/04/09 15:38:56,0.78
N2,,2024/04/09 15:38:57,0.86
N2,,2024/04/09 15:38:58,0.95
N2,,2024/04/09 15:38:59,0.89
N2,,2024/04/09 15:39:00,0.87
N2,,2024/04/09 15:39:01,0.90
N2,,2024/04/09 15:39:02,0.94
N2,,2024/04/09 15:39:03,0.91
N2,,2024/04/09 15:39:04,0.51
N2,,2024/04/09 15:39:05,0.87
N2,,2024/04/09 15:39:06,0.93
N2,,2024/04/09 15:39:07,0.93
N2,,2024/04/09 15:39:08,0.92
N2,,2024/04/09 15:39:09,0.91
N2,,2024/04/09 15:39:10,0.93
N2,,2024/04/09 15:39:11,0.81
N2,,2024/04/09 15:39:12,0.89
N2,,2024/04/09 15:39:13,0.83
N2,,2024/04/09 15:39:14,0.90
N2,,2024/04/09 15:39:15,0.92
N2,,2024/04/09 15:39:16,0.47
N2,,2024/04/09 15:39:16,0.44
N2,,2024/04/09 15:39:17,0.48
N2,,2024/04/09 15:39:18,0.88
N2,,2024/04/09 15:39:19,0.90
N2,,2024/04/09 15:39:20,0.86
N2,,2024/04/09 15:39:21,0.86
N2,,2024/04/09 15:39:22,0.89
N2,,2024/04/09 15:39:23,0.85
N2,,2024/04/09 15:39:24,0.89
N2,,2024/04/09 15:39:25,0.90
N2,,2024/04/09 15:39:26,0.75
N2,,2024/04/09 15:39:27,0.74
N2,,2024/04/09 15:39:28,0.87
N2,,2024/04/09 15:39:29,0.91
N2,,2024/04/09 15:39:30,0.89
N2,,2024/04/09 15:39:31,0.87
N2,,2024/04/09 15:39:32,0.90
N2,,2024/04/09 15:39:33,0.85
N2,,2024/04/09 15:39:34,0.90
N2,,2024/04/09 15:39:35,0.86
N2,,2024/04/09 15:39:36,0.86
N2,,2024/04/09 15:39:37,0.88
N2,,2024/04/09 15:39:38,0.91
N2,,2024/04/09 15:39:39,0.92
N2,,2024/04/09 15:39:40,0.93
N2,,2024/04/09 15:39:41,0.79
N2,,2024/04/09 15:39:42,0.64
N2,,2024/04/09 15:39:43,0.42
N2,,2024/04/09 15:39:44,0.60
N2,,2024/04/09 15:39:45,0.90
N2,,2024/04/09 15:39:49,0.65
N2,,2024/04/09 15:39:50,0.57
N2,,2024/04/09 15:39:52,0.64
N2,,2024/04/09 15:39:54,0.50
N2,,2024/04/09 15:40:38,0.44
N2,,2024/04/09 15:41:09,0.65
N2,,2024/04/09 15:44:40,0.38
N2,,2024/04/09 15:44:41,0.94
N2,,2024/04/09 15:44:42,0.95
N2,,2024/04/09 15:44:43,0.81
N2,,2024/04/09 15:44:44,0.94
N2,,2024/04/09 15:44:45,0.73
N2,,2024/04/09 15:44:46,0.64
N2,,2024/04/09 15:44:47,0.51
N2,,2024/04/09 15:44:48,0.94
N2,,2024/04/09 15:44:49,0.92
N2,,2024/04/09 15:44:50,0.93
N2,,2024/04/09 15:44:51,0.91
N2,,2024/04/09 15:44:52,0.92
N2,,2024/04/09 15:44:53,0.71
N2,,2024/04/09 15:44:54,0.85
N2,,2024/04/09 15:44:55,0.81
N2,,2024/04/09 15:44:56,0.87
N2,,2024/04/09 15:44:56,0.89
N2,,2024/04/09 15:45:00,0.82
N2,,2024/04/09 15:45:00,0.64
N2,,2024/04/09 15:45:01,0.79
N2,,2024/04/09 15:45:02,0.90
N2,,2024/04/09 15:45:03,0.84
N2,,2024/04/09 15:45:04,0.92
N2,,2024/04/09 15:45:05,0.89
N2,,2024/04/09 15:45:06,0.87
N2,,2024/04/09 15:45:07,0.92
N2,,2024/04/09 15:45:08,0.89
N2,,2024/04/09 15:45:09,0.86
N2,,2024/04/09 15:45:10,0.86
N2,,2024/04/09 15:45:11,0.91
N2,,2024/04/09 15:45:12,0.90
N2,,2024/04/09 15:45:13,0.88
N2,,2024/04/09 15:45:14,0.91
N2,,2024/04/09 15:45:15,0.87
N2,,2024/04/09 15:45:16,0.88
N2,,2024/04/09 15:45:17,0.85
N2,,2024/04/09 15:45:18,0.90
N2,,2024/04/09 15:45:19,0.87
N2,,2024/04/09 15:45:20,0.89
N2,,2024/04/09 15:45:21,0.86
N2,,2024/04/09 15:45:22,0.91
N2,,2024/04/09 15:45:23,0.88
N2,,2024/04/09 15:45:24,0.88
N2,,2024/04/09 15:45:25,0.89
N2,,2024/04/09 15:45:26,0.87
N2,,2024/04/09 15:45:27,0.85
N2,,2024/04/09 15:45:28,0.87
N2,,2024/04/09 15:45:29,0.90
N2,,2024/04/09 15:45:30,0.90
N2,,2024/04/09 15:45:31,0.51
N2,,2024/04/09 15:45:32,0.81
N2,,2024/04/09 15:45:33,0.40
N2,,2024/04/09 15:45:35,0.43
N2,,2024/04/09 15:45:36,0.38
N2,,2024/04/09 15:45:38,0.39
N2,,2024/04/09 15:45:40,0.52
N2,,2024/04/09 15:45:42,0.41
N2,,2024/04/09 15:45:43,0.46
N2,,2024/04/09 15:45:44,0.46
N2,,2024/04/09 15:45:45,0.39
N2,,2024/04/09 15:45:46,0.64
N2,,2024/04/09 15:45:47,0.64
N2,,2024/04/09 15:45:51,0.38
N2,,2024/04/09 15:45:52,0.49
N2,,2024/04/09 15:46:22,0.74
N2,,2024/04/09 15:46:24,0.53
N2,,2024/04/09 15:46:25,0.40
N2,,2024/04/09 15:50:34,0.66
N2,,2024/04/09 15:50:36,0.94
N2,,2024/04/09 15:50:37,0.89
N2,,2024/04/09 15:50:38,0.87
N2,,2024/04/09 15:50:39,0.94
N2,,2024/04/09 15:50:40,0.89
N2,,2024/04/09 15:50:41,0.76
N2,,2024/04/09 15:50:42,0.55
N2,,2024/04/09 15:50:43,0.91
N2,,2024/04/09 15:50:44,0.93
N2,,2024/04/09 15:50:45,0.93
N2,,2024/04/09 15:50:46,0.91
N2,,2024/04/09 15:50:47,0.89
N2,,2024/04/09 15:50:48,0.90
N2,,2024/04/09 15:50:49,0.76
N2,,2024/04/09 15:50:50,0.86
N2,,2024/04/09 15:50:51,0.90
N2,,2024/04/09 15:50:52,0.91
N2,,2024/04/09 15:50:54,0.63
N2,,2024/04/09 15:50:55,0.77
N2,,2024/04/09 15:50:56,0.89
N2,,2024/04/09 15:50:57,0.90
N2,,2024/04/09 15:50:58,0.85
N2,,2024/04/09 15:50:59,0.83
N2,,2024/04/09 15:51:00,0.89
N2,,2024/04/09 15:51:01,0.87
N2,,2024/04/09 15:51:02,0.87
N2,,2024/04/09 15:51:03,0.89
N2,,2024/04/09 15:51:04,0.75
N2,,2024/04/09 15:51:05,0.64
N2,,2024/04/09 15:51:06,0.90
N2,,2024/04/09 15:51:07,0.92
N2,,2024/04/09 15:51:08,0.88
N2,,2024/04/09 15:51:09,0.90
N2,,2024/04/09 15:51:10,0.87
N2,,2024/04/09 15:51:11,0.86
N2,,2024/04/09 15:51:12,0.89
N2,,2024/04/09 15:51:13,0.86
N2,,2024/04/09 15:51:14,0.91
N2,,2024/04/09 15:51:15,0.89
N2,,2024/04/09 15:51:16,0.87
N2,,2024/04/09 15:51:17,0.93
N2,,2024/04/09 15:51:18,0.90
N2,,2024/04/09 15:51:19,0.88
N2,,2024/04/09 15:51:20,0.91
N2,,2024/04/09 15:51:21,0.91
N2,,2024/04/09 15:51:22,0.91
N2,,2024/04/09 15:51:23,0.91
N2,,2024/04/09 15:51:24,0.86
N2,,2024/04/09 15:51:25,0.66
N2,,2024/04/09 15:51:26,0.58
N2,,2024/04/09 15:51:29,0.51
N2,,2024/04/09 15:51:30,0.68
N2,,2024/04/09 15:51:31,0.71
N2,,2024/04/09 15:51:32,0.41
N2,,2024/04/09 15:51:33,0.65
N2,,2024/04/09 15:51:34,0.39
N2,,2024/04/09 15:51:35,0.55
N2,,2024/04/09 15:51:36,0.69
N2,,2024/04/09 15:51:39,0.66
N2,,2024/04/09 15:51:40,0.78
N2,,2024/04/09 15:51:41,0.80
N2,,2024/04/09 15:51:42,0.75
N2,,2024/04/09 15:51:43,0.72
N2,,2024/04/09 15:51:44,0.77
N2,,2024/04/09 15:51:45,0.50
N2,,2024/04/09 15:51:46,0.70
N2,,2024/04/09 15:51:47,0.39
N2,,2024/04/09 15:51:48,0.81
N2,,2024/04/09 15:51:49,0.63
N2,,2024/04/09 15:51:50,0.58
N2,,2024/04/09 15:51:52,0.72
N2,,2024/04/09 15:51:54,0.70
N2,,2024/04/09 15:52:26,0.41
N2,,2024/04/09 15:56:48,0.65
N2,,2024/04/09 15:56:50,0.90
N2,,2024/04/09 15:56:51,0.92
N2,,2024/04/09 15:56:52,0.89
N2,,2024/04/09 15:56:53,0.91
N2,,2024/04/09 15:56:54,0.83
N2,,2024/04/09 15:56:55,0.89
N2,,2024/04/09 15:56:56,0.84
N2,,2024/04/09 15:56:57,0.92
N2,,2024/04/09 15:56:58,0.94
N2,,2024/04/09 15:56:59,0.93
N2,,2024/04/09 15:57:00,0.93
N2,,2024/04/09 15:57:01,0.91
N2,,2024/04/09 15:57:02,0.89
N2,,2024/04/09 15:57:03,0.88
N2,,2024/04/09 15:57:04,0.78
N2,,2024/04/09 15:57:05,0.89
N2,,2024/04/09 15:57:06,0.78
N2,,2024/04/09 15:57:08,0.70
N2,,2024/04/09 15:57:09,0.88
N2,,2024/04/09 15:57:10,0.90
N2,,2024/04/09 15:57:10,0.90
N2,,2024/04/09 15:57:11,0.84
N2,,2024/04/09 15:57:12,0.88
N2,,2024/04/09 15:57:13,0.88
N2,,2024/04/09 15:57:14,0.82
N2,,2024/04/09 15:57:15,0.87
N2,,2024/04/09 15:57:16,0.78
N2,,2024/04/09 15:57:17,0.55
N2,,2024/04/09 15:57:18,0.84
N2,,2024/04/09 15:57:19,0.93
N2,,2024/04/09 15:57:20,0.86
N2,,2024/04/09 15:57:21,0.89
N2,,2024/04/09 15:57:22,0.88
N2,,2024/04/09 15:57:23,0.92
N2,,2024/04/09 15:57:24,0.91
N2,,2024/04/09 15:57:25,0.91
N2,,2024/04/09 15:57:26,0.90
N2,,2024/04/09 15:57:27,0.92
N2,,2024/04/09 15:57:28,0.91
N2,,2024/04/09 15:57:29,0.90
N2,,2024/04/09 15:57:30,0.91
N2,,2024/04/09 15:57:31,0.90
N2,,2024/04/09 15:57:32,0.89
N2,,2024/04/09 15:57:33,0.94
N2,,2024/04/09 15:57:34,0.89
N2,,2024/04/09 15:57:35,0.85
N2,,2024/04/09 15:57:36,0.88
N2,,2024/04/09 15:57:37,0.53
N2,,2024/04/09 15:57:39,0.49
N2,,2024/04/09 15:57:42,0.68
N2,,2024/04/09 15:57:43,0.74
N2,,2024/04/09 15:57:44,0.61
N2,,2024/04/09 15:57:45,0.59
N2,,2024/04/09 15:57:47,0.82
N2,,2024/04/09 15:57:48,0.79
N2,,2024/04/09 15:57:49,0.70
N2,,2024/04/09 15:57:50,0.67
N2,,2024/04/09 15:57:52,0.75
N2,,2024/04/09 15:59:10,0.59
N2,,2024/04/09 16:02:35,0.82
N2,,2024/04/09 16:02:36,0.40
N2,,2024/04/09 16:02:37,0.94
N2,,2024/04/09 16:02:38,0.88
N2,,2024/04/09 16:02:39,0.91
N2,,2024/04/09 16:02:40,0.94
N2,,2024/04/09 16:02:41,0.93
N2,,2024/04/09 16:02:42,0.88
N2,,2024/04/09 16:02:43,0.88
N2,,2024/04/09 16:02:44,0.67
N2,,2024/04/09 16:02:45,0.92
N2,,2024/04/09 16:02:46,0.92
N2,,2024/04/09 16:02:47,0.92
N2,,2024/04/09 16:02:48,0.92
N2,,2024/04/09 16:02:49,0.91
N2,,2024/04/09 16:02:50,0.87
N2,,2024/04/09 16:02:51,0.90
N2,,2024/04/09 16:02:52,0.87
N2,,2024/04/09 16:02:53,0.91
N2,,2024/04/09 16:02:54,0.86
N2,,2024/04/09 16:02:55,0.71
N2,,2024/04/09 16:02:56,0.70
N2,,2024/04/09 16:02:57,0.65
N2,,2024/04/09 16:02:57,0.40
N2,,2024/04/09 16:02:58,0.88
N2,,2024/04/09 16:02:59,0.87
N2,,2024/04/09 16:03:00,0.79
N2,,2024/04/09 16:03:01,0.92
N2,,2024/04/09 16:03:02,0.93
N2,,2024/04/09 16:03:03,0.87
N2,,2024/04/09 16:03:04,0.89
N2,,2024/04/09 16:03:05,0.88
N2,,2024/04/09 16:03:06,0.90
N2,,2024/04/09 16:03:07,0.91
N2,,2024/04/09 16:03:08,0.76
N2,,2024/04/09 16:03:09,0.93
N2,,2024/04/09 16:03:10,0.92
N2,,2024/04/09 16:03:11,0.89
N2,,2024/04/09 16:03:12,0.90
N2,,2024/04/09 16:03:13,0.87
N2,,2024/04/09 16:03:14,0.81
N2,,2024/04/09 16:03:15,0.85
N2,,2024/04/09 16:03:16,0.90
N2,,2024/04/09 16:03:17,0.94
N2,,2024/04/09 16:03:18,0.91
N2,,2024/04/09 16:03:19,0.92
N2,,2024/04/09 16:03:20,0.90
N2,,2024/04/09 16:03:21,0.91
N2,,2024/04/09 16:03:22,0.90
N2,,2024/04/09 16:03:24,0.56
N2,,2024/04/09 16:03:25,0.39
N2,,2024/04/09 16:03:26,0.55
N2,,2024/04/09 16:03:27,0.40
N2,,2024/04/09 16:03:30,0.70
N2,,2024/04/09 16:03:31,0.58
N2,,2024/04/09 16:03:32,0.38
N2,,2024/04/09 16:03:33,0.44
N2,,2024/04/09 16:04:10,0.38
N2,,2024/04/09 16:04:44,0.50
N2,,2024/04/09 16:15:48,0.82
N2,,2024/04/09 16:15:49,0.92
N2,,2024/04/09 16:15:50,0.78
N2,,2024/04/09 16:15:51,0.55
N2,,2024/04/09 16:15:51,0.54
N2,,2024/04/09 16:15:52,0.76
N2,,2024/04/09 16:15:53,0.93
N2,,2024/04/09 16:15:54,0.93
N2,,2024/04/09 16:15:55,0.94
N2,,2024/04/09 16:15:56,0.93
N2,,2024/04/09 16:15:57,0.88
N2,,2024/04/09 16:15:58,0.86
N2,,2024/04/09 16:15:59,0.50
N2,,2024/04/09 16:16:00,0.95
N2,,2024/04/09 16:16:01,0.76
N2,,2024/04/09 16:16:02,0.84
N2,,2024/04/09 16:16:03,0.50
N2,,2024/04/09 16:16:04,0.51
N2,,2024/04/09 16:16:07,0.45
N2,,2024/04/09 16:16:08,0.43
N2,,2024/04/09 16:16:10,0.70
N2,,2024/04/09 16:16:14,0.52
N2,,2024/04/09 16:16:16,0.45
N2,,2024/04/09 16:16:18,0.68
N2,,2024/04/09 16:16:19,0.72
N2,,2024/04/09 16:16:20,0.58
N2,,2024/04/09 16:16:21,0.66
N2,,2024/04/09 16:16:22,0.75
N2,,2024/04/09 16:16:23,0.73
N2,,2024/04/09 16:16:23,0.78
N2,,2024/04/09 16:16:24,0.75
N2,,2024/04/09 16:16:25,0.57
N2,,2024/04/09 16:16:26,0.67
N2,,2024/04/09 16:16:27,0.70
N2,,2024/04/09 16:16:28,0.64
N2,,2024/04/09 16:16:29,0.59
N2,,2024/04/09 16:16:30,0.76
N2,,2024/04/09 16:16:31,0.74
N2,,2024/04/09 16:16:32,0.80
N2,,2024/04/09 16:16:51,0.43
N2,,2024/04/09 16:16:52,0.63
N2,,2024/04/09 16:17:33,0.43
N2,,2024/04/09 16:17:37,0.45
N2,,2024/04/09 16:17:37,0.43
N2,,2024/04/09 16:17:38,0.70
N2,,2024/04/09 16:17:39,0.74
N2,,2024/04/09 16:18:00,0.86
N2,,2024/04/09 16:18:01,0.88
N2,,2024/04/09 16:18:02,0.84
N2,,2024/04/09 16:18:03,0.85
N2,,2024/04/09 16:18:04,0.87
N2,,2024/04/09 16:18:05,0.51
N2,,2024/04/09 16:18:06,0.89
N2,,2024/04/09 16:18:07,0.88
N2,,2024/04/09 16:21:30,0.81
N2,,2024/04/09 16:21:31,0.70
N2,,2024/04/09 16:21:32,0.89
N2,,2024/04/09 16:21:33,0.90
N2,,2024/04/09 16:21:34,0.88
N2,,2024/04/09 16:21:35,0.91
N2,,2024/04/09 16:21:36,0.87
N2,,2024/04/09 16:21:37,0.95
N2,,2024/04/09 16:21:38,0.93
N2,,2024/04/09 16:21:39,0.81
N2,,2024/04/09 16:21:40,0.93
N2,,2024/04/09 16:21:42,0.92
N2,,2024/04/09 16:21:43,0.78
N2,,2024/04/09 16:21:44,0.81
N2,,2024/04/09 16:21:45,0.78
N2,,2024/04/09 16:21:46,0.79
N2,,2024/04/09 16:21:49,0.69
N2,,2024/04/09 16:21:50,0.56
N2,,2024/04/09 16:21:51,0.67
N2,,2024/04/09 16:21:52,0.78
N2,,2024/04/09 16:21:53,0.41
N2,,2024/04/09 16:21:55,0.63
N2,,2024/04/09 16:21:56,0.45
N2,,2024/04/09 16:21:57,0.52
N2,,2024/04/09 16:22:00,0.41
N2,,2024/04/09 16:22:01,0.54
N2,,2024/04/09 16:22:02,0.71
N2,,2024/04/09 16:22:03,0.74
N2,,2024/04/09 16:22:04,0.76
N2,,2024/04/09 16:22:05,0.52
N2,,2024/04/09 16:22:06,0.48
N2,,2024/04/09 16:22:07,0.65
N2,,2024/04/09 16:22:08,0.58
N2,,2024/04/09 16:22:09,0.64
N2,,2024/04/09 16:22:10,0.70
N2,,2024/04/09 16:22:10,0.71
N2,,2024/04/09 16:23:08,0.40
N2,,2024/04/09 16:23:11,0.45
N2,,2024/04/09 16:23:12,0.38
N2,,2024/04/09 16:23:13,0.68
N2,,2024/04/09 16:23:14,0.78
N2,,2024/04/09 16:23:15,0.63
N2,,2024/04/09 16:23:16,0.45
N2,,2024/04/09 16:27:15,0.72
N2,,2024/04/09 16:27:16,0.87
N2,,2024/04/09 16:27:17,0.91
N2,,2024/04/09 16:27:18,0.85
N2,,2024/04/09 16:27:19,0.67
N2,,2024/04/09 16:27:20,0.88
N2,,2024/04/09 16:27:21,0.87
N2,,2024/04/09 16:27:22,0.95
N2,,2024/04/09 16:27:23,0.94
N2,,2024/04/09 16:27:24,0.93
N2,,2024/04/09 16:27:25,0.90
N2,,2024/04/09 16:27:26,0.88
N2,,2024/04/09 16:27:27,0.83
N2,,2024/04/09 16:27:28,0.94
N2,,2024/04/09 16:27:30,0.87
N2,,2024/04/09 16:27:31,0.82
N2,,2024/04/09 16:27:34,0.58
N2,,2024/04/09 16:27:35,0.54
N2,,2024/04/09 16:27:36,0.62
N2,,2024/04/09 16:27:37,0.52
N2,,2024/04/09 16:27:39,0.39
N2,,2024/04/09 16:27:40,0.43
N2,,2024/04/09 16:27:41,0.62
N2,,2024/04/09 16:27:43,0.43
N2,,2024/04/09 16:27:45,0.83
N2,,2024/04/09 16:27:46,0.72
N2,,2024/04/09 16:27:47,0.75
N2,,2024/04/09 16:27:48,0.78
N2,,2024/04/09 16:27:49,0.54
N2,,2024/04/09 16:27:50,0.70
N2,,2024/04/09 16:27:51,0.60
N2,,2024/04/09 16:27:52,0.76
N2,,2024/04/09 16:27:53,0.63
N2,,2024/04/09 16:27:54,0.57
N2,,2024/04/09 16:27:55,0.58
N2,,2024/04/09 16:27:56,0.49
N2,,2024/04/09 16:27:57,0.70
N2,,2024/04/09 16:27:58,0.50
N2,,2024/04/09 16:28:14,0.41
N2,,2024/04/09 16:28:17,0.57
N2,,2024/04/09 16:28:58,0.47
N2,,2024/04/09 16:29:02,0.76
N2,,2024/04/09 16:29:03,0.68
N2,,2024/04/09 16:29:04,0.38
N2,,2024/04/09 16:29:21,0.63
N2,,2024/04/09 16:35:08,0.87
N2,,2024/04/09 16:35:09,0.54
N2,,2024/04/09 16:35:10,0.90
N2,,2024/04/09 16:35:11,0.88
N2,,2024/04/09 16:35:12,0.93
N2,,2024/04/09 16:35:12,0.83
N2,,2024/04/09 16:35:13,0.91
N2,,2024/04/09 16:35:13,0.41
N2,,2024/04/09 16:35:14,0.94
N2,,2024/04/09 16:35:15,0.93
N2,,2024/04/09 16:35:16,0.94
N2,,2024/04/09 16:35:17,0.90
N2,,2024/04/09 16:35:18,0.93
N2,,2024/04/09 16:35:19,0.90
N2,,2024/04/09 16:35:20,0.91
N2,,2024/04/09 16:35:20,0.82
N2,,2024/04/09 16:35:21,0.88
N2,,2024/04/09 16:35:22,0.54
N2,,2024/04/09 16:35:23,0.79
N2,,2024/04/09 16:35:24,0.49
N2,,2024/04/09 16:35:25,0.66
N2,,2024/04/09 16:35:25,0.38
N2,,2024/04/09 16:35:26,0.76
N2,,2024/04/09 16:35:26,0.46
N2,,2024/04/09 16:35:26,0.42
N2,,2024/04/09 16:35:27,0.78
N2,,2024/04/09 16:35:28,0.43
N2,,2024/04/09 16:35:29,0.46
N2,,2024/04/09 16:35:30,0.44
N2,,2024/04/09 16:35:31,0.75
N2,,2024/04/09 16:35:31,0.74
N2,,2024/04/09 16:35:32,0.68
N2,,2024/04/09 16:35:32,0.52
N2,,2024/04/09 16:35:33,0.50
N2,,2024/04/09 16:35:33,0.40
N2,,2024/04/09 16:35:34,0.45
N2,,2024/04/09 16:35:36,0.42
N2,,2024/04/09 16:35:37,0.61
N2,,2024/04/09 16:35:37,0.57
N2,,2024/04/09 16:35:38,0.67
N2,,2024/04/09 16:35:38,0.62
N2,,2024/04/09 16:35:39,0.78
N2,,2024/04/09 16:35:39,0.66
N2,,2024/04/09 16:35:40,0.57
N2,,2024/04/09 16:35:41,0.79
N2,,2024/04/09 16:35:41,0.56
N2,,2024/04/09 16:35:42,0.75
N2,,2024/04/09 16:35:42,0.53
N2,,2024/04/09 16:35:43,0.83
N2,,2024/04/09 16:35:43,0.52
N2,,2024/04/09 16:35:44,0.76
N2,,2024/04/09 16:35:44,0.52
N2,,2024/04/09 16:35:45,0.52
N2,,2024/04/09 16:35:45,0.43
N2,,2024/04/09 16:35:46,0.82
N2,,2024/04/09 16:35:46,0.82
N2,,2024/04/09 16:35:47,0.68
N2,,2024/04/09 16:35:48,0.81
N2,,2024/04/09 16:35:48,0.76
N2,,2024/04/09 16:35:49,0.75
N2,,2024/04/09 16:35:49,0.64
N2,,2024/04/09 16:35:50,0.82
N2,,2024/04/09 16:35:50,0.63
N2,,2024/04/09 16:35:51,0.78
N2,,2024/04/09 16:35:51,0.74
N2,,2024/04/09 16:35:52,0.81
N2,,2024/04/09 16:35:52,0.78
N2,,2024/04/09 16:35:53,0.91
N2,,2024/04/09 16:35:53,0.84
N2,,2024/04/09 16:35:54,0.84
N2,,2024/04/09 16:35:54,0.44
N2,,2024/04/09 16:35:55,0.80
N2,,2024/04/09 16:35:56,0.73
N2,,2024/04/09 16:35:58,0.63
N2,,2024/04/09 16:35:59,0.54
N2,,2024/04/09 16:36:00,0.67
N2,,2024/04/09 16:36:01,0.60
N2,,2024/04/09 16:36:02,0.42
N2,,2024/04/09 16:36:04,0.52
N2,,2024/04/09 16:36:05,0.47
N2,,2024/04/09 16:36:06,0.49
N2,,2024/04/09 16:36:08,0.59
N2,,2024/04/09 16:36:09,0.51
N2,,2024/04/09 16:36:13,0.44
N2,,2024/04/09 16:36:14,0.62
N2,,2024/04/09 16:36:16,0.62
N2,,2024/04/09 16:36:17,0.55
N2,,2024/04/09 16:36:18,0.86
N2,,2024/04/09 16:36:19,0.77
N2,,2024/04/09 16:36:20,0.52
N2,,2024/04/09 16:36:21,0.74
N2,,2024/04/09 16:36:22,0.80
N2,,2024/04/09 16:36:23,0.69
N2,,2024/04/09 16:36:24,0.69
N2,,2024/04/09 16:36:25,0.73
N2,,2024/04/09 16:36:26,0.65
N2,,2024/04/09 16:36:27,0.72
N2,,2024/04/09 16:36:28,0.68
N2,,2024/04/09 16:36:29,0.73
N2,,2024/04/09 16:36:30,0.68
N2,,2024/04/09 16:36:31,0.53
N2,,2024/04/09 16:36:32,0.72
N2,,2024/04/09 16:36:32,0.69
N2,,2024/04/09 16:36:33,0.51
N2,,2024/04/09 16:36:34,0.68
N2,,2024/04/09 16:36:35,0.74
N2,,2024/04/09 16:36:36,0.82
N2,,2024/04/09 16:36:37,0.72
N2,,2024/04/09 16:36:38,0.70
N2,,2024/04/09 16:36:39,0.73
N2,,2024/04/09 16:36:40,0.68
N2,,2024/04/09 16:36:41,0.38
N2,,2024/04/09 16:36:42,0.79
N2,,2024/04/09 16:36:43,0.76
N2,,2024/04/09 16:36:44,0.74
N2,,2024/04/09 16:36:46,0.51
N2,,2024/04/09 16:36:49,0.49
N2,,2024/04/09 16:36:50,0.66
N2,,2024/04/09 16:36:51,0.69
N2,,2024/04/09 16:36:52,0.75
N2,,2024/04/09 16:36:53,0.80
N2,,2024/04/09 16:36:54,0.73
N2,,2024/04/09 16:36:55,0.73
N2,,2024/04/09 16:36:56,0.71
N2,,2024/04/09 16:36:57,0.42
N2,,2024/04/09 16:37:02,0.48
N2,,2024/04/09 16:37:03,0.64
N2,,2024/04/09 16:37:04,0.84
N2,,2024/04/09 16:37:05,0.74
N2,,2024/04/09 16:37:06,0.78
N2,,2024/04/09 16:37:07,0.78
N2,,2024/04/09 16:37:08,0.76
N2,,2024/04/09 16:37:09,0.78
N2,,2024/04/09 16:37:10,0.80
N2,,2024/04/09 16:37:11,0.66
N2,,2024/04/09 16:37:12,0.49
N2,,2024/04/09 16:37:13,0.53
N2,,2024/04/09 16:37:14,0.50
N2,,2024/04/09 16:37:15,0.45
N2,,2024/04/09 16:37:18,0.50
N2,,2024/04/09 16:37:19,0.70
N2,,2024/04/09 16:37:20,0.49
N2,,2024/04/09 16:41:02,0.89
N2,,2024/04/09 16:41:03,0.59
N2,,2024/04/09 16:41:04,0.71
N2,,2024/04/09 16:41:05,0.73
N2,,2024/04/09 16:41:06,0.90
N2,,2024/04/09 16:41:07,0.89
N2,,2024/04/09 16:41:08,0.93
N2,,2024/04/09 16:41:08,0.51
N2,,2024/04/09 16:41:09,0.94
N2,,2024/04/09 16:41:10,0.93
N2,,2024/04/09 16:41:11,0.96
N2,,2024/04/09 16:41:12,0.95
N2,,2024/04/09 16:41:13,0.93
N2,,2024/04/09 16:41:14,0.86
N2,,2024/04/09 16:41:15,0.87
N2,,2024/04/09 16:41:16,0.95
N2,,2024/04/09 16:41:17,0.95
N2,,2024/04/09 16:41:18,0.86
N2,,2024/04/09 16:41:19,0.53
N2,,2024/04/09 16:41:20,0.64
N2,,2024/04/09 16:41:23,0.65
N2,,2024/04/09 16:41:24,0.69
N2,,2024/04/09 16:41:25,0.74
N2,,2024/04/09 16:41:26,0.56
N2,,2024/04/09 16:41:27,0.38
N2,,2024/04/09 16:41:29,0.52
N2,,2024/04/09 16:41:30,0.60
N2,,2024/04/09 16:41:31,0.46
N2,,2024/04/09 16:41:32,0.65
N2,,2024/04/09 16:41:34,0.61
N2,,2024/04/09 16:41:35,0.53
N2,,2024/04/09 16:41:36,0.79
N2,,2024/04/09 16:41:37,0.65
N2,,2024/04/09 16:41:38,0.70
N2,,2024/04/09 16:41:39,0.66
N2,,2024/04/09 16:41:40,0.68
N2,,2024/04/09 16:41:41,0.86
N2,,2024/04/09 16:41:42,0.61
N2,,2024/04/09 16:41:43,0.54
N2,,2024/04/09 16:41:44,0.64
N2,,2024/04/09 16:41:45,0.56
N2,,2024/04/09 16:41:46,0.48
N2,,2024/04/09 16:42:06,0.62
N2,,2024/04/09 16:42:07,0.56
N2,,2024/04/09 16:42:46,0.57
N2,,2024/04/09 16:42:50,0.53
N2,,2024/04/09 16:42:52,0.67
N2,,2024/04/09 16:42:53,0.57
N2,,2024/04/09 16:43:08,0.86
N2,,2024/04/09 16:46:41,0.93
N2,,2024/04/09 16:46:42,0.91
N2,,2024/04/09 16:46:43,0.88
N2,,2024/04/09 16:46:44,0.91
N2,,2024/04/09 16:46:45,0.89
N2,,2024/04/09 16:46:46,0.89
N2,,2024/04/09 16:46:47,0.93
N2,,2024/04/09 16:46:48,0.95
N2,,2024/04/09 16:46:49,0.95
N2,,2024/04/09 16:46:50,0.92
N2,,2024/04/09 16:46:51,0.91
N2,,2024/04/09 16:46:52,0.90
N2,,2024/04/09 16:46:53,0.94
N2,,2024/04/09 16:46:54,0.96
N2,,2024/04/09 16:46:55,0.81
N2,,2024/04/09 16:46:56,0.64
N2,,2024/04/09 16:46:57,0.88
N2,,2024/04/09 16:46:58,0.61
N2,,2024/04/09 16:46:59,0.72
N2,,2024/04/09 16:47:00,0.66
N2,,2024/04/09 16:47:01,0.57
N2,,2024/04/09 16:47:02,0.50
N2,,2024/04/09 16:47:03,0.58
N2,,2024/04/09 16:47:04,0.70
N2,,2024/04/09 16:47:07,0.53
N2,,2024/04/09 16:47:08,0.43
N2,,2024/04/09 16:47:11,0.42
N2,,2024/04/09 16:47:12,0.62
N2,,2024/04/09 16:47:12,0.44
N2,,2024/04/09 16:47:14,0.72
N2,,2024/04/09 16:47:15,0.68
N2,,2024/04/09 16:47:16,0.48
N2,,2024/04/09 16:47:17,0.60
N2,,2024/04/09 16:47:18,0.68
N2,,2024/04/09 16:47:19,0.60
N2,,2024/04/09 16:47:20,0.56
N2,,2024/04/09 16:47:21,0.60
N2,,2024/04/09 16:47:22,0.72
N2,,2024/04/09 16:47:23,0.44
N2,,2024/04/09 16:47:24,0.86
N2,,2024/04/09 16:47:41,0.41
N2,,2024/04/09 16:47:42,0.39
N2,,2024/04/09 16:47:45,0.51
N2,,2024/04/09 16:48:26,0.40
N2,,2024/04/09 16:48:27,0.67
N2,,2024/04/09 16:48:28,0.57
N2,,2024/04/09 16:48:29,0.48
N2,,2024/04/09 16:48:48,0.78
N2,,2024/04/09 16:48:49,0.84
N2,,2024/04/09 16:48:50,0.86
N2,,2024/04/09 16:48:51,0.86
N2,,2024/04/09 16:48:51,0.87
N2,,2024/04/09 16:52:27,0.84
N2,,2024/04/09 16:52:29,0.88
N2,,2024/04/09 16:52:30,0.95
N2,,2024/04/09 16:52:31,0.89
N2,,2024/04/09 16:52:32,0.86
N2,,2024/04/09 16:52:33,0.95
N2,,2024/04/09 16:52:34,0.94
N2,,2024/04/09 16:52:35,0.95
N2,,2024/04/09 16:52:36,0.94
N2,,2024/04/09 16:52:37,0.89
N2,,2024/04/09 16:52:38,0.91
N2,,2024/04/09 16:52:39,0.86
N2,,2024/04/09 16:52:40,0.92
N2,,2024/04/09 16:52:41,0.75
N2,,2024/04/09 16:52:42,0.63
N2,,2024/04/09 16:52:42,0.56
N2,,2024/04/09 16:52:44,0.49
N2,,2024/04/09 16:52:45,0.69
N2,,2024/04/09 16:52:46,0.41
N2,,2024/04/09 16:52:47,0.55
N2,,2024/04/09 16:52:48,0.44
N2,,2024/04/09 16:52:49,0.67
N2,,2024/04/09 16:52:50,0.67
N2,,2024/04/09 16:52:55,0.47
N2,,2024/04/09 16:52:59,0.70
N2,,2024/04/09 16:53:02,0.77
N2,,2024/04/09 16:53:03,0.65
N2,,2024/04/09 16:53:04,0.64
N2,,2024/04/09 16:53:05,0.49
N2,,2024/04/09 16:53:06,0.50
N2,,2024/04/09 16:53:07,0.53
N2,,2024/04/09 16:53:08,0.67
N2,,2024/04/09 16:53:09,0.91
N2,,2024/04/09 16:53:28,0.39
N2,,2024/04/09 16:53:29,0.52
N2,,2024/04/09 16:53:31,0.38
N2,,2024/04/09 16:54:13,0.48
N2,,2024/04/09 16:54:14,0.44
N2,,2024/04/09 16:54:14,0.39
N2,,2024/04/09 16:54:15,0.75
N2,,2024/04/09 16:54:16,0.77
N2,,2024/04/09 16:54:17,0.63
N2,,2024/04/09 16:54:18,0.61
N2,,2024/04/09 16:54:33,0.78
N2,,2024/04/09 16:54:34,0.53
N2,,2024/04/09 16:58:10,0.83
N2,,2024/04/09 16:58:11,0.39
N2,,2024/04/09 16:58:12,0.89
N2,,2024/04/09 16:58:13,0.92
N2,,2024/04/09 16:58:14,0.89
N2,,2024/04/09 16:58:15,0.89
N2,,2024/04/09 16:58:16,0.93
N2,,2024/04/09 16:58:17,0.94
N2,,2024/04/09 16:58:18,0.95
N2,,2024/04/09 16:58:19,0.94
N2,,2024/04/09 16:58:20,0.87
N2,,2024/04/09 16:58:20,0.90
N2,,2024/04/09 16:58:21,0.78
N2,,2024/04/09 16:58:22,0.93
N2,,2024/04/09 16:58:23,0.93
N2,,2024/04/09 16:58:24,0.67
N2,,2024/04/09 16:58:25,0.61
N2,,2024/04/09 16:58:26,0.74
N2,,2024/04/09 16:58:27,0.62
N2,,2024/04/09 16:58:28,0.44
N2,,2024/04/09 16:58:30,0.54
N2,,2024/04/09 16:58:31,0.45
N2,,2024/04/09 16:58:32,0.43
N2,,2024/04/09 16:58:33,0.54
N2,,2024/04/09 16:58:34,0.51
N2,,2024/04/09 16:58:38,0.45
N2,,2024/04/09 16:58:39,0.54
N2,,2024/04/09 16:58:40,0.46
N2,,2024/04/09 16:58:41,0.66
N2,,2024/04/09 16:58:42,0.67
N2,,2024/04/09 16:58:44,0.46
N2,,2024/04/09 16:58:45,0.71
N2,,2024/04/09 16:58:46,0.74
N2,,2024/04/09 16:58:47,0.58
N2,,2024/04/09 16:58:48,0.61
N2,,2024/04/09 16:58:49,0.64
N2,,2024/04/09 16:58:50,0.78
N2,,2024/04/09 16:58:51,0.84
N2,,2024/04/09 16:58:52,0.72
N2,,2024/04/09 16:58:53,0.67
N2,,2024/04/09 16:58:54,0.82
N2,,2024/04/09 16:59:00,0.47
N2,,2024/04/09 16:59:10,0.49
N2,,2024/04/09 16:59:11,0.56
N2,,2024/04/09 16:59:13,0.74
N2,,2024/04/09 16:59:55,0.46
N2,,2024/04/09 16:59:56,0.66
N2,,2024/04/09 16:59:57,0.39
N2,,2024/04/09 16:59:58,0.47
N2,,2024/04/09 17:00:13,0.79
N2,,2024/04/09 17:03:57,0.66
N2,,2024/04/09 17:03:58,0.62
N2,,2024/04/09 17:03:59,0.92
N2,,2024/04/09 17:04:00,0.95
N2,,2024/04/09 17:04:01,0.91
N2,,2024/04/09 17:04:02,0.87
N2,,2024/04/09 17:04:03,0.85
N2,,2024/04/09 17:04:04,0.91
N2,,2024/04/09 17:04:05,0.91
N2,,2024/04/09 17:04:06,0.94
N2,,2024/04/09 17:04:07,0.94
N2,,2024/04/09 17:04:08,0.93
N2,,2024/04/09 17:04:09,0.85
N2,,2024/04/09 17:04:10,0.92
N2,,2024/04/09 17:04:11,0.85
N2,,2024/04/09 17:04:12,0.91
N2,,2024/04/09 17:04:13,0.91
N2,,2024/04/09 17:04:14,0.88
N2,,2024/04/09 17:04:14,0.71
N2,,2024/04/09 17:04:15,0.88
N2,,2024/04/09 17:04:18,0.73
N2,,2024/04/09 17:04:19,0.54
N2,,2024/04/09 17:04:21,0.44
N2,,2024/04/09 17:04:22,0.55
N2,,2024/04/09 17:04:25,0.50
N2,,2024/04/09 17:04:30,0.43
N2,,2024/04/09 17:04:31,0.57
N2,,2024/04/09 17:04:32,0.74
N2,,2024/04/09 17:04:33,0.76
N2,,2024/04/09 17:04:34,0.58
N2,,2024/04/09 17:04:35,0.59
N2,,2024/04/09 17:04:36,0.55
N2,,2024/04/09 17:04:37,0.61
N2,,2024/04/09 17:04:38,0.65
N2,,2024/04/09 17:04:39,0.55
N2,,2024/04/09 17:04:40,0.67
N2,,2024/04/09 17:04:41,0.52
N2,,2024/04/09 17:04:42,0.76
N2,,2024/04/09 17:05:04,0.49
N2,,2024/04/09 17:05:04,0.49
N2,,2024/04/09 17:05:42,0.46
N2,,2024/04/09 17:05:43,0.68
N2,,2024/04/09 17:05:47,0.61
N2,,2024/04/09 17:05:48,0.77
N2,,2024/04/09 17:05:49,0.66
N2,,2024/04/09 17:05:50,0.61
N2,,2024/04/09 17:09:39,0.49
N2,,2024/04/09 17:09:40,0.92
N2,,2024/04/09 17:09:41,0.91
N2,,2024/04/09 17:09:42,0.88
N2,,2024/04/09 17:09:43,0.73
N2,,2024/04/09 17:09:44,0.88
N2,,2024/04/09 17:09:45,0.57
N2,,2024/04/09 17:09:46,0.94
N2,,2024/04/09 17:09:47,0.95
N2,,2024/04/09 17:09:48,0.94
N2,,2024/04/09 17:09:49,0.94
N2,,2024/04/09 17:09:50,0.91
N2,,2024/04/09 17:09:51,0.88
N2,,2024/04/09 17:09:52,0.85
N2,,2024/04/09 17:09:53,0.95
N2,,2024/04/09 17:09:54,0.95
N2,,2024/04/09 17:09:55,0.69
N2,,2024/04/09 17:09:56,0.67
N2,,2024/04/09 17:09:59,0.41
N2,,2024/04/09 17:10:00,0.39
N2,,2024/04/09 17:10:00,0.42
N2,,2024/04/09 17:10:00,0.48
N2,,2024/04/09 17:10:01,0.58
N2,,2024/04/09 17:10:02,0.64
N2,,2024/04/09 17:10:04,0.62
N2,,2024/04/09 17:10:08,0.43
N2,,2024/04/09 17:10:09,0.46
N2,,2024/04/09 17:10:10,0.67
N2,,2024/04/09 17:10:12,0.45
N2,,2024/04/09 17:10:13,0.56
N2,,2024/04/09 17:10:14,0.66
N2,,2024/04/09 17:10:15,0.65
N2,,2024/04/09 17:10:16,0.64
N2,,2024/04/09 17:10:17,0.60
N2,,2024/04/09 17:10:18,0.72
N2,,2024/04/09 17:10:19,0.68
N2,,2024/04/09 17:10:20,0.81
N2,,2024/04/09 17:10:21,0.52
N2,,2024/04/09 17:10:22,0.56
N2,,2024/04/09 17:10:40,0.52
N2,,2024/04/09 17:10:41,0.41
N2,,2024/04/09 17:10:43,0.45
N2,,2024/04/09 17:10:43,0.38
N2,,2024/04/09 17:10:44,0.46
N2,,2024/04/09 17:10:44,0.39
N2,,2024/04/09 17:11:01,0.72
N2,,2024/04/09 17:11:24,0.58
N2,,2024/04/09 17:11:26,0.69
N2,,2024/04/09 17:11:29,0.70
N2,,2024/04/09 17:11:30,0.62
N2,,2024/04/09 17:11:31,0.56
N2,,2024/04/09 17:12:00,0.86
N2,,2024/04/09 17:15:47,0.88
N2,,2024/04/09 17:15:48,0.82
N2,,2024/04/09 17:15:49,0.83
N2,,2024/04/09 17:15:50,0.94
N2,,2024/04/09 17:15:51,0.74
N2,,2024/04/09 17:15:52,0.77
N2,,2024/04/09 17:15:53,0.91
N2,,2024/04/09 17:15:54,0.92
N2,,2024/04/09 17:15:55,0.94
N2,,2024/04/09 17:15:56,0.94
N2,,2024/04/09 17:15:57,0.92
N2,,2024/04/09 17:15:58,0.83
N2,,2024/04/09 17:15:59,0.90
N2,,2024/04/09 17:16:00,0.89
N2,,2024/04/09 17:16:01,0.92
N2,,2024/04/09 17:16:02,0.54
N2,,2024/04/09 17:16:03,0.71
N2,,2024/04/09 17:16:06,0.58
N2,,2024/04/09 17:16:07,0.52
N2,,2024/04/09 17:16:08,0.40
N2,,2024/04/09 17:16:10,0.76
N2,,2024/04/09 17:16:11,0.65
N2,,2024/04/09 17:16:12,0.59
N2,,2024/04/09 17:16:13,0.40
N2,,2024/04/09 17:16:14,0.43
N2,,2024/04/09 17:16:15,0.62
N2,,2024/04/09 17:16:16,0.43
N2,,2024/04/09 17:16:18,0.44
N2,,2024/04/09 17:16:19,0.66
N2,,2024/04/09 17:16:20,0.77
N2,,2024/04/09 17:16:21,0.80
N2,,2024/04/09 17:16:22,0.70
N2,,2024/04/09 17:16:23,0.65
N2,,2024/04/09 17:16:24,0.72
N2,,2024/04/09 17:16:25,0.78
N2,,2024/04/09 17:16:26,0.70
N2,,2024/04/09 17:16:26,0.62
N2,,2024/04/09 17:16:27,0.70
N2,,2024/04/09 17:16:28,0.81
N2,,2024/04/09 17:16:29,0.63
N2,,2024/04/09 17:16:47,0.53
N2,,2024/04/09 17:16:49,0.79
N2,,2024/04/09 17:17:29,0.69
N2,,2024/04/09 17:17:31,0.57
N2,,2024/04/09 17:17:32,0.54
N2,,2024/04/09 17:27:02,0.86
N2,,2024/04/09 17:27:02,0.57
N2,,2024/04/09 17:27:03,0.89
N2,,2024/04/09 17:27:04,0.94
N2,,2024/04/09 17:27:05,0.89
N2,,2024/04/09 17:27:06,0.84
N2,,2024/04/09 17:27:07,0.89
N2,,2024/04/09 17:27:08,0.92
N2,,2024/04/09 17:27:09,0.94
N2,,2024/04/09 17:27:10,0.93
N2,,2024/04/09 17:27:11,0.93
N2,,2024/04/09 17:27:12,0.92
N2,,2024/04/09 17:27:13,0.94
N2,,2024/04/09 17:27:14,0.89
N2,,2024/04/09 17:27:15,0.87
N2,,2024/04/09 17:27:16,0.82
N2,,2024/04/09 17:27:17,0.95
N2,,2024/04/09 17:27:18,0.49
N2,,2024/04/09 17:27:19,0.88
N2,,2024/04/09 17:27:20,0.52
N2,,2024/04/09 17:27:22,0.48
N2,,2024/04/09 17:27:23,0.60
N2,,2024/04/09 17:27:24,0.62
N2,,2024/04/09 17:27:26,0.70
N2,,2024/04/09 17:27:27,0.47
N2,,2024/04/09 17:27:29,0.64
N2,,2024/04/09 17:27:32,0.43
N2,,2024/04/09 17:27:33,0.42
N2,,2024/04/09 17:27:35,0.48
N2,,2024/04/09 17:27:37,0.58
N2,,2024/04/09 17:27:38,0.42
N2,,2024/04/09 17:27:39,0.60
N2,,2024/04/09 17:27:40,0.48
N2,,2024/04/09 17:27:41,0.58
N2,,2024/04/09 17:27:42,0.74
N2,,2024/04/09 17:27:43,0.59
N2,,2024/04/09 17:27:44,0.50
N2,,2024/04/09 17:27:45,0.51
N2,,2024/04/09 17:27:46,0.38
N2,,2024/04/09 17:27:47,0.72
N2,,2024/04/09 17:27:48,0.47
N2,,2024/04/09 17:27:49,0.48
N2,,2024/04/09 17:27:50,0.77
N2,,2024/04/09 17:28:08,0.50
N2,,2024/04/09 17:28:10,0.53
N2,,2024/04/09 17:28:28,0.68
N2,,2024/04/09 17:28:52,0.51
N2,,2024/04/09 17:28:54,0.50
N2,,2024/04/09 17:28:55,0.39
N2,,2024/04/09 17:28:57,0.54
N2,,2024/04/09 17:29:13,0.80
N2,,2024/04/09 17:37:07,0.87
N2,,2024/04/09 17:37:12,0.78
N2,,2024/04/09 17:37:22,0.77
N2,,2024/04/09 17:37:29,0.89
N2,,2024/04/09 17:37:30,0.82
N2,,2024/04/09 17:38:29,0.91
N2,,2024/04/09 17:38:30,0.91
N2,,2024/04/09 17:38:31,0.91
N2,,2024/04/09 17:39:23,0.94
N2,,2024/04/09 17:39:24,0.88
N2,,2024/04/09 17:40:42,0.86
N2,,2024/04/09 17:40:42,0.90
N2,,2024/04/09 17:41:55,0.65
N2,,2024/04/09 17:42:33,0.91
N2,,2024/04/09 17:42:35,0.92
N2,,2024/04/09 17:42:36,0.93
N2,,2024/04/09 17:42:37,0.93
N2,,2024/04/09 17:42:38,0.93
N2,,2024/04/09 17:42:39,0.93
N2,,2024/04/09 17:42:40,0.93
N2,,2024/04/09 17:42:41,0.94
N2,,2024/04/09 17:42:42,0.94
N2,,2024/04/09 17:42:43,0.94
N2,,2024/04/09 17:42:44,0.94
N2,,2024/04/09 17:42:45,0.93
N2,,2024/04/09 17:42:46,0.93
N2,,2024/04/09 17:42:47,0.94
N2,,2024/04/09 17:42:48,0.94
N2,,2024/04/09 17:42:49,0.93
N2,,2024/04/09 17:42:49,0.94
N2,,2024/04/09 17:42:50,0.93
N2,,2024/04/09 17:42:51,0.93
N2,,2024/04/09 17:42:52,0.94
N2,,2024/04/09 17:42:53,0.94
N2,,2024/04/09 17:42:54,0.94
N2,,2024/04/09 17:42:55,0.94
N2,,2024/04/09 17:44:26,0.78
N2,,2024/04/09 17:44:27,0.59
N2,,2024/04/09 17:44:28,0.91
N2,,2024/04/09 17:44:29,0.94
N2,,2024/04/09 17:44:30,0.94
N2,,2024/04/09 17:44:31,0.91
N2,,2024/04/09 17:44:32,0.82
N2,,2024/04/09 17:44:33,0.90
N2,,2024/04/09 17:44:34,0.88
N2,,2024/04/09 17:44:35,0.94
N2,,2024/04/09 17:44:36,0.96
N2,,2024/04/09 17:44:37,0.95
N2,,2024/04/09 17:44:38,0.91
N2,,2024/04/09 17:44:39,0.92
N2,,2024/04/09 17:44:41,0.94
N2,,2024/04/09 17:44:42,0.96
N2,,2024/04/09 17:44:43,0.80
N2,,2024/04/09 17:44:44,0.78
N2,,2024/04/09 17:44:45,0.84
N2,,2024/04/09 17:44:46,0.54
N2,,2024/04/09 17:44:47,0.44
N2,,2024/04/09 17:44:48,0.69
N2,,2024/04/09 17:44:49,0.42
N2,,2024/04/09 17:44:50,0.54
N2,,2024/04/09 17:44:51,0.78
N2,,2024/04/09 17:44:54,0.49
N2,,2024/04/09 17:44:55,0.55
N2,,2024/04/09 17:44:56,0.42
N2,,2024/04/09 17:44:57,0.60
N2,,2024/04/09 17:45:00,0.47
N2,,2024/04/09 17:45:00,0.53
N2,,2024/04/09 17:45:01,0.60
N2,,2024/04/09 17:45:02,0.46
N2,,2024/04/09 17:45:03,0.45
N2,,2024/04/09 17:45:04,0.54
N2,,2024/04/09 17:45:05,0.78
N2,,2024/04/09 17:45:06,0.62
N2,,2024/04/09 17:45:07,0.52
N2,,2024/04/09 17:45:08,0.56
N2,,2024/04/09 17:45:09,0.44
N2,,2024/04/09 17:45:10,0.66
N2,,2024/04/09 17:45:11,0.55
N2,,2024/04/09 17:45:12,0.61
N2,,2024/04/09 17:45:13,0.65
N2,,2024/04/09 17:45:14,0.61
N2,,2024/04/09 17:45:15,0.70
N2,,2024/04/09 17:45:16,0.66
N2,,2024/04/09 17:45:38,0.84
N2,,2024/04/09 17:45:39,0.82
N2,,2024/04/09 17:45:43,0.64
N2,,2024/04/09 17:45:45,0.79
N2,,2024/04/09 17:45:46,0.76
N2,,2024/04/09 17:45:59,0.68
N2,,2024/04/09 17:46:01,0.61
N2,,2024/04/09 17:46:03,0.81
N2,,2024/04/09 17:46:04,0.84
N2,,2024/04/09 17:46:11,0.67
N2,,2024/04/09 17:53:12,0.72
N2,,2024/04/09 17:56:20,0.63
N2,,2024/04/09 17:56:21,0.81
N2,,2024/04/09 17:56:22,0.79
N2,,2024/04/09 17:56:23,0.89
N2,,2024/04/09 17:56:24,0.91
N2,,2024/04/09 17:56:25,0.89
N2,,2024/04/09 17:56:26,0.92
N2,,2024/04/09 17:56:27,0.94
N2,,2024/04/09 17:56:28,0.94
N2,,2024/04/09 17:56:29,0.95
N2,,2024/04/09 17:56:30,0.91
N2,,2024/04/09 17:56:31,0.90
N2,,2024/04/09 17:56:32,0.88
N2,,2024/04/09 17:56:33,0.95
N2,,2024/04/09 17:56:34,0.94
N2,,2024/04/09 17:56:35,0.90
N2,,2024/04/09 17:56:36,0.82
N2,,2024/04/09 17:56:37,0.77
N2,,2024/04/09 17:56:38,0.79
N2,,2024/04/09 17:56:39,0.39
N2,,2024/04/09 17:56:40,0.75
N2,,2024/04/09 17:56:41,0.68
N2,,2024/04/09 17:56:42,0.58
N2,,2024/04/09 17:56:43,0.39
N2,,2024/04/09 17:56:50,0.41
N2,,2024/04/09 17:56:51,0.42
N2,,2024/04/09 17:56:52,0.61
N2,,2024/04/09 17:56:53,0.51
N2,,2024/04/09 17:56:54,0.58
N2,,2024/04/09 17:56:55,0.69
N2,,2024/04/09 17:56:56,0.61
N2,,2024/04/09 17:56:57,0.72
N2,,2024/04/09 17:56:58,0.60
N2,,2024/04/09 17:56:59,0.65
N2,,2024/04/09 17:57:00,0.72
N2,,2024/04/09 17:57:01,0.71
N2,,2024/04/09 17:57:02,0.84
N2,,2024/04/09 17:57:20,0.49
N2,,2024/04/09 17:57:22,0.63
N2,,2024/04/09 17:57:26,0.46
N2,,2024/04/09 17:57:27,0.38
N2,,2024/04/09 17:57:29,0.58
N2,,2024/04/09 17:57:40,0.65
N2,,2024/04/09 18:02:11,0.77
N2,,2024/04/09 18:02:12,0.89
N2,,2024/04/09 18:02:13,0.93
N2,,2024/04/09 18:02:14,0.92
N2,,2024/04/09 18:02:15,0.88
N2,,2024/04/09 18:02:16,0.82
N2,,2024/04/09 18:02:17,0.66
N2,,2024/04/09 18:02:18,0.90
N2,,2024/04/09 18:02:19,0.93
N2,,2024/04/09 18:02:20,0.95
N2,,2024/04/09 18:02:21,0.95
N2,,2024/04/09 18:02:22,0.93
N2,,2024/04/09 18:02:23,0.88
N2,,2024/04/09 18:02:24,0.87
N2,,2024/04/09 18:02:25,0.73
N2,,2024/04/09 18:02:26,0.95
N2,,2024/04/09 18:02:27,0.58
N2,,2024/04/09 18:02:28,0.88
N2,,2024/04/09 18:02:29,0.82
N2,,2024/04/09 18:02:31,0.57
N2,,2024/04/09 18:02:32,0.41
N2,,2024/04/09 18:02:34,0.79
N2,,2024/04/09 18:02:35,0.63
N2,,2024/04/09 18:02:37,0.72
N2,,2024/04/09 18:02:38,0.56
N2,,2024/04/09 18:02:41,0.55
N2,,2024/04/09 18:02:42,0.59
N2,,2024/04/09 18:02:44,0.68
N2,,2024/04/09 18:02:47,0.68
N2,,2024/04/09 18:02:48,0.66
N2,,2024/04/09 18:02:49,0.66
N2,,2024/04/09 18:02:50,0.62
N2,,2024/04/09 18:02:51,0.72
N2,,2024/04/09 18:02:52,0.55
N2,,2024/04/09 18:02:53,0.70
N2,,2024/04/09 18:02:54,0.83
N2,,2024/04/09 18:02:55,0.66
N2,,2024/04/09 18:03:15,0.59
N2,,2024/04/09 18:03:17,0.39
N2,,2024/04/09 18:03:18,0.41
N2,,2024/04/09 18:03:21,0.76
N2,,2024/04/09 18:03:35,0.70
N2,,2024/04/09 18:04:19,0.77
N2,,2024/04/09 18:04:20,0.77
N2,,2024/04/09 18:04:21,0.79
N2,,2024/04/09 18:08:04,0.86
N2,,2024/04/09 18:08:05,0.55
N2,,2024/04/09 18:08:06,0.83
N2,,2024/04/09 18:08:07,0.92
N2,,2024/04/09 18:08:08,0.91
N2,,2024/04/09 18:08:09,0.92
N2,,2024/04/09 18:08:10,0.90
N2,,2024/04/09 18:08:11,0.93
N2,,2024/04/09 18:08:12,0.95
N2,,2024/04/09 18:08:13,0.94
N2,,2024/04/09 18:08:14,0.90
N2,,2024/04/09 18:08:15,0.89
N2,,2024/04/09 18:08:16,0.92
N2,,2024/04/09 18:08:17,0.90
N2,,2024/04/09 18:08:18,0.93
N2,,2024/04/09 18:08:19,0.83
N2,,2024/04/09 18:08:20,0.59
N2,,2024/04/09 18:08:21,0.60
N2,,2024/04/09 18:08:24,0.50
N2,,2024/04/09 18:08:26,0.51
N2,,2024/04/09 18:08:27,0.48
N2,,2024/04/09 18:08:29,0.52
N2,,2024/04/09 18:08:31,0.40
N2,,2024/04/09 18:08:31,0.54
N2,,2024/04/09 18:08:32,0.48
N2,,2024/04/09 18:08:33,0.66
N2,,2024/04/09 18:08:35,0.57
N2,,2024/04/09 18:08:36,0.61
N2,,2024/04/09 18:08:37,0.51
N2,,2024/04/09 18:08:38,0.60
N2,,2024/04/09 18:08:39,0.71
N2,,2024/04/09 18:08:40,0.73
N2,,2024/04/09 18:08:41,0.75
N2,,2024/04/09 18:08:42,0.58
N2,,2024/04/09 18:08:43,0.70
N2,,2024/04/09 18:08:44,0.50
N2,,2024/04/09 18:08:45,0.75
N2,,2024/04/09 18:08:46,0.80
N2,,2024/04/09 18:09:06,0.57
N2,,2024/04/09 18:09:09,0.55
N2,,2024/04/09 18:09:10,0.52
N2,,2024/04/09 18:09:23,0.57
N2,,2024/04/09 18:09:26,0.54
N2,,2024/04/09 18:09:47,0.60
N2,,2024/04/09 18:09:48,0.41
N2,,2024/04/09 18:09:50,0.47
N2,,2024/04/09 18:09:51,0.59
N2,,2024/04/09 18:09:53,0.76
N2,,2024/04/09 18:09:54,0.68
N2,,2024/04/09 18:09:55,0.77
N2,,2024/04/09 18:09:56,0.73
N2,,2024/04/09 18:09:57,0.62
N2,,2024/04/09 18:10:10,0.51
N2,,2024/04/09 18:10:11,0.72
N2,,2024/04/09 18:13:57,0.87
N2,,2024/04/09 18:13:58,0.92
N2,,2024/04/09 18:13:59,0.91
N2,,2024/04/09 18:14:00,0.83
N2,,2024/04/09 18:14:01,0.86
N2,,2024/04/09 18:14:02,0.86
N2,,2024/04/09 18:14:03,0.93
N2,,2024/04/09 18:14:04,0.91
N2,,2024/04/09 18:14:05,0.94
N2,,2024/04/09 18:14:06,0.93
N2,,2024/04/09 18:14:07,0.89
N2,,2024/04/09 18:14:08,0.82
N2,,2024/04/09 18:14:09,0.58
N2,,2024/04/09 18:14:10,0.94
N2,,2024/04/09 18:14:11,0.80
N2,,2024/04/09 18:14:12,0.83
N2,,2024/04/09 18:14:13,0.76
N2,,2024/04/09 18:14:15,0.53
N2,,2024/04/09 18:14:16,0.48
N2,,2024/04/09 18:14:17,0.39
N2,,2024/04/09 18:14:18,0.58
N2,,2024/04/09 18:14:19,0.73
N2,,2024/04/09 18:14:20,0.50
N2,,2024/04/09 18:14:21,0.39
N2,,2024/04/09 18:14:22,0.55
N2,,2024/04/09 18:14:23,0.51
N2,,2024/04/09 18:14:26,0.51
N2,,2024/04/09 18:14:28,0.66
N2,,2024/04/09 18:14:29,0.38
N2,,2024/04/09 18:14:30,0.54
N2,,2024/04/09 18:14:31,0.68
N2,,2024/04/09 18:14:32,0.75
N2,,2024/04/09 18:14:33,0.53
N2,,2024/04/09 18:14:34,0.57
N2,,2024/04/09 18:14:35,0.52
N2,,2024/04/09 18:14:36,0.66
N2,,2024/04/09 18:14:37,0.66
N2,,2024/04/09 18:14:38,0.69
N2,,2024/04/09 18:14:39,0.75
N2,,2024/04/09 18:14:40,0.65
N2,,2024/04/09 18:14:41,0.65
N2,,2024/04/09 18:14:42,0.63
N2,,2024/04/09 18:14:43,0.61
N2,,2024/04/09 18:14:44,0.61
N2,,2024/04/09 18:14:45,0.70
N2,,2024/04/09 18:14:46,0.67
N2,,2024/04/09 18:14:47,0.54
N2,,2024/04/09 18:14:48,0.78
N2,,2024/04/09 18:14:50,0.76
N2,,2024/04/09 18:14:51,0.67
N2,,2024/04/09 18:14:53,0.87
N2,,2024/04/09 18:15:12,0.39
N2,,2024/04/09 18:15:14,0.38
N2,,2024/04/09 18:15:15,0.61
N2,,2024/04/09 18:15:16,0.38
N2,,2024/04/09 18:15:17,0.59
N2,,2024/04/09 18:15:32,0.54
N2,,2024/04/09 18:15:34,0.61
N2,,2024/04/09 18:15:54,0.51
N2,,2024/04/09 18:15:56,0.61
N2,,2024/04/09 18:15:59,0.53
N2,,2024/04/09 18:16:15,0.85
N2,,2024/04/09 18:19:41,0.82
N2,,2024/04/09 18:19:42,0.78
N2,,2024/04/09 18:19:43,0.92
N2,,2024/04/09 18:19:44,0.90
N2,,2024/04/09 18:19:45,0.85
N2,,2024/04/09 18:19:46,0.80
N2,,2024/04/09 18:19:47,0.91
N2,,2024/04/09 18:19:48,0.94
N2,,2024/04/09 18:19:49,0.95
N2,,2024/04/09 18:19:50,0.95
N2,,2024/04/09 18:19:51,0.94
N2,,2024/04/09 18:19:52,0.91
N2,,2024/04/09 18:19:53,0.94
N2,,2024/04/09 18:19:54,0.92
N2,,2024/04/09 18:19:55,0.94
N2,,2024/04/09 18:19:56,0.89
N2,,2024/04/09 18:19:57,0.66
N2,,2024/04/09 18:19:58,0.82
N2,,2024/04/09 18:19:59,0.84
N2,,2024/04/09 18:20:00,0.43
N2,,2024/04/09 18:20:00,0.45
N2,,2024/04/09 18:20:01,0.68
N2,,2024/04/09 18:20:02,0.48
N2,,2024/04/09 18:20:03,0.41
N2,,2024/04/09 18:20:04,0.69
N2,,2024/04/09 18:20:05,0.58
N2,,2024/04/09 18:20:06,0.54
N2,,2024/04/09 18:20:08,0.38
N2,,2024/04/09 18:20:09,0.76
N2,,2024/04/09 18:20:14,0.53
N2,,2024/04/09 18:20:17,0.43
N2,,2024/04/09 18:20:18,0.60
N2,,2024/04/09 18:20:19,0.65
N2,,2024/04/09 18:20:20,0.68
N2,,2024/04/09 18:20:21,0.71
N2,,2024/04/09 18:20:22,0.73
N2,,2024/04/09 18:20:23,0.73
N2,,2024/04/09 18:20:24,0.78
N2,,2024/04/09 18:20:25,0.78
N2,,2024/04/09 18:20:26,0.80
N2,,2024/04/09 18:20:27,0.67
N2,,2024/04/09 18:20:28,0.64
N2,,2024/04/09 18:20:29,0.71
N2,,2024/04/09 18:20:30,0.66
N2,,2024/04/09 18:20:31,0.70
N2,,2024/04/09 18:20:32,0.77
N2,,2024/04/09 18:20:33,0.41
N2,,2024/04/09 18:20:55,0.71
N2,,2024/04/09 18:21:15,0.58
N2,,2024/04/09 18:21:18,0.58
N2,,2024/04/09 18:21:33,0.65
N2,,2024/04/09 18:21:38,0.65
N2,,2024/04/09 18:21:39,0.78
N2,,2024/04/09 18:21:40,0.75
N2,,2024/04/09 18:21:58,0.73
N2,,2024/04/09 18:25:24,0.89
N2,,2024/04/09 18:25:25,0.52
N2,,2024/04/09 18:25:26,0.93
N2,,2024/04/09 18:25:27,0.92
N2,,2024/04/09 18:25:28,0.91
N2,,2024/04/09 18:25:29,0.83
N2,,2024/04/09 18:25:30,0.87
N2,,2024/04/09 18:25:31,0.68
N2,,2024/04/09 18:25:32,0.92
N2,,2024/04/09 18:25:33,0.95
N2,,2024/04/09 18:25:34,0.93
N2,,2024/04/09 18:25:35,0.91
N2,,2024/04/09 18:25:36,0.83
N2,,2024/04/09 18:25:37,0.86
N2,,2024/04/09 18:25:38,0.88
N2,,2024/04/09 18:25:39,0.95
N2,,2024/04/09 18:25:40,0.56
N2,,2024/04/09 18:25:41,0.91
N2,,2024/04/09 18:25:44,0.39
N2,,2024/04/09 18:25:45,0.63
N2,,2024/04/09 18:25:46,0.40
N2,,2024/04/09 18:25:47,0.57
N2,,2024/04/09 18:25:48,0.67
N2,,2024/04/09 18:25:49,0.44
N2,,2024/04/09 18:25:51,0.48
N2,,2024/04/09 18:25:52,0.57
N2,,2024/04/09 18:25:54,0.45
N2,,2024/04/09 18:25:57,0.56
N2,,2024/04/09 18:25:58,0.45
N2,,2024/04/09 18:25:59,0.59
N2,,2024/04/09 18:26:00,0.42
N2,,2024/04/09 18:26:01,0.83
N2,,2024/04/09 18:26:02,0.64
N2,,2024/04/09 18:26:03,0.59
N2,,2024/04/09 18:26:04,0.71
N2,,2024/04/09 18:26:05,0.76
N2,,2024/04/09 18:26:06,0.55
N2,,2024/04/09 18:26:07,0.67
N2,,2024/04/09 18:26:08,0.55
N2,,2024/04/09 18:26:09,0.62
N2,,2024/04/09 18:26:10,0.39
N2,,2024/04/09 18:26:11,0.86
N2,,2024/04/09 18:26:12,0.38
N2,,2024/04/09 18:26:29,0.56
N2,,2024/04/09 18:27:11,0.41
N2,,2024/04/09 18:27:12,0.64
N2,,2024/04/09 18:27:13,0.57
N2,,2024/04/09 18:27:14,0.61
N2,,2024/04/09 18:27:15,0.45
N2,,2024/04/09 18:27:16,0.79
N2,,2024/04/09 18:27:17,0.41
N2,,2024/04/09 18:27:20,0.41
N2,,2024/04/09 18:27:35,0.84
N2,,2024/04/09 18:31:11,0.86
N2,,2024/04/09 18:31:12,0.93
N2,,2024/04/09 18:31:13,0.77
N2,,2024/04/09 18:31:14,0.85
N2,,2024/04/09 18:31:15,0.75
N2,,2024/04/09 18:31:16,0.91
N2,,2024/04/09 18:31:17,0.94
N2,,2024/04/09 18:31:18,0.95
N2,,2024/04/09 18:31:19,0.93
N2,,2024/04/09 18:31:20,0.91
N2,,2024/04/09 18:31:21,0.84
N2,,2024/04/09 18:31:22,0.90
N2,,2024/04/09 18:31:23,0.94
N2,,2024/04/09 18:31:24,0.85
N2,,2024/04/09 18:31:25,0.84
N2,,2024/04/09 18:31:26,0.50
N2,,2024/04/09 18:31:27,0.90
N2,,2024/04/09 18:31:29,0.80
N2,,2024/04/09 18:31:30,0.67
N2,,2024/04/09 18:31:31,0.60
N2,,2024/04/09 18:31:32,0.42
N2,,2024/04/09 18:31:33,0.62
N2,,2024/04/09 18:31:34,0.61
N2,,2024/04/09 18:31:36,0.53
N2,,2024/04/09 18:31:37,0.39
N2,,2024/04/09 18:31:38,0.42
N2,,2024/04/09 18:31:40,0.38
N2,,2024/04/09 18:31:41,0.63
N2,,2024/04/09 18:31:42,0.62
N2,,2024/04/09 18:31:42,0.43
N2,,2024/04/09 18:31:43,0.57
N2,,2024/04/09 18:31:44,0.59
N2,,2024/04/09 18:31:45,0.53
N2,,2024/04/09 18:31:47,0.59
N2,,2024/04/09 18:31:48,0.55
N2,,2024/04/09 18:31:49,0.58
N2,,2024/04/09 18:31:50,0.54
N2,,2024/04/09 18:31:51,0.65
N2,,2024/04/09 18:31:52,0.45
N2,,2024/04/09 18:31:53,0.50
N2,,2024/04/09 18:31:54,0.66
N2,,2024/04/09 18:31:55,0.38
N2,,2024/04/09 18:32:16,0.55
N2,,2024/04/09 18:32:17,0.63
N2,,2024/04/09 18:32:18,0.49
N2,,2024/04/09 18:32:34,0.61
N2,,2024/04/09 18:32:57,0.45
N2,,2024/04/09 18:33:00,0.60
N2,,2024/04/09 18:33:02,0.69
N2,,2024/04/09 18:33:03,0.73
N2,,2024/04/09 18:33:04,0.72
N2,,2024/04/09 18:33:20,0.80
N2,,2024/04/09 18:37:12,0.83
N2,,2024/04/09 18:37:13,0.92
N2,,2024/04/09 18:37:14,0.89
N2,,2024/04/09 18:37:15,0.89
N2,,2024/04/09 18:37:16,0.88
N2,,2024/04/09 18:37:17,0.86
N2,,2024/04/09 18:37:18,0.91
N2,,2024/04/09 18:37:19,0.92
N2,,2024/04/09 18:37:20,0.94
N2,,2024/04/09 18:37:21,0.94
N2,,2024/04/09 18:37:21,0.89
N2,,2024/04/09 18:37:22,0.89
N2,,2024/04/09 18:37:23,0.88
N2,,2024/04/09 18:37:24,0.94
N2,,2024/04/09 18:37:25,0.86
N2,,2024/04/09 18:37:26,0.54
N2,,2024/04/09 18:37:27,0.77
N2,,2024/04/09 18:37:30,0.62
N2,,2024/04/09 18:37:32,0.71
N2,,2024/04/09 18:37:33,0.70
N2,,2024/04/09 18:37:34,0.50
N2,,2024/04/09 18:37:37,0.43
N2,,2024/04/09 18:37:38,0.67
N2,,2024/04/09 18:37:40,0.50
N2,,2024/04/09 18:37:41,0.74
N2,,2024/04/09 18:37:42,0.47
N2,,2024/04/09 18:37:43,0.66
N2,,2024/04/09 18:37:44,0.65
N2,,2024/04/09 18:37:45,0.75
N2,,2024/04/09 18:37:46,0.70
N2,,2024/04/09 18:37:47,0.53
N2,,2024/04/09 18:37:48,0.54
N2,,2024/04/09 18:37:49,0.76
N2,,2024/04/09 18:37:50,0.70
N2,,2024/04/09 18:37:51,0.68
N2,,2024/04/09 18:37:52,0.72
N2,,2024/04/09 18:37:53,0.52
N2,,2024/04/09 18:37:54,0.60
N2,,2024/04/09 18:37:55,0.52
N2,,2024/04/09 18:37:56,0.67
N2,,2024/04/09 18:37:57,0.70
N2,,2024/04/09 18:37:58,0.55
N2,,2024/04/09 18:37:59,0.66
N2,,2024/04/09 18:38:00,0.65
N2,,2024/04/09 18:38:01,0.49
N2,,2024/04/09 18:38:01,0.45
N2,,2024/04/09 18:38:20,0.45
N2,,2024/04/09 18:38:23,0.72
N2,,2024/04/09 18:38:24,0.52
N2,,2024/04/09 18:38:25,0.58
N2,,2024/04/09 18:38:37,0.56
N2,,2024/04/09 18:38:38,0.44
N2,,2024/04/09 18:38:43,0.54
N2,,2024/04/09 18:39:00,0.72
N2,,2024/04/09 18:39:01,0.43
N2,,2024/04/09 18:39:02,0.50
N2,,2024/04/09 18:39:03,0.43
N2,,2024/04/09 18:39:05,0.46
N2,,2024/04/09 18:39:08,0.67
N2,,2024/04/09 18:39:31,0.90
N2,,2024/04/09 18:42:55,0.93
N2,,2024/04/09 18:42:56,0.76
N2,,2024/04/09 18:42:57,0.88
N2,,2024/04/09 18:42:58,0.92
N2,,2024/04/09 18:42:59,0.81
N2,,2024/04/09 18:43:00,0.69
N2,,2024/04/09 18:43:01,0.91
N2,,2024/04/09 18:43:02,0.93
N2,,2024/04/09 18:43:03,0.94
N2,,2024/04/09 18:43:04,0.94
N2,,2024/04/09 18:43:05,0.95
N2,,2024/04/09 18:43:06,0.92
N2,,2024/04/09 18:43:07,0.86
N2,,2024/04/09 18:43:08,0.90
N2,,2024/04/09 18:43:09,0.82
N2,,2024/04/09 18:43:10,0.95
N2,,2024/04/09 18:43:11,0.54
N2,,2024/04/09 18:43:12,0.88
N2,,2024/04/09 18:43:13,0.78
N2,,2024/04/09 18:43:15,0.42
N2,,2024/04/09 18:43:16,0.61
N2,,2024/04/09 18:43:17,0.44
N2,,2024/04/09 18:43:18,0.51
N2,,2024/04/09 18:43:19,0.66
N2,,2024/04/09 18:43:20,0.64
N2,,2024/04/09 18:43:23,0.49
N2,,2024/04/09 18:43:26,0.43
N2,,2024/04/09 18:43:29,0.49
N2,,2024/04/09 18:43:30,0.42
N2,,2024/04/09 18:43:31,0.54
N2,,2024/04/09 18:43:32,0.68
N2,,2024/04/09 18:43:33,0.58
N2,,2024/04/09 18:43:34,0.60
N2,,2024/04/09 18:43:35,0.55
N2,,2024/04/09 18:43:36,0.53
N2,,2024/04/09 18:43:36,0.62
N2,,2024/04/09 18:43:37,0.63
N2,,2024/04/09 18:43:38,0.56
N2,,2024/04/09 18:43:39,0.62
N2,,2024/04/09 18:43:40,0.69
N2,,2024/04/09 18:43:41,0.69
N2,,2024/04/09 18:43:42,0.71
N2,,2024/04/09 18:43:43,0.62
N2,,2024/04/09 18:43:44,0.66
N2,,2024/04/09 18:43:45,0.77
N2,,2024/04/09 18:43:46,0.70
N2,,2024/04/09 18:44:03,0.47
N2,,2024/04/09 18:44:07,0.54
N2,,2024/04/09 18:44:08,0.80
N2,,2024/04/09 18:44:09,0.42
N2,,2024/04/09 18:44:52,0.61
N2,,2024/04/09 18:44:53,0.42
N2,,2024/04/09 18:44:54,0.43
N2,,2024/04/09 18:44:55,0.47
N2,,2024/04/09 18:44:56,0.79
N2,,2024/04/09 18:44:57,0.81
N2,,2024/04/09 18:44:58,0.61
N2,,2024/04/09 18:44:59,0.79
N2,,2024/04/09 18:45:16,0.71
N2,,2024/04/09 18:49:40,0.91
N2,,2024/04/09 18:49:41,0.76
N2,,2024/04/09 18:49:42,0.93
N2,,2024/04/09 18:49:43,0.94
N2,,2024/04/09 18:49:44,0.86
N2,,2024/04/09 18:49:45,0.83
N2,,2024/04/09 18:49:46,0.78
N2,,2024/04/09 18:49:47,0.89
N2,,2024/04/09 18:49:48,0.92
N2,,2024/04/09 18:49:49,0.94
N2,,2024/04/09 18:49:50,0.93
N2,,2024/04/09 18:49:51,0.93
N2,,2024/04/09 18:49:52,0.82
N2,,2024/04/09 18:49:53,0.88
N2,,2024/04/09 18:49:54,0.91
N2,,2024/04/09 18:49:55,0.93
N2,,2024/04/09 18:49:57,0.87
N2,,2024/04/09 18:49:58,0.75
N2,,2024/04/09 18:49:59,0.65
N2,,2024/04/09 18:50:00,0.54
N2,,2024/04/09 18:50:00,0.65
N2,,2024/04/09 18:50:01,0.61
N2,,2024/04/09 18:50:02,0.45
N2,,2024/04/09 18:50:03,0.62
N2,,2024/04/09 18:50:04,0.76
N2,,2024/04/09 18:50:05,0.70
N2,,2024/04/09 18:50:07,0.42
N2,,2024/04/09 18:50:08,0.44
N2,,2024/04/09 18:50:09,0.39
N2,,2024/04/09 18:50:12,0.49
N2,,2024/04/09 18:50:13,0.58
N2,,2024/04/09 18:50:15,0.56
N2,,2024/04/09 18:50:16,0.49
N2,,2024/04/09 18:50:17,0.65
N2,,2024/04/09 18:50:18,0.68
N2,,2024/04/09 18:50:19,0.63
N2,,2024/04/09 18:50:20,0.56
N2,,2024/04/09 18:50:21,0.53
N2,,2024/04/09 18:50:22,0.58
N2,,2024/04/09 18:50:23,0.46
N2,,2024/04/09 18:50:24,0.53
N2,,2024/04/09 18:50:25,0.50
N2,,2024/04/09 18:50:26,0.54
N2,,2024/04/09 18:50:27,0.39
N2,,2024/04/09 18:50:28,0.52
N2,,2024/04/09 18:50:28,0.42
N2,,2024/04/09 18:50:45,0.38
N2,,2024/04/09 18:50:48,0.55
N2,,2024/04/09 18:50:49,0.43
N2,,2024/04/09 18:51:04,0.65
N2,,2024/04/09 18:51:29,0.44
N2,,2024/04/09 18:51:30,0.46
N2,,2024/04/09 18:51:33,0.73
N2,,2024/04/09 18:51:34,0.76
N2,,2024/04/09 18:51:35,0.48
N2,,2024/04/09 18:52:04,0.78
N2,,2024/04/09 18:55:27,0.87
N2,,2024/04/09 18:55:28,0.79
N2,,2024/04/09 18:55:28,0.90
N2,,2024/04/09 18:55:29,0.94
N2,,2024/04/09 18:55:30,0.73
N2,,2024/04/09 18:55:31,0.79
N2,,2024/04/09 18:55:32,0.89
N2,,2024/04/09 18:55:33,0.92
N2,,2024/04/09 18:55:34,0.94
N2,,2024/04/09 18:55:35,0.95
N2,,2024/04/09 18:55:36,0.95
N2,,2024/04/09 18:55:37,0.91
N2,,2024/04/09 18:55:38,0.93
N2,,2024/04/09 18:55:40,0.90
N2,,2024/04/09 18:55:41,0.94
N2,,2024/04/09 18:55:42,0.61
N2,,2024/04/09 18:55:43,0.81
N2,,2024/04/09 18:55:46,0.42
N2,,2024/04/09 18:55:47,0.42
N2,,2024/04/09 18:55:48,0.51
N2,,2024/04/09 18:55:49,0.54
N2,,2024/04/09 18:55:50,0.64
N2,,2024/04/09 18:55:51,0.60
N2,,2024/04/09 18:55:52,0.54
N2,,2024/04/09 18:55:54,0.56
N2,,2024/04/09 18:55:55,0.53
N2,,2024/04/09 18:55:56,0.61
N2,,2024/04/09 18:55:56,0.58
N2,,2024/04/09 18:55:57,0.54
N2,,2024/04/09 18:56:00,0.62
N2,,2024/04/09 18:56:01,0.43
N2,,2024/04/09 18:56:02,0.62
N2,,2024/04/09 18:56:03,0.60
N2,,2024/04/09 18:56:04,0.70
N2,,2024/04/09 18:56:05,0.63
N2,,2024/04/09 18:56:06,0.49
N2,,2024/04/09 18:56:07,0.54
N2,,2024/04/09 18:56:08,0.56
N2,,2024/04/09 18:56:09,0.43
N2,,2024/04/09 18:56:10,0.59
N2,,2024/04/09 18:56:11,0.57
N2,,2024/04/09 18:56:12,0.40
N2,,2024/04/09 18:56:13,0.76
N2,,2024/04/09 18:56:34,0.65
N2,,2024/04/09 18:56:35,0.59
N2,,2024/04/09 18:56:54,0.38
N2,,2024/04/09 18:56:57,0.59
N2,,2024/04/09 18:57:15,0.55
N2,,2024/04/09 18:57:16,0.58
N2,,2024/04/09 18:57:18,0.40
N2,,2024/04/09 18:57:20,0.71
N2,,2024/04/09 18:57:21,0.84
N2,,2024/04/09 18:57:21,0.64
N2,,2024/04/09 18:57:22,0.46
N2,,2024/04/09 18:57:23,0.42
N2,,2024/04/09 18:57:24,0.47
N2,,2024/04/09 18:57:41,0.39
N2,,2024/04/09 19:01:08,0.92
N2,,2024/04/09 19:01:10,0.85
N2,,2024/04/09 19:01:11,0.93
N2,,2024/04/09 19:01:12,0.94
N2,,2024/04/09 19:01:13,0.85
N2,,2024/04/09 19:01:14,0.79
N2,,2024/04/09 19:01:15,0.88
N2,,2024/04/09 19:01:16,0.92
N2,,2024/04/09 19:01:17,0.91
N2,,2024/04/09 19:01:18,0.95
N2,,2024/04/09 19:01:19,0.94
N2,,2024/04/09 19:01:20,0.91
N2,,2024/04/09 19:01:21,0.93
N2,,2024/04/09 19:01:22,0.90
N2,,2024/04/09 19:01:23,0.94
N2,,2024/04/09 19:01:24,0.95
N2,,2024/04/09 19:01:25,0.91
N2,,2024/04/09 19:01:26,0.73
N2,,2024/04/09 19:01:27,0.65
N2,,2024/04/09 19:01:28,0.43
N2,,2024/04/09 19:01:30,0.49
N2,,2024/04/09 19:01:31,0.44
N2,,2024/04/09 19:01:32,0.43
N2,,2024/04/09 19:01:33,0.61
N2,,2024/04/09 19:01:34,0.72
N2,,2024/04/09 19:01:36,0.57
N2,,2024/04/09 19:01:37,0.51
N2,,2024/04/09 19:01:38,0.77
N2,,2024/04/09 19:01:39,0.42
N2,,2024/04/09 19:01:40,0.58
N2,,2024/04/09 19:01:40,0.48
N2,,2024/04/09 19:01:41,0.55
N2,,2024/04/09 19:01:42,0.65
N2,,2024/04/09 19:01:43,0.52
N2,,2024/04/09 19:01:44,0.52
N2,,2024/04/09 19:01:45,0.50
N2,,2024/04/09 19:01:46,0.65
N2,,2024/04/09 19:01:47,0.76
N2,,2024/04/09 19:01:48,0.51
N2,,2024/04/09 19:01:49,0.63
N2,,2024/04/09 19:01:50,0.77
N2,,2024/04/09 19:01:51,0.73
N2,,2024/04/09 19:02:01,0.46
N2,,2024/04/09 19:02:11,0.42
N2,,2024/04/09 19:02:14,0.56
N2,,2024/04/09 19:02:30,0.65
N2,,2024/04/09 19:02:53,0.65
N2,,2024/04/09 19:02:58,0.78
N2,,2024/04/09 19:02:59,0.79
N2,,2024/04/09 19:03:00,0.73
N2,,2024/04/09 19:03:01,0.79
N2,,2024/04/09 19:03:17,0.89
N2,,2024/04/09 19:03:18,0.74
N2,,2024/04/09 19:03:18,0.51
N2,,2024/04/09 19:03:19,0.88
N2,,2024/04/09 19:03:20,0.88
N2,,2024/04/09 19:03:20,0.87
N2,,2024/04/09 19:06:59,0.84
N2,,2024/04/09 19:07:00,0.79
N2,,2024/04/09 19:07:01,0.91
N2,,2024/04/09 19:07:02,0.92
N2,,2024/04/09 19:07:03,0.79
N2,,2024/04/09 19:07:04,0.86
N2,,2024/04/09 19:07:05,0.91
N2,,2024/04/09 19:07:06,0.92
N2,,2024/04/09 19:07:07,0.94
N2,,2024/04/09 19:07:07,0.95
N2,,2024/04/09 19:07:08,0.94
N2,,2024/04/09 19:07:09,0.93
N2,,2024/04/09 19:07:10,0.91
N2,,2024/04/09 19:07:11,0.94
N2,,2024/04/09 19:07:13,0.95
N2,,2024/04/09 19:07:14,0.88
N2,,2024/04/09 19:07:15,0.83
N2,,2024/04/09 19:07:16,0.69
N2,,2024/04/09 19:07:17,0.74
N2,,2024/04/09 19:07:18,0.52
N2,,2024/04/09 19:07:19,0.44
N2,,2024/04/09 19:07:20,0.46
N2,,2024/04/09 19:07:21,0.46
N2,,2024/04/09 19:07:22,0.42
N2,,2024/04/09 19:07:23,0.50
N2,,2024/04/09 19:07:24,0.58
N2,,2024/04/09 19:07:29,0.63
N2,,2024/04/09 19:07:30,0.39
N2,,2024/04/09 19:07:31,0.58
N2,,2024/04/09 19:07:32,0.50
N2,,2024/04/09 19:07:33,0.53
N2,,2024/04/09 19:07:34,0.53
N2,,2024/04/09 19:07:35,0.45
N2,,2024/04/09 19:07:36,0.49
N2,,2024/04/09 19:07:37,0.55
N2,,2024/04/09 19:07:38,0.77
N2,,2024/04/09 19:07:39,0.62
N2,,2024/04/09 19:07:40,0.68
N2,,2024/04/09 19:07:41,0.77
N2,,2024/04/09 19:07:42,0.76
N2,,2024/04/09 19:07:43,0.53
N2,,2024/04/09 19:07:44,0.62
N2,,2024/04/09 19:07:45,0.69
N2,,2024/04/09 19:07:46,0.69
N2,,2024/04/09 19:07:47,0.75
N2,,2024/04/09 19:07:48,0.86
N2,,2024/04/09 19:07:49,0.47
N2,,2024/04/09 19:07:50,0.57
N2,,2024/04/09 19:08:11,0.46
N2,,2024/04/09 19:08:13,0.67
N2,,2024/04/09 19:08:14,0.42
N2,,2024/04/09 19:08:15,0.57
N2,,2024/04/09 19:08:58,0.58
N2,,2024/04/09 19:08:59,0.64
N2,,2024/04/09 19:09:00,0.66
N2,,2024/04/09 19:09:01,0.44
N2,,2024/04/09 19:09:17,0.79
N2,,2024/04/09 19:13:02,0.89
N2,,2024/04/09 19:13:03,0.85
N2,,2024/04/09 19:13:04,0.78
N2,,2024/04/09 19:13:05,0.93
N2,,2024/04/09 19:13:06,0.89
N2,,2024/04/09 19:13:07,0.48
N2,,2024/04/09 19:13:08,0.91
N2,,2024/04/09 19:13:09,0.93
N2,,2024/04/09 19:13:10,0.91
N2,,2024/04/09 19:13:11,0.94
N2,,2024/04/09 19:13:12,0.93
N2,,2024/04/09 19:13:13,0.86
N2,,2024/04/09 19:13:14,0.87
N2,,2024/04/09 19:13:15,0.85
N2,,2024/04/09 19:13:16,0.93
N2,,2024/04/09 19:13:17,0.75
N2,,2024/04/09 19:13:18,0.89
N2,,2024/04/09 19:13:19,0.85
N2,,2024/04/09 19:13:22,0.63
N2,,2024/04/09 19:13:23,0.40
N2,,2024/04/09 19:13:25,0.64
N2,,2024/04/09 19:13:26,0.61
N2,,2024/04/09 19:13:30,0.63
N2,,2024/04/09 19:13:31,0.57
N2,,2024/04/09 19:13:32,0.62
N2,,2024/04/09 19:13:33,0.41
N2,,2024/04/09 19:13:34,0.74
N2,,2024/04/09 19:13:35,0.57
N2,,2024/04/09 19:13:36,0.51
N2,,2024/04/09 19:13:37,0.53
N2,,2024/04/09 19:13:38,0.60
N2,,2024/04/09 19:13:39,0.45
N2,,2024/04/09 19:13:40,0.49
N2,,2024/04/09 19:13:41,0.63
N2,,2024/04/09 19:13:43,0.49
N2,,2024/04/09 19:13:44,0.45
N2,,2024/04/09 19:13:45,0.61
N2,,2024/04/09 19:13:46,0.56
N2,,2024/04/09 19:13:47,0.75
N2,,2024/04/09 19:13:48,0.52
N2,,2024/04/09 19:13:49,0.67
N2,,2024/04/09 19:13:50,0.73
N2,,2024/04/09 19:13:51,0.67
N2,,2024/04/09 19:13:52,0.55
N2,,2024/04/09 19:13:53,0.47
N2,,2024/04/09 19:13:54,0.54
N2,,2024/04/09 19:13:56,0.53
N2,,2024/04/09 19:13:58,0.81
N2,,2024/04/09 19:14:16,0.46
N2,,2024/04/09 19:14:17,0.45
N2,,2024/04/09 19:14:19,0.42
N2,,2024/04/09 19:14:57,0.41
N2,,2024/04/09 19:14:59,0.48
N2,,2024/04/09 19:15:01,0.73
N2,,2024/04/09 19:15:02,0.64
N2,,2024/04/09 19:15:03,0.62
N2,,2024/04/09 19:15:20,0.49
N2,,2024/04/09 19:19:18,0.80
N2,,2024/04/09 19:19:19,0.87
N2,,2024/04/09 19:19:20,0.88
N2,,2024/04/09 19:19:21,0.83
N2,,2024/04/09 19:19:22,0.87
N2,,2024/04/09 19:19:23,0.91
N2,,2024/04/09 19:19:24,0.94
N2,,2024/04/09 19:19:25,0.93
N2,,2024/04/09 19:19:26,0.94
N2,,2024/04/09 19:19:27,0.95
N2,,2024/04/09 19:19:28,0.91
N2,,2024/04/09 19:19:29,0.94
N2,,2024/04/09 19:19:30,0.90
N2,,2024/04/09 19:19:31,0.90
N2,,2024/04/09 19:19:32,0.94
N2,,2024/04/09 19:19:33,0.83
N2,,2024/04/09 19:19:33,0.48
N2,,2024/04/09 19:19:34,0.65
N2,,2024/04/09 19:19:35,0.62
N2,,2024/04/09 19:19:37,0.46
N2,,2024/04/09 19:19:38,0.60
N2,,2024/04/09 19:19:39,0.69
N2,,2024/04/09 19:19:40,0.71
N2,,2024/04/09 19:19:41,0.77
N2,,2024/04/09 19:19:44,0.42
N2,,2024/04/09 19:19:45,0.56
N2,,2024/04/09 19:19:46,0.68
N2,,2024/04/09 19:19:47,0.59
N2,,2024/04/09 19:19:48,0.78
N2,,2024/04/09 19:19:49,0.74
N2,,2024/04/09 19:19:50,0.86
N2,,2024/04/09 19:19:51,0.78
N2,,2024/04/09 19:19:52,0.81
N2,,2024/04/09 19:19:53,0.82
N2,,2024/04/09 19:19:54,0.81
N2,,2024/04/09 19:19:55,0.71
N2,,2024/04/09 19:19:56,0.63
N2,,2024/04/09 19:19:57,0.73
N2,,2024/04/09 19:20:00,0.83
N2,,2024/04/09 19:20:00,0.84
N2,,2024/04/09 19:20:01,0.88
N2,,2024/04/09 19:20:02,0.88
N2,,2024/04/09 19:20:03,0.73
N2,,2024/04/09 19:20:04,0.87
N2,,2024/04/09 19:20:05,0.86
N2,,2024/04/09 19:20:06,0.87
N2,,2024/04/09 19:20:07,0.80
N2,,2024/04/09 19:20:08,0.68
N2,,2024/04/09 19:20:09,0.71
N2,,2024/04/09 19:20:10,0.83
N2,,2024/04/09 19:20:28,0.50
N2,,2024/04/09 19:20:32,0.79
N2,,2024/04/09 19:20:33,0.82
N2,,2024/04/09 19:21:15,0.44
N2,,2024/04/09 19:21:17,0.39
N2,,2024/04/09 19:21:19,0.73
N2,,2024/04/09 19:21:20,0.82
N2,,2024/04/09 19:21:21,0.70
N2,,2024/04/09 19:21:22,0.69
N2,,2024/04/09 19:21:35,0.81
N2,,2024/04/09 19:21:40,0.87
N2,,2024/04/09 19:25:10,0.86
N2,,2024/04/09 19:25:13,0.82
N2,,2024/04/09 19:25:14,0.89
N2,,2024/04/09 19:25:15,0.88
N2,,2024/04/09 19:25:16,0.87
N2,,2024/04/09 19:25:17,0.85
N2,,2024/04/09 19:25:18,0.91
N2,,2024/04/09 19:25:19,0.90
N2,,2024/04/09 19:25:20,0.94
N2,,2024/04/09 19:25:21,0.93
N2,,2024/04/09 19:25:22,0.93
N2,,2024/04/09 19:25:23,0.91
N2,,2024/04/09 19:25:24,0.86
N2,,2024/04/09 19:25:25,0.94
N2,,2024/04/09 19:25:26,0.95
N2,,2024/04/09 19:25:27,0.94
N2,,2024/04/09 19:25:28,0.72
N2,,2024/04/09 19:25:29,0.69
N2,,2024/04/09 19:25:30,0.82
N2,,2024/04/09 19:25:31,0.59
N2,,2024/04/09 19:25:33,0.80
N2,,2024/04/09 19:25:34,0.54
N2,,2024/04/09 19:25:35,0.62
N2,,2024/04/09 19:25:36,0.68
N2,,2024/04/09 19:25:39,0.46
N2,,2024/04/09 19:25:40,0.59
N2,,2024/04/09 19:25:43,0.80
N2,,2024/04/09 19:25:44,0.71
N2,,2024/04/09 19:25:45,0.66
N2,,2024/04/09 19:25:47,0.78
N2,,2024/04/09 19:25:48,0.65
N2,,2024/04/09 19:25:49,0.68
N2,,2024/04/09 19:25:50,0.74
N2,,2024/04/09 19:25:51,0.63
N2,,2024/04/09 19:25:52,0.72
N2,,2024/04/09 19:25:53,0.63
N2,,2024/04/09 19:25:54,0.64
N2,,2024/04/09 19:25:55,0.68
N2,,2024/04/09 19:25:56,0.59
N2,,2024/04/09 19:25:57,0.62
N2,,2024/04/09 19:25:58,0.54
N2,,2024/04/09 19:25:59,0.69
N2,,2024/04/09 19:26:00,0.63
N2,,2024/04/09 19:26:01,0.38
N2,,2024/04/09 19:26:02,0.81
N2,,2024/04/09 19:26:21,0.39
N2,,2024/04/09 19:26:24,0.60
N2,,2024/04/09 19:26:25,0.49
N2,,2024/04/09 19:26:42,0.57
N2,,2024/04/09 19:27:09,0.49
N2,,2024/04/09 19:27:10,0.75
N2,,2024/04/09 19:27:30,0.90
N2,,2024/04/09 19:31:01,0.52
N2,,2024/04/09 19:31:02,0.85
N2,,2024/04/09 19:31:03,0.92
N2,,2024/04/09 19:31:04,0.89
N2,,2024/04/09 19:31:05,0.93
N2,,2024/04/09 19:31:06,0.80
N2,,2024/04/09 19:31:07,0.88
N2,,2024/04/09 19:31:08,0.93
N2,,2024/04/09 19:31:09,0.94
N2,,2024/04/09 19:31:10,0.90
N2,,2024/04/09 19:31:11,0.94
N2,,2024/04/09 19:31:12,0.91
N2,,2024/04/09 19:31:13,0.91
N2,,2024/04/09 19:31:15,0.92
N2,,2024/04/09 19:31:16,0.93
N2,,2024/04/09 19:31:17,0.87
N2,,2024/04/09 19:31:17,0.58
N2,,2024/04/09 19:31:18,0.80
N2,,2024/04/09 19:31:20,0.52
N2,,2024/04/09 19:31:21,0.48
N2,,2024/04/09 19:31:24,0.60
N2,,2024/04/09 19:31:25,0.56
N2,,2024/04/09 19:31:27,0.48
N2,,2024/04/09 19:31:29,0.69
N2,,2024/04/09 19:31:30,0.50
N2,,2024/04/09 19:31:31,0.68
N2,,2024/04/09 19:31:32,0.80
N2,,2024/04/09 19:31:33,0.73
N2,,2024/04/09 19:31:34,0.72
N2,,2024/04/09 19:31:35,0.69
N2,,2024/04/09 19:31:36,0.38
N2,,2024/04/09 19:31:38,0.81
N2,,2024/04/09 19:31:39,0.60
N2,,2024/04/09 19:31:40,0.73
N2,,2024/04/09 19:31:41,0.70
N2,,2024/04/09 19:31:42,0.65
N2,,2024/04/09 19:31:43,0.87
N2,,2024/04/09 19:31:44,0.72
N2,,2024/04/09 19:31:45,0.80
N2,,2024/04/09 19:31:46,0.42
N2,,2024/04/09 19:31:47,0.77
N2,,2024/04/09 19:32:05,0.46
N2,,2024/04/09 19:32:07,0.43
N2,,2024/04/09 19:32:22,0.40
N2,,2024/04/09 19:32:45,0.67
N2,,2024/04/09 19:32:48,0.44
N2,,2024/04/09 19:32:50,0.40
N2,,2024/04/09 19:32:51,0.74
N2,,2024/04/09 19:32:52,0.73
N2,,2024/04/09 19:32:54,0.41
N2,,2024/04/09 19:37:11,0.81
N2,,2024/04/09 19:37:12,0.91
N2,,2024/04/09 19:37:13,0.72
N2,,2024/04/09 19:37:14,0.92
N2,,2024/04/09 19:37:15,0.94
N2,,2024/04/09 19:37:16,0.93
N2,,2024/04/09 19:37:17,0.91
N2,,2024/04/09 19:37:18,0.78
N2,,2024/04/09 19:37:19,0.85
N2,,2024/04/09 19:37:20,0.88
N2,,2024/04/09 19:37:21,0.89
N2,,2024/04/09 19:37:22,0.86
N2,,2024/04/09 19:37:22,0.89
N2,,2024/04/09 19:37:23,0.85
N2,,2024/04/09 19:37:24,0.84
N2,,2024/04/09 19:37:25,0.87
N2,,2024/04/09 19:37:26,0.87
N2,,2024/04/09 19:37:27,0.91
N2,,2024/04/09 19:37:28,0.88
N2,,2024/04/09 19:37:29,0.88
N2,,2024/04/09 19:37:30,0.76
N2,,2024/04/09 19:37:31,0.88
N2,,2024/04/09 19:37:32,0.82
N2,,2024/04/09 19:37:33,0.84
N2,,2024/04/09 19:37:34,0.84
N2,,2024/04/09 19:37:35,0.77
N2,,2024/04/09 19:37:36,0.72
N2,,2024/04/09 19:37:37,0.84
N2,,2024/04/09 19:37:38,0.82
N2,,2024/04/09 19:37:39,0.88
N2,,2024/04/09 19:37:40,0.87
N2,,2024/04/09 19:37:41,0.87
N2,,2024/04/09 19:37:42,0.87
N2,,2024/04/09 19:37:43,0.83
N2,,2024/04/09 19:37:44,0.86
N2,,2024/04/09 19:37:45,0.90
N2,,2024/04/09 19:37:46,0.86
N2,,2024/04/09 19:37:47,0.93
N2,,2024/04/09 19:37:48,0.96
N2,,2024/04/09 19:37:49,0.96
N2,,2024/04/09 19:37:50,0.94
N2,,2024/04/09 19:37:51,0.88
N2,,2024/04/09 19:37:52,0.93
N2,,2024/04/09 19:37:53,0.89
N2,,2024/04/09 19:37:54,0.91
N2,,2024/04/09 19:37:55,0.79
N2,,2024/04/09 19:38:36,0.86
N2,,2024/04/09 20:25:21,0.81
N2,,2024/04/09 20:25:34,0.91
N2,,2024/04/09 20:25:38,0.87
N2,,2024/04/09 20:25:39,0.92
N2,,2024/04/09 20:25:40,0.92
N2,,2024/04/09 20:25:41,0.71
N2,,2024/04/09 20:25:42,0.93
N2,,2024/04/09 20:25:43,0.94
N2,,2024/04/09 20:25:44,0.95
N2,,2024/04/09 20:25:45,0.89
N2,,2024/04/09 20:25:47,0.42
N2,,2024/04/09 20:25:48,0.93
N2,,2024/04/09 20:25:49,0.91
N2,,2024/04/09 20:25:50,0.93
N2,,2024/04/09 20:25:51,0.88
N2,,2024/04/09 20:25:52,0.90
N2,,2024/04/09 20:25:52,0.94
N2,,2024/04/09 20:25:53,0.92
N2,,2024/04/09 20:25:54,0.93
N2,,2024/04/09 20:25:55,0.88
N2,,2024/04/09 20:25:56,0.91
N2,,2024/04/09 20:25:57,0.88
N2,,2024/04/09 20:25:59,0.57
N2,,2024/04/09 20:25:59,0.50
N2,,2024/04/09 20:26:00,0.84
N2,,2024/04/09 20:26:01,0.89
N2,,2024/04/09 20:26:02,0.93
N2,,2024/04/09 20:26:03,0.86
N2,,2024/04/09 20:26:04,0.77
N2,,2024/04/09 20:26:05,0.83
N2,,2024/04/09 20:26:06,0.90
N2,,2024/04/09 20:26:07,0.89
N2,,2024/04/09 20:26:08,0.86
N2,,2024/04/09 20:26:09,0.92
N2,,2024/04/09 20:26:10,0.93
N2,,2024/04/09 20:26:11,0.51
N2,,2024/04/09 20:26:11,0.39
N2,,2024/04/09 20:26:12,0.50
N2,,2024/04/09 20:26:15,0.91
N2,,2024/04/09 20:26:16,0.90
N2,,2024/04/09 20:26:18,0.93
N2,,2024/04/09 20:26:19,0.92
N2,,2024/04/09 20:26:20,0.95
N2,,2024/04/09 20:26:21,0.78
N2,,2024/04/09 20:26:22,0.92
N2,,2024/04/09 20:26:23,0.91
N2,,2024/04/09 20:26:24,0.93
N2,,2024/04/09 20:26:25,0.88
N2,,2024/04/09 20:26:26,0.50
N2,,2024/04/09 20:26:27,0.92
N2,,2024/04/09 20:26:28,0.95
N2,,2024/04/09 20:26:29,0.90
N2,,2024/04/09 20:26:30,0.88
N2,,2024/04/09 20:26:31,0.61
N2,,2024/04/09 20:26:32,0.54
N2,,2024/04/09 20:26:33,0.83
N2,,2024/04/09 20:26:34,0.50
N2,,2024/04/09 20:26:35,0.51
N2,,2024/04/09 20:26:36,0.89
N2,,2024/04/09 20:26:37,0.92
N2,,2024/04/09 20:26:38,0.76
N2,,2024/04/09 20:26:39,0.93
N2,,2024/04/09 20:26:40,0.83
N2,,2024/04/09 20:26:41,0.84
N2,,2024/04/09 20:26:42,0.91
N2,,2024/04/09 20:26:43,0.91
N2,,2024/04/09 20:26:44,0.83
N2,,2024/04/09 20:26:44,0.92
N2,,2024/04/09 20:26:45,0.76
N2,,2024/04/09 20:26:49,0.76
N2,,2024/04/09 20:26:50,0.53
N2,,2024/04/09 20:26:50,0.47
N2,,2024/04/09 20:26:51,0.89
N2,,2024/04/09 20:26:52,0.86
N2,,2024/04/09 20:26:53,0.93
N2,,2024/04/09 20:26:54,0.92
N2,,2024/04/09 20:26:55,0.93
N2,,2024/04/09 20:26:56,0.93
N2,,2024/04/09 20:26:57,0.88
N2,,2024/04/09 20:26:58,0.91
N2,,2024/04/09 20:26:59,0.88
N2,,2024/04/09 20:27:00,0.89
N2,,2024/04/09 20:27:01,0.86
N2,,2024/04/09 20:27:02,0.91
N2,,2024/04/09 20:27:03,0.92
N2,,2024/04/09 20:27:04,0.94
N2,,2024/04/09 20:27:05,0.93
N2,,2024/04/09 20:27:06,0.94
N2,,2024/04/09 20:27:07,0.82
N2,,2024/04/09 20:27:08,0.85
N2,,2024/04/09 20:27:09,0.93
N2,,2024/04/09 20:27:11,0.82
N2,,2024/04/09 20:27:12,0.91
N2,,2024/04/09 20:27:13,0.93
N2,,2024/04/09 20:27:14,0.91
N2,,2024/04/09 20:27:15,0.83
N2,,2024/04/09 20:27:16,0.82
N2,,2024/04/09 20:27:17,0.91
N2,,2024/04/09 20:27:18,0.89
N2,,2024/04/09 20:27:19,0.91
N2,,2024/04/09 20:27:20,0.85
N2,,2024/04/09 20:27:21,0.95
N2,,2024/04/09 20:27:22,0.94
N2,,2024/04/09 20:27:23,0.94
N2,,2024/04/09 20:27:24,0.94
N2,,2024/04/09 20:27:25,0.95
N2,,2024/04/09 20:27:26,0.94
N2,,2024/04/09 20:27:27,0.93
N2,,2024/04/09 20:27:28,0.90
N2,,2024/04/09 20:27:29,0.88
N2,,2024/04/09 20:27:30,0.93
N2,,2024/04/09 20:27:31,0.92
N2,,2024/04/09 20:27:32,0.93
N2,,2024/04/09 20:27:33,0.92
N2,,2024/04/09 20:27:34,0.83
N2,,2024/04/09 20:27:35,0.91
N2,,2024/04/09 20:27:36,0.92
N2,,2024/04/09 20:27:37,0.85
N2,,2024/04/09 20:27:37,0.95
N2,,2024/04/09 20:27:38,0.95
N2,,2024/04/09 20:27:39,0.96
N2,,2024/04/09 20:27:40,0.95
N2,,2024/04/09 20:27:41,0.89
N2,,2024/04/09 20:27:42,0.82
N2,,2024/04/09 20:27:43,0.94
N2,,2024/04/09 20:27:44,0.84
N2,,2024/04/09 20:27:45,0.94
N2,,2024/04/09 20:27:46,0.92
N2,,2024/04/09 20:27:47,0.69
N2,,2024/04/09 20:27:48,0.94
N2,,2024/04/09 20:27:50,0.85
N2,,2024/04/09 20:27:51,0.92
N2,,2024/04/09 20:27:52,0.92
N2,,2024/04/09 20:27:53,0.93
N2,,2024/04/09 20:27:54,0.45
N2,,2024/04/09 20:27:55,0.84
N2,,2024/04/09 20:27:56,0.95
N2,,2024/04/09 20:27:57,0.93
N2,,2024/04/09 20:27:58,0.95
N2,,2024/04/09 20:27:59,0.95
N2,,2024/04/09 20:28:00,0.94
N2,,2024/04/09 20:28:01,0.92
N2,,2024/04/09 20:28:02,0.89
N2,,2024/04/09 20:28:03,0.94
N2,,2024/04/09 20:28:04,0.96
N2,,2024/04/09 20:28:05,0.96
N2,,2024/04/09 20:28:06,0.94
N2,,2024/04/09 20:28:07,0.96
N2,,2024/04/09 20:28:08,0.96
N2,,2024/04/09 20:28:09,0.96
N2,,2024/04/09 20:28:10,0.91
N2,,2024/04/09 20:28:11,0.96
N2,,2024/04/09 20:28:12,0.96
N2,,2024/04/09 20:28:13,0.79
N2,,2024/04/09 20:28:14,0.92
N2,,2024/04/09 20:28:15,0.96
N2,,2024/04/09 20:28:16,0.96
N2,,2024/04/09 20:28:17,0.93
N2,,2024/04/09 20:28:18,0.78
N2,,2024/04/09 20:28:19,0.43
N2,,2024/04/09 20:28:23,0.88
N2,,2024/04/09 20:28:24,0.89
N2,,2024/04/09 20:28:26,0.88
N2,,2024/04/09 20:28:27,0.81
N2,,2024/04/09 20:28:28,0.85
N2,,2024/04/09 20:28:29,0.93
N2,,2024/04/09 20:33:49,0.87
N2,,2024/04/09 20:33:50,0.89
N2,,2024/04/09 20:33:51,0.87
N2,,2024/04/09 20:33:52,0.93
N2,,2024/04/09 20:33:53,0.92
N2,,2024/04/09 20:33:54,0.53
N2,,2024/04/09 20:33:54,0.44
N2,,2024/04/09 20:33:55,0.50
N2,,2024/04/09 20:33:56,0.90
N2,,2024/04/09 20:33:57,0.91
N2,,2024/04/09 20:33:58,0.90
N2,,2024/04/09 20:33:59,0.87
N2,,2024/04/09 20:34:00,0.93
N2,,2024/04/09 20:34:01,0.56
N4,,2024/04/09 11:00:07,0.42
N4,,2024/04/09 11:00:08,0.88
N4,,2024/04/09 11:00:09,0.78
N4,,2024/04/09 11:00:14,0.91
N4,,2024/04/09 11:00:15,0.64
N4,,2024/04/09 11:01:45,0.87
N4,,2024/04/09 11:01:46,0.92
N4,,2024/04/09 11:01:47,0.89
N4,,2024/04/09 11:01:47,0.90
N4,,2024/04/09 11:01:48,0.90
N4,,2024/04/09 11:01:49,0.90
N4,,2024/04/09 11:02:03,0.91
N4,,2024/04/09 11:02:04,0.92
N4,,2024/04/09 11:02:48,0.93
N4,,2024/04/09 11:02:49,0.84
N4,,2024/04/09 11:02:50,0.86
N4,,2024/04/09 11:02:51,0.88
N4,,2024/04/09 11:02:52,0.80
N4,,2024/04/09 11:02:53,0.89
N4,,2024/04/09 11:02:54,0.90
N4,,2024/04/09 11:02:55,0.90
N4,,2024/04/09 11:02:56,0.87
N4,,2024/04/09 11:02:57,0.90
N4,,2024/04/09 11:02:58,0.90
N4,,2024/04/09 11:02:59,0.88
N4,,2024/04/09 11:03:00,0.88
N4,,2024/04/09 11:03:01,0.86
N4,,2024/04/09 11:03:02,0.89
N4,,2024/04/09 11:03:03,0.89
N4,,2024/04/09 11:03:04,0.90
N4,,2024/04/09 11:03:05,0.91
N4,,2024/04/09 11:03:06,0.91
N4,,2024/04/09 11:03:07,0.90
N4,,2024/04/09 11:03:08,0.91
N4,,2024/04/09 11:03:08,0.91
N4,,2024/04/09 11:03:09,0.91
N4,,2024/04/09 11:03:10,0.90
N4,,2024/04/09 11:03:11,0.88
N4,,2024/04/09 11:03:12,0.93
N4,,2024/04/09 11:03:13,0.88
N4,,2024/04/09 11:03:15,0.86
N4,,2024/04/09 11:03:16,0.93
N4,,2024/04/09 11:03:17,0.90
N4,,2024/04/09 11:05:22,0.90
N4,,2024/04/09 11:05:23,0.90
N4,,2024/04/09 11:05:24,0.93
N4,,2024/04/09 11:05:25,0.93
N4,,2024/04/09 11:05:26,0.88
N4,,2024/04/09 11:06:11,0.90
N4,,2024/04/09 11:06:12,0.92
N4,,2024/04/09 11:06:23,0.90
N4,,2024/04/09 11:06:24,0.89
N4,,2024/04/09 11:06:25,0.89
N4,,2024/04/09 11:06:26,0.63
N4,,2024/04/09 11:06:27,0.85
N4,,2024/04/09 11:08:32,0.91
N4,,2024/04/09 11:08:33,0.91
N4,,2024/04/09 11:08:34,0.91
N4,,2024/04/09 11:08:35,0.93
N4,,2024/04/09 11:08:36,0.91
N4,,2024/04/09 11:08:37,0.91
N4,,2024/04/09 11:08:38,0.92
N4,,2024/04/09 11:08:39,0.90
N4,,2024/04/09 11:08:40,0.90
N4,,2024/04/09 11:08:41,0.90
N4,,2024/04/09 11:08:42,0.87
N4,,2024/04/09 11:08:43,0.92
N4,,2024/04/09 11:08:44,0.46
N4,,2024/04/09 11:09:20,0.88
N4,,2024/04/09 11:09:34,0.89
N4,,2024/04/09 11:09:35,0.89
N4,,2024/04/09 11:09:36,0.74
N4,,2024/04/09 11:09:37,0.88
N4,,2024/04/09 11:09:38,0.83
N4,,2024/04/09 11:09:39,0.88
N4,,2024/04/09 11:09:40,0.88
N4,,2024/04/09 11:09:41,0.60
N4,,2024/04/09 11:09:42,0.88
N4,,2024/04/09 11:09:43,0.86
N4,,2024/04/09 11:09:44,0.80
N4,,2024/04/09 11:09:45,0.82
N4,,2024/04/09 11:09:46,0.75
N4,,2024/04/09 11:09:47,0.74
N4,,2024/04/09 11:09:48,0.82
N4,,2024/04/09 11:09:49,0.84
N4,,2024/04/09 11:09:50,0.88
N4,,2024/04/09 11:09:51,0.76
N4,,2024/04/09 11:09:52,0.83
N4,,2024/04/09 11:09:53,0.87
N4,,2024/04/09 11:09:54,0.72
N4,,2024/04/09 11:09:55,0.89
N4,,2024/04/09 11:09:56,0.88
N4,,2024/04/09 11:09:57,0.86
N4,,2024/04/09 11:09:58,0.90
N4,,2024/04/09 11:09:59,0.82
N4,,2024/04/09 11:10:00,0.88
N4,,2024/04/09 11:10:00,0.81
N4,,2024/04/09 11:10:00,0.87
N4,,2024/04/09 11:10:01,0.94
N4,,2024/04/09 11:11:30,0.89
N4,,2024/04/09 11:11:31,0.86
N4,,2024/04/09 11:11:32,0.88
N4,,2024/04/09 11:11:33,0.86
N4,,2024/04/09 11:11:34,0.89
N4,,2024/04/09 11:11:35,0.92
N4,,2024/04/09 11:11:36,0.92
N4,,2024/04/09 11:11:37,0.94
N4,,2024/04/09 11:11:38,0.92
N4,,2024/04/09 11:11:39,0.92
N4,,2024/04/09 11:11:40,0.92
N4,,2024/04/09 11:11:41,0.94
N4,,2024/04/09 11:11:42,0.94
N4,,2024/04/09 11:11:43,0.93
N4,,2024/04/09 11:11:44,0.92
N4,,2024/04/09 11:11:45,0.91
N4,,2024/04/09 11:11:46,0.91
N4,,2024/04/09 11:11:47,0.69
N4,,2024/04/09 11:12:45,0.89
N4,,2024/04/09 11:12:46,0.56
N4,,2024/04/09 11:13:09,0.91
N4,,2024/04/09 11:13:10,0.69
N4,,2024/04/09 11:15:16,0.38
N4,,2024/04/09 11:15:19,0.85
N4,,2024/04/09 11:15:50,0.87
N4,,2024/04/09 11:15:59,0.87
N4,,2024/04/09 11:16:00,0.88
N4,,2024/04/09 11:16:01,0.90
N4,,2024/04/09 11:16:02,0.89
N4,,2024/04/09 11:16:03,0.89
N4,,2024/04/09 11:16:04,0.90
N4,,2024/04/09 11:16:05,0.88
N4,,2024/04/09 11:16:06,0.88
N4,,2024/04/09 11:16:07,0.87
N4,,2024/04/09 11:16:08,0.79
N4,,2024/04/09 11:16:09,0.88
N4,,2024/04/09 11:16:10,0.90
N4,,2024/04/09 11:16:11,0.90
N4,,2024/04/09 11:16:12,0.88
N4,,2024/04/09 11:16:13,0.88
N4,,2024/04/09 11:16:14,0.89
N4,,2024/04/09 11:16:15,0.86
N4,,2024/04/09 11:16:16,0.89
N4,,2024/04/09 11:16:17,0.90
N4,,2024/04/09 11:16:18,0.88
N4,,2024/04/09 11:16:19,0.87
N4,,2024/04/09 11:16:20,0.72
N4,,2024/04/09 11:16:21,0.80
N4,,2024/04/09 11:16:22,0.88
N4,,2024/04/09 11:16:24,0.49
N4,,2024/04/09 11:17:28,0.84
N4,,2024/04/09 11:17:29,0.87
N4,,2024/04/09 11:17:30,0.89
N4,,2024/04/09 11:17:31,0.91
N4,,2024/04/09 11:17:32,0.50
N4,,2024/04/09 11:19:06,0.74
N4,,2024/04/09 11:19:08,0.90
N4,,2024/04/09 11:19:09,0.83
N4,,2024/04/09 11:19:10,0.87
N4,,2024/04/09 11:19:11,0.86
N4,,2024/04/09 11:19:12,0.86
N4,,2024/04/09 11:19:13,0.89
N4,,2024/04/09 11:21:41,0.88
N4,,2024/04/09 11:21:42,0.87
N4,,2024/04/09 11:21:43,0.88
N4,,2024/04/09 11:21:44,0.92
N4,,2024/04/09 11:21:45,0.70
N4,,2024/04/09 11:21:46,0.90
N4,,2024/04/09 11:21:47,0.92
N4,,2024/04/09 11:21:48,0.93
N4,,2024/04/09 11:21:49,0.91
N4,,2024/04/09 11:21:50,0.83
N4,,2024/04/09 11:21:51,0.91
N4,,2024/04/09 11:21:52,0.92
N4,,2024/04/09 11:21:53,0.92
N4,,2024/04/09 11:21:54,0.91
N4,,2024/04/09 11:21:55,0.90
N4,,2024/04/09 11:21:56,0.92
N4,,2024/04/09 11:21:57,0.93
N4,,2024/04/09 11:21:57,0.90
N4,,2024/04/09 11:21:58,0.93
N4,,2024/04/09 11:21:59,0.94
N4,,2024/04/09 11:22:00,0.93
N4,,2024/04/09 11:22:01,0.92
N4,,2024/04/09 11:22:02,0.92
N4,,2024/04/09 11:22:03,0.91
N4,,2024/04/09 11:22:04,0.92
N4,,2024/04/09 11:49:53,0.77
N4,,2024/04/09 11:49:54,0.87
N4,,2024/04/09 11:49:55,0.87
N4,,2024/04/09 11:49:56,0.90
N4,,2024/04/09 11:49:57,0.57
N4,,2024/04/09 11:49:57,0.52
N4,,2024/04/09 11:49:58,0.93
N4,,2024/04/09 11:50:01,0.89
N4,,2024/04/09 11:50:02,0.88
N4,,2024/04/09 11:50:03,0.61
N4,,2024/04/09 11:50:04,0.62
N4,,2024/04/09 11:50:05,0.84
N4,,2024/04/09 11:50:06,0.67
N4,,2024/04/09 11:50:07,0.74
N4,,2024/04/09 11:50:08,0.55
N4,,2024/04/09 11:50:09,0.71
N4,,2024/04/09 11:50:10,0.61
N4,,2024/04/09 11:50:11,0.77
N4,,2024/04/09 11:50:12,0.75
N4,,2024/04/09 11:50:13,0.81
N4,,2024/04/09 11:50:14,0.82
N4,,2024/04/09 11:50:15,0.82
N4,,2024/04/09 11:50:16,0.83
N4,,2024/04/09 11:50:17,0.80
N4,,2024/04/09 11:50:18,0.89
N4,,2024/04/09 11:50:19,0.75
N4,,2024/04/09 11:50:20,0.78
N4,,2024/04/09 11:50:21,0.71
N4,,2024/04/09 11:50:22,0.48
N4,,2024/04/09 11:50:23,0.77
N4,,2024/04/09 11:50:24,0.84
N4,,2024/04/09 11:50:25,0.90
N4,,2024/04/09 11:50:26,0.77
N4,,2024/04/09 11:50:27,0.79
N4,,2024/04/09 11:50:34,0.83
N4,,2024/04/09 11:51:34,0.85
N4,,2024/04/09 11:51:35,0.88
N4,,2024/04/09 11:51:37,0.94
N4,,2024/04/09 11:51:38,0.93
N4,,2024/04/09 11:51:39,0.93
N4,,2024/04/09 11:51:40,0.95
N4,,2024/04/09 11:51:41,0.93
N4,,2024/04/09 11:51:42,0.93
N4,,2024/04/09 11:51:43,0.93
N4,,2024/04/09 11:51:43,0.93
N4,,2024/04/09 11:51:44,0.94
N4,,2024/04/09 11:51:45,0.94
N4,,2024/04/09 11:51:46,0.94
N4,,2024/04/09 11:51:47,0.94
N4,,2024/04/09 11:51:48,0.91
N4,,2024/04/09 11:51:49,0.90
N4,,2024/04/09 11:51:50,0.91
N4,,2024/04/09 11:52:30,0.86
N4,,2024/04/09 11:52:31,0.44
N4,,2024/04/09 11:52:32,0.81
N4,,2024/04/09 11:52:33,0.40
N4,,2024/04/09 11:52:34,0.86
N4,,2024/04/09 11:52:35,0.80
N4,,2024/04/09 11:52:36,0.88
N4,,2024/04/09 11:52:37,0.88
N4,,2024/04/09 11:52:38,0.88
N4,,2024/04/09 11:52:39,0.88
N4,,2024/04/09 11:52:40,0.87
N4,,2024/04/09 11:52:41,0.89
N4,,2024/04/09 11:52:42,0.90
N4,,2024/04/09 11:52:43,0.88
N4,,2024/04/09 11:52:44,0.90
N4,,2024/04/09 11:52:45,0.91
N4,,2024/04/09 11:52:46,0.91
N4,,2024/04/09 11:52:47,0.90
N4,,2024/04/09 11:52:48,0.89
N4,,2024/04/09 11:52:49,0.90
N4,,2024/04/09 11:52:50,0.92
N4,,2024/04/09 11:52:51,0.92
N4,,2024/04/09 11:52:52,0.90
N4,,2024/04/09 11:52:52,0.90
N4,,2024/04/09 11:52:53,0.92
N4,,2024/04/09 11:52:54,0.69
N4,,2024/04/09 12:24:41,0.67
N4,,2024/04/09 12:24:47,0.55
N4,,2024/04/09 12:41:21,0.85
N4,,2024/04/09 12:41:22,0.90
N4,,2024/04/09 12:41:26,0.84
N4,,2024/04/09 12:41:57,0.85
N4,,2024/04/09 12:41:58,0.87
N4,,2024/04/09 12:41:59,0.88
N4,,2024/04/09 12:42:00,0.90
N4,,2024/04/09 12:42:01,0.87
N4,,2024/04/09 12:42:02,0.88
N4,,2024/04/09 12:42:03,0.89
N4,,2024/04/09 12:42:04,0.81
N4,,2024/04/09 12:42:05,0.86
N4,,2024/04/09 12:42:06,0.89
N4,,2024/04/09 12:42:07,0.88
N4,,2024/04/09 12:42:10,0.86
N4,,2024/04/09 12:42:11,0.89
N4,,2024/04/09 12:42:12,0.82
N4,,2024/04/09 12:42:15,0.92
N4,,2024/04/09 12:42:16,0.81
N4,,2024/04/09 12:42:17,0.88
N4,,2024/04/09 12:42:18,0.85
N4,,2024/04/09 12:42:19,0.88
N4,,2024/04/09 12:42:20,0.86
N4,,2024/04/09 12:42:21,0.87
N4,,2024/04/09 12:42:22,0.87
N4,,2024/04/09 12:42:23,0.91
N4,,2024/04/09 12:42:24,0.61
N4,,2024/04/09 12:42:25,0.89
N4,,2024/04/09 12:42:26,0.91
N4,,2024/04/09 12:42:27,0.83
N4,,2024/04/09 12:42:28,0.90
N4,,2024/04/09 12:42:29,0.94
N4,,2024/04/09 12:42:30,0.93
N4,,2024/04/09 12:42:31,0.38
N4,,2024/04/09 12:44:58,0.89
N4,,2024/04/09 12:44:59,0.90
N4,,2024/04/09 12:45:00,0.90
N4,,2024/04/09 12:45:00,0.91
N4,,2024/04/09 12:45:01,0.92
N4,,2024/04/09 12:45:02,0.91
N4,,2024/04/09 12:45:03,0.86
N4,,2024/04/09 12:51:08,0.60
N4,,2024/04/09 12:51:09,0.89
N4,,2024/04/09 12:51:10,0.93
N4,,2024/04/09 12:51:11,0.92
N4,,2024/04/09 12:51:12,0.94
N4,,2024/04/09 12:51:13,0.92
N4,,2024/04/09 12:51:14,0.92
N4,,2024/04/09 12:51:15,0.95
N4,,2024/04/09 12:51:16,0.91
N4,,2024/04/09 12:51:17,0.92
N4,,2024/04/09 12:51:18,0.49
N4,,2024/04/09 12:51:18,0.48
N4,,2024/04/09 12:51:19,0.92
N4,,2024/04/09 12:51:20,0.91
N4,,2024/04/09 12:51:21,0.92
N4,,2024/04/09 12:51:22,0.91
N4,,2024/04/09 12:51:23,0.91
N4,,2024/04/09 12:51:24,0.92
N4,,2024/04/09 12:51:25,0.93
N4,,2024/04/09 12:51:26,0.91
N4,,2024/04/09 12:51:27,0.93
N4,,2024/04/09 12:51:28,0.93
N4,,2024/04/09 12:51:29,0.90
N4,,2024/04/09 12:51:30,0.82
N4,,2024/04/09 13:10:23,0.51
N4,,2024/04/09 13:10:24,0.78
N4,,2024/04/09 13:10:36,0.81
N4,,2024/04/09 13:11:08,0.87
N4,,2024/04/09 13:11:09,0.87
N4,,2024/04/09 13:11:10,0.89
N4,,2024/04/09 13:11:11,0.89
N4,,2024/04/09 13:11:12,0.89
N4,,2024/04/09 13:11:14,0.89
N4,,2024/04/09 13:11:15,0.88
N4,,2024/04/09 13:11:16,0.89
N4,,2024/04/09 13:11:17,0.88
N4,,2024/04/09 13:11:18,0.91
N4,,2024/04/09 13:11:20,0.89
N4,,2024/04/09 13:11:21,0.84
N4,,2024/04/09 13:11:22,0.87
N4,,2024/04/09 13:11:23,0.87
N4,,2024/04/09 13:11:24,0.85
N4,,2024/04/09 13:11:25,0.88
N4,,2024/04/09 13:11:26,0.84
N4,,2024/04/09 13:11:27,0.84
N4,,2024/04/09 13:11:28,0.89
N4,,2024/04/09 13:11:29,0.89
N4,,2024/04/09 13:11:30,0.47
N4,,2024/04/09 13:11:30,0.45
N4,,2024/04/09 13:11:31,0.82
N4,,2024/04/09 13:11:32,0.87
N4,,2024/04/09 13:11:33,0.89
N4,,2024/04/09 13:14:07,0.93
N4,,2024/04/09 13:14:08,0.89
N4,,2024/04/09 13:14:09,0.91
N4,,2024/04/09 13:14:10,0.93
N4,,2024/04/09 13:14:11,0.93
N4,,2024/04/09 13:14:12,0.92
N4,,2024/04/09 13:14:13,0.93
N4,,2024/04/09 13:14:14,0.91
N4,,2024/04/09 13:14:15,0.91
N4,,2024/04/09 13:14:16,0.94
N4,,2024/04/09 13:14:17,0.92
N4,,2024/04/09 13:14:18,0.93
N4,,2024/04/09 13:14:19,0.93
N4,,2024/04/09 13:14:20,0.91
N4,,2024/04/09 13:14:21,0.92
N4,,2024/04/09 13:14:22,0.93
N4,,2024/04/09 13:14:23,0.92
N4,,2024/04/09 13:14:24,0.92
N4,,2024/04/09 13:14:25,0.92
N4,,2024/04/09 13:14:26,0.92
N4,,2024/04/09 13:14:27,0.46
N4,,2024/04/09 13:16:06,0.85
N4,,2024/04/09 13:16:10,0.86
N4,,2024/04/09 13:16:50,0.87
N4,,2024/04/09 13:16:51,0.88
N4,,2024/04/09 13:16:52,0.87
N4,,2024/04/09 13:16:53,0.87
N4,,2024/04/09 13:16:54,0.91
N4,,2024/04/09 13:16:55,0.89
N4,,2024/04/09 13:16:57,0.88
N4,,2024/04/09 13:16:58,0.85
N4,,2024/04/09 13:16:59,0.86
N4,,2024/04/09 13:17:00,0.85
N4,,2024/04/09 13:17:01,0.87
N4,,2024/04/09 13:17:02,0.90
N4,,2024/04/09 13:17:03,0.91
N4,,2024/04/09 13:17:05,0.86
N4,,2024/04/09 13:17:05,0.86
N4,,2024/04/09 13:17:06,0.88
N4,,2024/04/09 13:17:09,0.88
N4,,2024/04/09 13:17:10,0.90
N4,,2024/04/09 13:17:11,0.58
N4,,2024/04/09 13:17:12,0.85
N4,,2024/04/09 13:17:13,0.65
N4,,2024/04/09 13:17:14,0.60
N4,,2024/04/09 13:17:15,0.87
N4,,2024/04/09 13:17:16,0.88
N4,,2024/04/09 13:17:17,0.85
N4,,2024/04/09 13:17:18,0.88
N4,,2024/04/09 13:17:19,0.86
N4,,2024/04/09 13:17:20,0.85
N4,,2024/04/09 13:17:21,0.88
N4,,2024/04/09 13:19:38,0.89
N4,,2024/04/09 13:19:39,0.91
N4,,2024/04/09 13:19:40,0.88
N4,,2024/04/09 13:19:41,0.89
N4,,2024/04/09 13:19:42,0.84
N4,,2024/04/09 13:20:00,0.81
N4,,2024/04/09 13:20:01,0.86
N4,,2024/04/09 13:20:02,0.87
N4,,2024/04/09 13:20:03,0.88
N4,,2024/04/09 13:20:04,0.85
N4,,2024/04/09 13:20:05,0.88
N4,,2024/04/09 13:20:06,0.85
N4,,2024/04/09 13:20:07,0.86
N4,,2024/04/09 13:20:08,0.92
N4,,2024/04/09 13:20:09,0.81
N4,,2024/04/09 13:20:10,0.90
N4,,2024/04/09 13:20:11,0.93
N4,,2024/04/09 13:20:12,0.93
N4,,2024/04/09 13:20:13,0.93
N4,,2024/04/09 13:20:14,0.93
N4,,2024/04/09 13:20:15,0.93
N4,,2024/04/09 13:20:16,0.92
N4,,2024/04/09 13:20:17,0.93
N4,,2024/04/09 13:20:18,0.92
N4,,2024/04/09 13:20:19,0.93
N4,,2024/04/09 13:20:20,0.93
N4,,2024/04/09 13:20:21,0.91
N4,,2024/04/09 13:20:22,0.91
N4,,2024/04/09 13:20:23,0.94
N4,,2024/04/09 13:20:24,0.94
N4,,2024/04/09 13:20:25,0.92
N4,,2024/04/09 13:20:26,0.92
N4,,2024/04/09 13:20:27,0.89
N4,,2024/04/09 13:20:28,0.92
N4,,2024/04/09 13:20:29,0.92
N4,,2024/04/09 13:20:30,0.93
N4,,2024/04/09 13:20:31,0.80
N4,,2024/04/09 13:21:39,0.86
N4,,2024/04/09 13:21:40,0.76
N4,,2024/04/09 13:21:41,0.91
N4,,2024/04/09 13:22:24,0.82
N4,,2024/04/09 13:22:25,0.82
N4,,2024/04/09 13:22:26,0.89
N4,,2024/04/09 13:22:27,0.89
N4,,2024/04/09 13:22:28,0.90
N4,,2024/04/09 13:22:29,0.85
N4,,2024/04/09 13:22:30,0.91
N4,,2024/04/09 13:22:31,0.87
N4,,2024/04/09 13:22:32,0.87
N4,,2024/04/09 13:22:33,0.86
N4,,2024/04/09 13:22:34,0.89
N4,,2024/04/09 13:22:35,0.86
N4,,2024/04/09 13:22:36,0.88
N4,,2024/04/09 13:22:38,0.84
N4,,2024/04/09 13:22:39,0.89
N4,,2024/04/09 13:22:40,0.89
N4,,2024/04/09 13:22:43,0.87
N4,,2024/04/09 13:22:44,0.87
N4,,2024/04/09 13:22:45,0.88
N4,,2024/04/09 13:22:46,0.87
N4,,2024/04/09 13:22:47,0.88
N4,,2024/04/09 13:22:48,0.84
N4,,2024/04/09 13:22:49,0.89
N4,,2024/04/09 13:25:05,0.47
N4,,2024/04/09 13:25:05,0.46
N4,,2024/04/09 13:25:06,0.91
N4,,2024/04/09 13:25:07,0.86
N4,,2024/04/09 13:25:08,0.91
N4,,2024/04/09 13:25:09,0.91
N4,,2024/04/09 13:25:10,0.91
N4,,2024/04/09 13:25:11,0.72
N4,,2024/04/09 13:25:54,0.64
N4,,2024/04/09 13:25:55,0.42
N4,,2024/04/09 13:25:56,0.84
N4,,2024/04/09 13:25:59,0.91
N4,,2024/04/09 13:26:00,0.92
N4,,2024/04/09 13:26:01,0.90
N4,,2024/04/09 13:26:02,0.88
N4,,2024/04/09 13:26:02,0.89
N4,,2024/04/09 13:26:03,0.90
N4,,2024/04/09 13:26:04,0.85
N4,,2024/04/09 13:26:05,0.87
N4,,2024/04/09 13:26:06,0.89
N4,,2024/04/09 13:26:07,0.90
N4,,2024/04/09 13:26:08,0.89
N4,,2024/04/09 13:26:09,0.89
N4,,2024/04/09 13:26:10,0.91
N4,,2024/04/09 13:26:11,0.90
N4,,2024/04/09 13:26:12,0.85
N4,,2024/04/09 13:26:13,0.90
N4,,2024/04/09 13:26:14,0.92
N4,,2024/04/09 13:26:15,0.92
N4,,2024/04/09 13:26:16,0.90
N4,,2024/04/09 13:26:17,0.91
N4,,2024/04/09 13:26:18,0.92
N4,,2024/04/09 13:26:19,0.91
N4,,2024/04/09 13:26:20,0.93
N4,,2024/04/09 13:26:21,0.93
N4,,2024/04/09 13:26:22,0.91
N4,,2024/04/09 13:26:23,0.92
N4,,2024/04/09 13:26:24,0.93
N4,,2024/04/09 13:26:25,0.94
N4,,2024/04/09 13:26:26,0.94
N4,,2024/04/09 13:26:27,0.92
N4,,2024/04/09 13:26:28,0.93
N4,,2024/04/09 13:26:29,0.94
N4,,2024/04/09 13:26:30,0.92
N4,,2024/04/09 13:26:31,0.93
N4,,2024/04/09 13:26:32,0.93
N4,,2024/04/09 13:26:33,0.92
N4,,2024/04/09 13:26:33,0.89
N4,,2024/04/09 13:26:34,0.82
N4,,2024/04/09 13:27:35,0.65
N4,,2024/04/09 13:27:37,0.86
N4,,2024/04/09 13:28:17,0.88
N4,,2024/04/09 13:28:18,0.88
N4,,2024/04/09 13:28:19,0.89
N4,,2024/04/09 13:28:20,0.90
N4,,2024/04/09 13:28:21,0.88
N4,,2024/04/09 13:28:22,0.89
N4,,2024/04/09 13:28:23,0.84
N4,,2024/04/09 13:28:24,0.88
N4,,2024/04/09 13:28:25,0.84
N4,,2024/04/09 13:28:26,0.89
N4,,2024/04/09 13:28:27,0.89
N4,,2024/04/09 13:28:29,0.86
N4,,2024/04/09 13:28:30,0.83
N4,,2024/04/09 13:28:31,0.88
N4,,2024/04/09 13:28:32,0.86
N4,,2024/04/09 13:28:33,0.90
N4,,2024/04/09 13:28:34,0.89
N4,,2024/04/09 13:28:35,0.90
N4,,2024/04/09 13:28:36,0.89
N4,,2024/04/09 13:28:37,0.88
N4,,2024/04/09 13:28:38,0.84
N4,,2024/04/09 13:28:38,0.89
N4,,2024/04/09 13:28:39,0.93
N4,,2024/04/09 13:30:46,0.65
N4,,2024/04/09 13:30:47,0.92
N4,,2024/04/09 13:30:48,0.89
N4,,2024/04/09 13:30:49,0.91
N4,,2024/04/09 13:30:50,0.84
N4,,2024/04/09 13:30:51,0.90
N4,,2024/04/09 13:30:52,0.93
N4,,2024/04/09 13:30:53,0.47
N4,,2024/04/09 13:31:50,0.53
N4,,2024/04/09 13:31:51,0.82
N4,,2024/04/09 13:31:52,0.90
N4,,2024/04/09 13:31:53,0.92
N4,,2024/04/09 13:31:54,0.93
N4,,2024/04/09 13:31:55,0.92
N4,,2024/04/09 13:31:56,0.93
N4,,2024/04/09 13:31:57,0.92
N4,,2024/04/09 13:31:58,0.92
N4,,2024/04/09 13:31:59,0.93
N4,,2024/04/09 13:32:00,0.92
N4,,2024/04/09 13:32:01,0.92
N4,,2024/04/09 13:32:02,0.93
N4,,2024/04/09 13:32:03,0.92
N4,,2024/04/09 13:32:04,0.93
N4,,2024/04/09 13:32:05,0.93
N4,,2024/04/09 13:32:06,0.92
N4,,2024/04/09 13:32:07,0.91
N4,,2024/04/09 13:32:07,0.91
N4,,2024/04/09 13:32:08,0.93
N4,,2024/04/09 13:32:09,0.93
N4,,2024/04/09 13:32:10,0.93
N4,,2024/04/09 13:32:11,0.91
N4,,2024/04/09 13:32:12,0.93
N4,,2024/04/09 13:32:13,0.91
N4,,2024/04/09 13:32:14,0.87
N4,,2024/04/09 13:32:15,0.92
N4,,2024/04/09 13:32:16,0.93
N4,,2024/04/09 13:32:17,0.93
N4,,2024/04/09 13:32:18,0.93
N4,,2024/04/09 13:32:19,0.93
N4,,2024/04/09 13:32:20,0.92
N4,,2024/04/09 13:32:21,0.93
N4,,2024/04/09 13:32:22,0.94
N4,,2024/04/09 13:32:23,0.92
N4,,2024/04/09 13:32:24,0.92
N4,,2024/04/09 13:32:25,0.94
N4,,2024/04/09 13:32:26,0.93
N4,,2024/04/09 13:32:27,0.92
N4,,2024/04/09 13:32:28,0.92
N4,,2024/04/09 13:32:29,0.94
N4,,2024/04/09 13:32:30,0.93
N4,,2024/04/09 13:32:31,0.92
N4,,2024/04/09 13:32:32,0.92
N4,,2024/04/09 13:32:33,0.92
N4,,2024/04/09 13:32:34,0.91
N4,,2024/04/09 13:32:35,0.82
N4,,2024/04/09 13:33:40,0.77
N4,,2024/04/09 13:33:42,0.86
N4,,2024/04/09 13:34:19,0.89
N4,,2024/04/09 13:34:20,0.87
N4,,2024/04/09 13:34:21,0.90
N4,,2024/04/09 13:34:22,0.91
N4,,2024/04/09 13:34:23,0.90
N4,,2024/04/09 13:34:24,0.89
N4,,2024/04/09 13:34:25,0.80
N4,,2024/04/09 13:34:26,0.87
N4,,2024/04/09 13:34:27,0.85
N4,,2024/04/09 13:34:28,0.87
N4,,2024/04/09 13:34:29,0.89
N4,,2024/04/09 13:34:30,0.89
N4,,2024/04/09 13:34:31,0.87
N4,,2024/04/09 13:34:32,0.88
N4,,2024/04/09 13:34:33,0.87
N4,,2024/04/09 13:34:34,0.88
N4,,2024/04/09 13:34:35,0.88
N4,,2024/04/09 13:34:36,0.89
N4,,2024/04/09 13:34:37,0.50
N4,,2024/04/09 13:34:37,0.47
N4,,2024/04/09 13:34:38,0.89
N4,,2024/04/09 13:34:39,0.86
N4,,2024/04/09 13:34:40,0.85
N4,,2024/04/09 13:34:41,0.87
N4,,2024/04/09 13:34:42,0.93
N4,,2024/04/09 13:36:53,0.47
N4,,2024/04/09 13:36:54,0.92
N4,,2024/04/09 13:36:55,0.58
N4,,2024/04/09 13:36:56,0.81
N4,,2024/04/09 13:36:57,0.89
N4,,2024/04/09 13:36:58,0.93
N4,,2024/04/09 13:37:52,0.90
N4,,2024/04/09 13:37:53,0.95
N4,,2024/04/09 13:37:54,0.91
N4,,2024/04/09 13:37:55,0.90
N4,,2024/04/09 13:37:56,0.86
N4,,2024/04/09 13:37:57,0.90
N4,,2024/04/09 13:37:58,0.90
N4,,2024/04/09 13:37:59,0.89
N4,,2024/04/09 13:38:00,0.87
N4,,2024/04/09 13:38:01,0.91
N4,,2024/04/09 13:38:02,0.85
N4,,2024/04/09 13:38:03,0.94
N4,,2024/04/09 13:38:04,0.95
N4,,2024/04/09 13:38:05,0.92
N4,,2024/04/09 13:38:06,0.92
N4,,2024/04/09 13:38:07,0.94
N4,,2024/04/09 13:38:08,0.89
N4,,2024/04/09 13:38:09,0.91
N4,,2024/04/09 13:38:10,0.92
N4,,2024/04/09 13:38:11,0.89
N4,,2024/04/09 13:38:11,0.88
N4,,2024/04/09 13:38:12,0.89
N4,,2024/04/09 13:38:13,0.88
N4,,2024/04/09 13:38:14,0.88
N4,,2024/04/09 13:38:15,0.87
N4,,2024/04/09 13:38:16,0.91
N4,,2024/04/09 13:38:17,0.66
N4,,2024/04/09 13:38:18,0.91
N4,,2024/04/09 13:38:19,0.91
N4,,2024/04/09 13:38:20,0.93
N4,,2024/04/09 13:38:21,0.90
N4,,2024/04/09 13:38:22,0.92
N4,,2024/04/09 13:38:23,0.90
N4,,2024/04/09 13:38:24,0.91
N4,,2024/04/09 13:38:25,0.92
N4,,2024/04/09 13:38:26,0.93
N4,,2024/04/09 13:38:27,0.93
N4,,2024/04/09 13:38:28,0.92
N4,,2024/04/09 13:38:29,0.92
N4,,2024/04/09 13:38:30,0.91
N4,,2024/04/09 13:38:31,0.92
N4,,2024/04/09 13:38:32,0.94
N4,,2024/04/09 13:38:33,0.93
N4,,2024/04/09 13:38:34,0.92
N4,,2024/04/09 13:38:35,0.93
N4,,2024/04/09 13:38:36,0.92
N4,,2024/04/09 13:38:37,0.78
N4,,2024/04/09 13:39:43,0.81
N4,,2024/04/09 13:39:46,0.85
N4,,2024/04/09 13:40:20,0.90
N4,,2024/04/09 13:40:21,0.88
N4,,2024/04/09 13:40:22,0.83
N4,,2024/04/09 13:40:23,0.88
N4,,2024/04/09 13:40:24,0.91
N4,,2024/04/09 13:40:25,0.72
N4,,2024/04/09 13:40:26,0.87
N4,,2024/04/09 13:40:27,0.85
N4,,2024/04/09 13:40:28,0.88
N4,,2024/04/09 13:40:29,0.83
N4,,2024/04/09 13:40:30,0.88
N4,,2024/04/09 13:40:30,0.84
N4,,2024/04/09 13:40:31,0.46
N4,,2024/04/09 13:40:32,0.88
N4,,2024/04/09 13:40:33,0.90
N4,,2024/04/09 13:40:34,0.87
N4,,2024/04/09 13:40:35,0.89
N4,,2024/04/09 13:40:36,0.88
N4,,2024/04/09 13:40:37,0.86
N4,,2024/04/09 13:40:38,0.88
N4,,2024/04/09 13:40:39,0.86
N4,,2024/04/09 13:40:40,0.87
N4,,2024/04/09 13:40:41,0.88
N4,,2024/04/09 13:40:42,0.89
N4,,2024/04/09 13:43:16,0.45
N4,,2024/04/09 13:43:17,0.89
N4,,2024/04/09 13:43:18,0.90
N4,,2024/04/09 13:43:19,0.89
N4,,2024/04/09 13:43:20,0.90
N4,,2024/04/09 13:43:21,0.90
N4,,2024/04/09 13:43:22,0.91
N4,,2024/04/09 13:43:23,0.84
N4,,2024/04/09 13:43:24,0.49
N4,,2024/04/09 13:44:09,0.76
N4,,2024/04/09 13:44:10,0.79
N4,,2024/04/09 13:44:11,0.90
N4,,2024/04/09 13:44:12,0.84
N4,,2024/04/09 13:44:13,0.84
N4,,2024/04/09 13:44:14,0.87
N4,,2024/04/09 13:44:15,0.87
N4,,2024/04/09 13:44:16,0.85
N4,,2024/04/09 13:44:17,0.89
N4,,2024/04/09 13:44:18,0.89
N4,,2024/04/09 13:44:19,0.54
N4,,2024/04/09 13:44:19,0.45
N4,,2024/04/09 13:44:20,0.92
N4,,2024/04/09 13:44:21,0.91
N4,,2024/04/09 13:44:22,0.92
N4,,2024/04/09 13:44:23,0.94
N4,,2024/04/09 13:44:24,0.94
N4,,2024/04/09 13:44:25,0.92
N4,,2024/04/09 13:44:26,0.88
N4,,2024/04/09 13:44:27,0.93
N4,,2024/04/09 13:44:28,0.93
N4,,2024/04/09 13:44:29,0.92
N4,,2024/04/09 13:44:30,0.93
N4,,2024/04/09 13:44:31,0.92
N4,,2024/04/09 13:44:32,0.93
N4,,2024/04/09 13:44:33,0.94
N4,,2024/04/09 13:44:34,0.91
N4,,2024/04/09 13:44:35,0.92
N4,,2024/04/09 13:44:36,0.92
N4,,2024/04/09 13:44:37,0.90
N4,,2024/04/09 13:44:37,0.65
N4,,2024/04/09 13:45:41,0.53
N4,,2024/04/09 13:45:41,0.40
N4,,2024/04/09 13:46:17,0.87
N4,,2024/04/09 13:46:18,0.88
N4,,2024/04/09 13:46:19,0.90
N4,,2024/04/09 13:46:20,0.89
N4,,2024/04/09 13:46:21,0.90
N4,,2024/04/09 13:46:22,0.87
N4,,2024/04/09 13:46:24,0.86
N4,,2024/04/09 13:46:25,0.88
N4,,2024/04/09 13:46:26,0.86
N4,,2024/04/09 13:46:29,0.89
N4,,2024/04/09 13:46:30,0.87
N4,,2024/04/09 13:46:31,0.84
N4,,2024/04/09 13:46:32,0.91
N4,,2024/04/09 13:46:33,0.87
N4,,2024/04/09 13:46:34,0.68
N4,,2024/04/09 13:46:35,0.86
N4,,2024/04/09 13:46:35,0.88
N4,,2024/04/09 13:46:36,0.85
N4,,2024/04/09 13:46:37,0.94
N4,,2024/04/09 13:48:56,0.88
N4,,2024/04/09 13:48:57,0.89
N4,,2024/04/09 13:48:58,0.85
N4,,2024/04/09 13:48:59,0.84
N4,,2024/04/09 13:49:00,0.85
N4,,2024/04/09 13:49:01,0.85
N4,,2024/04/09 13:49:02,0.86
N4,,2024/04/09 13:49:03,0.90
N4,,2024/04/09 13:49:04,0.89
N4,,2024/04/09 13:49:05,0.89
N4,,2024/04/09 13:49:06,0.91
N4,,2024/04/09 13:49:07,0.90
N4,,2024/04/09 13:49:47,0.89
N4,,2024/04/09 13:49:48,0.90
N4,,2024/04/09 13:50:01,0.44
N4,,2024/04/09 13:50:02,0.93
N4,,2024/04/09 13:50:03,0.94
N4,,2024/04/09 13:50:05,0.92
N4,,2024/04/09 13:50:07,0.93
N4,,2024/04/09 13:50:08,0.90
N4,,2024/04/09 13:50:09,0.85
N4,,2024/04/09 13:50:10,0.92
N4,,2024/04/09 13:50:11,0.88
N4,,2024/04/09 13:50:12,0.92
N4,,2024/04/09 13:50:13,0.89
N4,,2024/04/09 13:50:14,0.91
N4,,2024/04/09 13:50:15,0.93
N4,,2024/04/09 13:50:16,0.87
N4,,2024/04/09 13:50:17,0.90
N4,,2024/04/09 13:50:18,0.91
N4,,2024/04/09 13:50:19,0.81
N4,,2024/04/09 13:50:20,0.72
N4,,2024/04/09 13:50:21,0.94
N4,,2024/04/09 13:50:22,0.92
N4,,2024/04/09 13:50:23,0.93
N4,,2024/04/09 13:50:24,0.90
N4,,2024/04/09 13:50:25,0.94
N4,,2024/04/09 13:50:26,0.93
N4,,2024/04/09 13:50:27,0.94
N4,,2024/04/09 13:50:28,0.91
N4,,2024/04/09 13:50:29,0.92
N4,,2024/04/09 13:50:30,0.90
N4,,2024/04/09 13:50:31,0.90
N4,,2024/04/09 13:50:32,0.85
N4,,2024/04/09 13:50:33,0.92
N4,,2024/04/09 13:50:34,0.91
N4,,2024/04/09 13:50:35,0.91
N4,,2024/04/09 13:50:36,0.92
N4,,2024/04/09 13:50:37,0.94
N4,,2024/04/09 13:50:38,0.93
N4,,2024/04/09 13:50:39,0.91
N4,,2024/04/09 13:50:40,0.91
N4,,2024/04/09 13:50:41,0.92
N4,,2024/04/09 13:50:41,0.92
N4,,2024/04/09 13:50:42,0.92
N4,,2024/04/09 13:50:43,0.91
N4,,2024/04/09 13:50:44,0.93
N4,,2024/04/09 13:50:45,0.93
N4,,2024/04/09 13:50:46,0.91
N4,,2024/04/09 13:50:47,0.95
N4,,2024/04/09 13:50:48,0.92
N4,,2024/04/09 13:50:49,0.88
N4,,2024/04/09 13:50:50,0.88
N4,,2024/04/09 13:50:51,0.89
N4,,2024/04/09 13:50:52,0.93
N4,,2024/04/09 13:50:53,0.94
N4,,2024/04/09 13:50:54,0.93
N4,,2024/04/09 13:50:55,0.93
N4,,2024/04/09 13:50:56,0.94
N4,,2024/04/09 13:50:57,0.94
N4,,2024/04/09 13:50:58,0.88
N4,,2024/04/09 13:50:59,0.93
N4,,2024/04/09 13:51:00,0.79
N4,,2024/04/09 13:51:01,0.88
N4,,2024/04/09 13:51:02,0.96
N4,,2024/04/09 13:51:03,0.94
N4,,2024/04/09 13:51:04,0.92
N4,,2024/04/09 13:51:05,0.90
N4,,2024/04/09 13:51:06,0.91
N4,,2024/04/09 13:51:07,0.94
N4,,2024/04/09 13:51:08,0.95
N4,,2024/04/09 13:51:09,0.94
N4,,2024/04/09 13:51:10,0.93
N4,,2024/04/09 13:51:11,0.92
N4,,2024/04/09 13:51:12,0.92
N4,,2024/04/09 13:51:13,0.90
N4,,2024/04/09 13:51:14,0.91
N4,,2024/04/09 13:51:15,0.90
N4,,2024/04/09 13:51:16,0.79
N4,,2024/04/09 13:51:17,0.90
N4,,2024/04/09 13:51:18,0.89
N4,,2024/04/09 13:51:19,0.73
N4,,2024/04/09 13:51:20,0.76
N4,,2024/04/09 13:52:22,0.87
N4,,2024/04/09 13:52:23,0.76
N4,,2024/04/09 13:53:05,0.91
N4,,2024/04/09 13:53:06,0.91
N4,,2024/04/09 13:53:21,0.87
N4,,2024/04/09 13:53:22,0.77
N4,,2024/04/09 13:53:23,0.50
N4,,2024/04/09 13:53:24,0.75
N4,,2024/04/09 13:53:25,0.65
N4,,2024/04/09 13:53:26,0.94
N4,,2024/04/09 13:55:47,0.93
N4,,2024/04/09 13:55:48,0.88
N4,,2024/04/09 13:55:49,0.79
N4,,2024/04/09 13:55:50,0.88
N4,,2024/04/09 13:55:51,0.87
N4,,2024/04/09 13:55:52,0.90
N4,,2024/04/09 13:55:53,0.68
N4,,2024/04/09 13:56:56,0.73
N4,,2024/04/09 13:56:57,0.78
N4,,2024/04/09 13:56:58,0.81
N4,,2024/04/09 13:56:59,0.84
N4,,2024/04/09 13:57:00,0.91
N4,,2024/04/09 13:57:01,0.93
N4,,2024/04/09 13:57:02,0.88
N4,,2024/04/09 13:57:02,0.92
N4,,2024/04/09 13:57:03,0.76
N4,,2024/04/09 13:57:04,0.94
N4,,2024/04/09 13:57:05,0.92
N4,,2024/04/09 13:57:06,0.93
N4,,2024/04/09 13:57:07,0.93
N4,,2024/04/09 13:57:08,0.92
N4,,2024/04/09 13:57:09,0.94
N4,,2024/04/09 13:57:10,0.86
N4,,2024/04/09 13:57:11,0.93
N4,,2024/04/09 13:57:12,0.93
N4,,2024/04/09 13:57:13,0.93
N4,,2024/04/09 13:57:13,0.42
N4,,2024/04/09 13:57:14,0.93
N4,,2024/04/09 13:57:15,0.93
N4,,2024/04/09 13:57:16,0.91
N4,,2024/04/09 13:57:17,0.90
N4,,2024/04/09 13:57:18,0.92
N4,,2024/04/09 13:57:19,0.89
N4,,2024/04/09 13:57:20,0.79
N4,,2024/04/09 13:58:23,0.84
N4,,2024/04/09 13:59:00,0.87
N4,,2024/04/09 13:59:02,0.87
N4,,2024/04/09 13:59:03,0.88
N4,,2024/04/09 13:59:04,0.84
N4,,2024/04/09 13:59:05,0.83
N4,,2024/04/09 13:59:05,0.84
N4,,2024/04/09 13:59:06,0.88
N4,,2024/04/09 13:59:07,0.86
N4,,2024/04/09 13:59:08,0.89
N4,,2024/04/09 13:59:09,0.89
N4,,2024/04/09 13:59:10,0.86
N4,,2024/04/09 13:59:11,0.79
N4,,2024/04/09 13:59:12,0.85
N4,,2024/04/09 13:59:13,0.85
N4,,2024/04/09 13:59:14,0.87
N4,,2024/04/09 13:59:16,0.88
N4,,2024/04/09 13:59:17,0.88
N4,,2024/04/09 13:59:18,0.86
N4,,2024/04/09 13:59:19,0.89
N4,,2024/04/09 13:59:20,0.85
N4,,2024/04/09 13:59:21,0.90
N4,,2024/04/09 13:59:22,0.54
N4,,2024/04/09 14:01:55,0.87
N4,,2024/04/09 14:01:56,0.92
N4,,2024/04/09 14:01:57,0.88
N4,,2024/04/09 14:01:58,0.87
N4,,2024/04/09 14:01:59,0.87
N4,,2024/04/09 14:02:00,0.88
N4,,2024/04/09 14:02:01,0.90
N4,,2024/04/09 14:02:02,0.84
N4,,2024/04/09 14:03:06,0.61
N4,,2024/04/09 14:03:07,0.92
N4,,2024/04/09 14:03:08,0.66
N4,,2024/04/09 14:03:09,0.93
N4,,2024/04/09 14:03:10,0.93
N4,,2024/04/09 14:03:11,0.91
N4,,2024/04/09 14:03:12,0.93
N4,,2024/04/09 14:03:13,0.93
N4,,2024/04/09 14:03:14,0.92
N4,,2024/04/09 14:03:15,0.94
N4,,2024/04/09 14:03:16,0.93
N4,,2024/04/09 14:03:17,0.93
N4,,2024/04/09 14:03:18,0.94
N4,,2024/04/09 14:03:19,0.93
N4,,2024/04/09 14:03:20,0.93
N4,,2024/04/09 14:03:21,0.94
N4,,2024/04/09 14:03:22,0.94
N4,,2024/04/09 14:03:23,0.93
N4,,2024/04/09 14:03:24,0.92
N4,,2024/04/09 14:03:25,0.92
N4,,2024/04/09 14:03:26,0.91
N4,,2024/04/09 14:03:27,0.59
N4,,2024/04/09 14:04:32,0.63
N4,,2024/04/09 14:05:06,0.86
N4,,2024/04/09 14:05:07,0.84
N4,,2024/04/09 14:05:08,0.89
N4,,2024/04/09 14:05:09,0.89
N4,,2024/04/09 14:05:10,0.90
N4,,2024/04/09 14:05:23,0.87
N4,,2024/04/09 14:05:24,0.86
N4,,2024/04/09 14:05:25,0.88
N4,,2024/04/09 14:05:26,0.87
N4,,2024/04/09 14:05:27,0.79
N4,,2024/04/09 14:05:28,0.89
N4,,2024/04/09 14:05:29,0.92
N4,,2024/04/09 14:07:45,0.86
N4,,2024/04/09 14:07:46,0.92
N4,,2024/04/09 14:07:47,0.90
N4,,2024/04/09 14:07:48,0.87
N4,,2024/04/09 14:07:49,0.90
N4,,2024/04/09 14:07:50,0.90
N4,,2024/04/09 14:07:51,0.94
N4,,2024/04/09 14:07:52,0.87
N4,,2024/04/09 14:08:59,0.87
N4,,2024/04/09 14:09:00,0.92
N4,,2024/04/09 14:09:01,0.91
N4,,2024/04/09 14:09:02,0.91
N4,,2024/04/09 14:09:03,0.92
N4,,2024/04/09 14:09:04,0.91
N4,,2024/04/09 14:09:05,0.90
N4,,2024/04/09 14:09:06,0.86
N4,,2024/04/09 14:09:07,0.89
N4,,2024/04/09 14:09:08,0.92
N4,,2024/04/09 14:09:08,0.77
N4,,2024/04/09 14:09:09,0.94
N4,,2024/04/09 14:09:10,0.90
N4,,2024/04/09 14:09:11,0.92
N4,,2024/04/09 14:09:12,0.92
N4,,2024/04/09 14:09:13,0.94
N4,,2024/04/09 14:09:14,0.94
N4,,2024/04/09 14:09:15,0.91
N4,,2024/04/09 14:09:16,0.92
N4,,2024/04/09 14:09:17,0.59
N4,,2024/04/09 14:09:18,0.92
N4,,2024/04/09 14:09:19,0.93
N4,,2024/04/09 14:09:20,0.92
N4,,2024/04/09 14:09:21,0.92
N4,,2024/04/09 14:09:22,0.93
N4,,2024/04/09 14:09:23,0.92
N4,,2024/04/09 14:09:24,0.92
N4,,2024/04/09 14:09:25,0.77
N4,,2024/04/09 14:10:32,0.78
N4,,2024/04/09 14:11:10,0.88
N4,,2024/04/09 14:11:11,0.87
N4,,2024/04/09 14:11:12,0.90
N4,,2024/04/09 14:11:13,0.89
N4,,2024/04/09 14:11:14,0.90
N4,,2024/04/09 14:11:15,0.88
N4,,2024/04/09 14:11:16,0.84
N4,,2024/04/09 14:11:17,0.86
N4,,2024/04/09 14:11:18,0.87
N4,,2024/04/09 14:11:19,0.89
N4,,2024/04/09 14:11:20,0.88
N4,,2024/04/09 14:11:21,0.86
N4,,2024/04/09 14:11:22,0.85
N4,,2024/04/09 14:11:23,0.87
N4,,2024/04/09 14:11:24,0.88
N4,,2024/04/09 14:11:25,0.87
N4,,2024/04/09 14:11:26,0.88
N4,,2024/04/09 14:11:27,0.88
N4,,2024/04/09 14:11:28,0.90
N4,,2024/04/09 14:11:29,0.85
N4,,2024/04/09 14:11:30,0.88
N4,,2024/04/09 14:11:31,0.86
N4,,2024/04/09 14:11:31,0.90
N4,,2024/04/09 14:11:32,0.95
N4,,2024/04/09 14:13:57,0.88
N4,,2024/04/09 14:13:58,0.92
N4,,2024/04/09 14:13:59,0.90
N4,,2024/04/09 14:14:00,0.88
N4,,2024/04/09 14:14:01,0.90
N4,,2024/04/09 14:14:02,0.88
N4,,2024/04/09 14:14:03,0.88
N4,,2024/04/09 14:14:03,0.90
N4,,2024/04/09 14:14:04,0.89
N4,,2024/04/09 14:14:05,0.90
N4,,2024/04/09 14:14:06,0.81
N4,,2024/04/09 14:14:09,0.43
N4,,2024/04/09 14:14:10,0.80
N4,,2024/04/09 14:14:36,0.74
N4,,2024/04/09 14:14:37,0.84
N4,,2024/04/09 14:14:38,0.51
N4,,2024/04/09 14:14:39,0.80
N4,,2024/04/09 14:14:40,0.58
N4,,2024/04/09 14:14:41,0.91
N4,,2024/04/09 14:14:42,0.91
N4,,2024/04/09 14:14:43,0.75
N4,,2024/04/09 14:15:01,0.74
N4,,2024/04/09 14:15:02,0.55
N4,,2024/04/09 14:15:03,0.86
N4,,2024/04/09 14:15:04,0.80
N4,,2024/04/09 14:15:05,0.85
N4,,2024/04/09 14:15:06,0.81
N4,,2024/04/09 14:15:08,0.88
N4,,2024/04/09 14:15:09,0.92
N4,,2024/04/09 14:15:10,0.72
N4,,2024/04/09 14:15:11,0.89
N4,,2024/04/09 14:15:12,0.89
N4,,2024/04/09 14:15:13,0.93
N4,,2024/04/09 14:15:14,0.93
N4,,2024/04/09 14:15:15,0.93
N4,,2024/04/09 14:15:16,0.92
N4,,2024/04/09 14:15:17,0.91
N4,,2024/04/09 14:15:18,0.93
N4,,2024/04/09 14:15:19,0.92
N4,,2024/04/09 14:15:20,0.93
N4,,2024/04/09 14:15:21,0.94
N4,,2024/04/09 14:15:22,0.91
N4,,2024/04/09 14:15:23,0.94
N4,,2024/04/09 14:15:24,0.94
N4,,2024/04/09 14:15:25,0.91
N4,,2024/04/09 14:15:26,0.92
N4,,2024/04/09 14:15:27,0.83
N4,,2024/04/09 14:16:28,0.57
N4,,2024/04/09 14:17:06,0.89
N4,,2024/04/09 14:17:07,0.89
N4,,2024/04/09 14:17:07,0.90
N4,,2024/04/09 14:17:08,0.89
N4,,2024/04/09 14:17:09,0.90
N4,,2024/04/09 14:17:11,0.87
N4,,2024/04/09 14:17:12,0.88
N4,,2024/04/09 14:17:13,0.90
N4,,2024/04/09 14:17:16,0.87
N4,,2024/04/09 14:17:17,0.87
N4,,2024/04/09 14:17:21,0.89
N4,,2024/04/09 14:17:22,0.88
N4,,2024/04/09 14:17:23,0.88
N4,,2024/04/09 14:17:24,0.89
N4,,2024/04/09 14:17:25,0.90
N4,,2024/04/09 14:17:26,0.87
N4,,2024/04/09 14:17:27,0.88
N4,,2024/04/09 14:17:28,0.86
N4,,2024/04/09 14:19:42,0.69
N4,,2024/04/09 14:19:43,0.90
N4,,2024/04/09 14:19:44,0.90
N4,,2024/04/09 14:19:45,0.91
N4,,2024/04/09 14:19:46,0.88
N4,,2024/04/09 14:19:47,0.85
N4,,2024/04/09 14:19:47,0.88
N4,,2024/04/09 14:19:48,0.88
N4,,2024/04/09 14:19:49,0.87
N4,,2024/04/09 14:19:50,0.44
N4,,2024/04/09 14:20:39,0.52
N4,,2024/04/09 14:20:40,0.62
N4,,2024/04/09 14:20:41,0.56
N4,,2024/04/09 14:20:42,0.79
N4,,2024/04/09 14:20:43,0.74
N4,,2024/04/09 14:20:45,0.93
N4,,2024/04/09 14:20:56,0.90
N4,,2024/04/09 14:20:57,0.90
N4,,2024/04/09 14:20:58,0.89
N4,,2024/04/09 14:20:59,0.90
N4,,2024/04/09 14:21:00,0.92
N4,,2024/04/09 14:21:01,0.92
N4,,2024/04/09 14:21:02,0.93
N4,,2024/04/09 14:21:03,0.92
N4,,2024/04/09 14:21:04,0.91
N4,,2024/04/09 14:21:05,0.91
N4,,2024/04/09 14:21:06,0.91
N4,,2024/04/09 14:21:06,0.92
N4,,2024/04/09 14:21:07,0.92
N4,,2024/04/09 14:21:08,0.91
N4,,2024/04/09 14:21:09,0.90
N4,,2024/04/09 14:21:10,0.91
N4,,2024/04/09 14:21:11,0.93
N4,,2024/04/09 14:21:12,0.92
N4,,2024/04/09 14:21:13,0.93
N4,,2024/04/09 14:21:14,0.92
N4,,2024/04/09 14:21:15,0.92
N4,,2024/04/09 14:21:16,0.92
N4,,2024/04/09 14:21:17,0.93
N4,,2024/04/09 14:21:18,0.93
N4,,2024/04/09 14:21:19,0.93
N4,,2024/04/09 14:21:20,0.94
N4,,2024/04/09 14:21:21,0.92
N4,,2024/04/09 14:21:22,0.94
N4,,2024/04/09 14:21:23,0.92
N4,,2024/04/09 14:21:24,0.94
N4,,2024/04/09 14:21:25,0.94
N4,,2024/04/09 14:21:26,0.94
N4,,2024/04/09 14:21:27,0.93
N4,,2024/04/09 14:21:28,0.93
N4,,2024/04/09 14:21:29,0.92
N4,,2024/04/09 14:21:30,0.91
N4,,2024/04/09 14:21:31,0.80
N4,,2024/04/09 14:22:35,0.61
N4,,2024/04/09 14:23:24,0.88
N4,,2024/04/09 14:23:25,0.86
N4,,2024/04/09 14:23:27,0.88
N4,,2024/04/09 14:23:28,0.86
N4,,2024/04/09 14:23:29,0.81
N4,,2024/04/09 14:23:30,0.57
N4,,2024/04/09 14:23:31,0.62
N4,,2024/04/09 14:23:31,0.51
N4,,2024/04/09 14:23:32,0.90
N4,,2024/04/09 14:23:33,0.93
N4,,2024/04/09 14:25:49,0.87
N4,,2024/04/09 14:25:50,0.91
N4,,2024/04/09 14:25:51,0.86
N4,,2024/04/09 14:25:52,0.87
N4,,2024/04/09 14:25:53,0.85
N4,,2024/04/09 14:25:54,0.91
N4,,2024/04/09 14:26:02,0.90
N4,,2024/04/09 14:26:03,0.39
N4,,2024/04/09 14:26:17,0.91
N4,,2024/04/09 14:26:18,0.93
N4,,2024/04/09 14:26:19,0.90
N4,,2024/04/09 14:26:20,0.92
N4,,2024/04/09 14:26:21,0.56
N4,,2024/04/09 14:27:06,0.88
N4,,2024/04/09 14:27:07,0.86
N4,,2024/04/09 14:27:08,0.90
N4,,2024/04/09 14:27:08,0.92
N4,,2024/04/09 14:27:09,0.92
N4,,2024/04/09 14:27:10,0.90
N4,,2024/04/09 14:27:11,0.92
N4,,2024/04/09 14:27:12,0.87
N4,,2024/04/09 14:27:13,0.93
N4,,2024/04/09 14:27:14,0.93
N4,,2024/04/09 14:27:15,0.94
N4,,2024/04/09 14:27:16,0.91
N4,,2024/04/09 14:27:17,0.92
N4,,2024/04/09 14:27:18,0.91
N4,,2024/04/09 14:27:19,0.92
N4,,2024/04/09 14:27:20,0.93
N4,,2024/04/09 14:27:21,0.92
N4,,2024/04/09 14:27:22,0.93
N4,,2024/04/09 14:27:23,0.90
N4,,2024/04/09 14:27:24,0.91
N4,,2024/04/09 14:27:25,0.94
N4,,2024/04/09 14:27:26,0.94
N4,,2024/04/09 14:27:27,0.92
N4,,2024/04/09 14:27:28,0.91
N4,,2024/04/09 14:27:29,0.90
N4,,2024/04/09 14:27:30,0.89
N4,,2024/04/09 14:27:31,0.77
N4,,2024/04/09 14:28:42,0.73
N4,,2024/04/09 14:28:43,0.78
N4,,2024/04/09 14:29:19,0.88
N4,,2024/04/09 14:29:20,0.85
N4,,2024/04/09 14:29:21,0.88
N4,,2024/04/09 14:29:22,0.90
N4,,2024/04/09 14:29:23,0.89
N4,,2024/04/09 14:29:25,0.85
N4,,2024/04/09 14:29:26,0.87
N4,,2024/04/09 14:29:27,0.88
N4,,2024/04/09 14:29:28,0.87
N4,,2024/04/09 14:29:29,0.89
N4,,2024/04/09 14:29:31,0.85
N4,,2024/04/09 14:29:32,0.86
N4,,2024/04/09 14:29:33,0.88
N4,,2024/04/09 14:29:35,0.87
N4,,2024/04/09 14:29:36,0.88
N4,,2024/04/09 14:29:37,0.88
N4,,2024/04/09 14:29:38,0.86
N4,,2024/04/09 14:29:39,0.88
N4,,2024/04/09 14:29:40,0.87
N4,,2024/04/09 14:29:41,0.84
N4,,2024/04/09 14:32:04,0.86
N4,,2024/04/09 14:32:05,0.89
N4,,2024/04/09 14:32:06,0.84
N4,,2024/04/09 14:32:07,0.91
N4,,2024/04/09 14:32:08,0.89
N4,,2024/04/09 14:32:09,0.93
N4,,2024/04/09 14:32:12,0.75
N4,,2024/04/09 14:32:20,0.72
N4,,2024/04/09 14:32:21,0.76
N4,,2024/04/09 14:33:13,0.78
N4,,2024/04/09 14:33:14,0.89
N4,,2024/04/09 14:33:15,0.90
N4,,2024/04/09 14:33:16,0.92
N4,,2024/04/09 14:33:17,0.91
N4,,2024/04/09 14:33:18,0.93
N4,,2024/04/09 14:33:19,0.91
N4,,2024/04/09 14:33:20,0.93
N4,,2024/04/09 14:33:20,0.94
N4,,2024/04/09 14:33:21,0.93
N4,,2024/04/09 14:33:22,0.91
N4,,2024/04/09 14:33:23,0.90
N4,,2024/04/09 14:33:24,0.90
N4,,2024/04/09 14:33:25,0.93
N4,,2024/04/09 14:33:26,0.93
N4,,2024/04/09 14:33:27,0.92
N4,,2024/04/09 14:33:28,0.93
N4,,2024/04/09 14:33:29,0.91
N4,,2024/04/09 14:33:30,0.93
N4,,2024/04/09 14:33:31,0.93
N4,,2024/04/09 14:33:32,0.92
N4,,2024/04/09 14:33:33,0.91
N4,,2024/04/09 14:33:34,0.90
N4,,2024/04/09 14:33:35,0.87
N4,,2024/04/09 14:33:36,0.75
N4,,2024/04/09 14:34:43,0.61
N4,,2024/04/09 14:35:17,0.88
N4,,2024/04/09 14:35:18,0.89
N4,,2024/04/09 14:35:19,0.89
N4,,2024/04/09 14:35:20,0.91
N4,,2024/04/09 14:35:21,0.90
N4,,2024/04/09 14:35:23,0.87
N4,,2024/04/09 14:35:24,0.87
N4,,2024/04/09 14:35:25,0.88
N4,,2024/04/09 14:35:26,0.90
N4,,2024/04/09 14:35:27,0.90
N4,,2024/04/09 14:35:31,0.88
N4,,2024/04/09 14:35:31,0.87
N4,,2024/04/09 14:35:32,0.89
N4,,2024/04/09 14:35:33,0.88
N4,,2024/04/09 14:35:34,0.86
N4,,2024/04/09 14:35:35,0.87
N4,,2024/04/09 14:35:36,0.87
N4,,2024/04/09 14:35:37,0.89
N4,,2024/04/09 14:35:38,0.93
N4,,2024/04/09 14:38:49,0.82
N4,,2024/04/09 14:38:50,0.93
N4,,2024/04/09 14:38:51,0.89
N4,,2024/04/09 14:38:52,0.90
N4,,2024/04/09 14:38:53,0.85
N4,,2024/04/09 14:38:54,0.94
N4,,2024/04/09 14:39:18,0.90
N4,,2024/04/09 14:39:19,0.60
N4,,2024/04/09 14:39:20,0.91
N4,,2024/04/09 14:39:21,0.92
N4,,2024/04/09 14:39:22,0.90
N4,,2024/04/09 14:39:23,0.93
N4,,2024/04/09 14:39:24,0.93
N4,,2024/04/09 14:39:25,0.94
N4,,2024/04/09 14:39:26,0.93
N4,,2024/04/09 14:39:27,0.89
N4,,2024/04/09 14:39:28,0.92
N4,,2024/04/09 14:39:29,0.93
N4,,2024/04/09 14:39:30,0.93
N4,,2024/04/09 14:39:31,0.91
N4,,2024/04/09 14:39:32,0.93
N4,,2024/04/09 14:39:33,0.91
N4,,2024/04/09 14:39:34,0.93
N4,,2024/04/09 14:39:35,0.94
N4,,2024/04/09 14:39:36,0.94
N4,,2024/04/09 14:39:37,0.94
N4,,2024/04/09 14:39:37,0.50
N4,,2024/04/09 14:39:38,0.93
N4,,2024/04/09 14:39:39,0.92
N4,,2024/04/09 14:39:40,0.91
N4,,2024/04/09 14:39:41,0.92
N4,,2024/04/09 14:39:42,0.63
N4,,2024/04/09 14:49:11,0.88
N4,,2024/04/09 14:49:26,0.92
N4,,2024/04/09 14:49:26,0.91
N4,,2024/04/09 14:51:26,0.90
N4,,2024/04/09 14:51:27,0.91
N4,,2024/04/09 14:51:31,0.90
N4,,2024/04/09 14:51:32,0.89
N4,,2024/04/09 14:51:33,0.91
N4,,2024/04/09 14:51:34,0.72
N4,,2024/04/09 14:52:03,0.79
N4,,2024/04/09 14:52:04,0.81
N4,,2024/04/09 14:52:05,0.83
N4,,2024/04/09 14:52:06,0.90
N4,,2024/04/09 14:52:07,0.89
N4,,2024/04/09 14:52:08,0.86
N4,,2024/04/09 14:52:09,0.81
N4,,2024/04/09 14:52:10,0.86
N4,,2024/04/09 14:52:11,0.89
N4,,2024/04/09 14:52:12,0.88
N4,,2024/04/09 14:52:13,0.87
N4,,2024/04/09 14:52:14,0.86
N4,,2024/04/09 14:52:15,0.88
N4,,2024/04/09 14:52:16,0.89
N4,,2024/04/09 14:52:17,0.90
N4,,2024/04/09 14:52:17,0.87
N4,,2024/04/09 14:52:19,0.73
N4,,2024/04/09 14:52:52,0.84
N4,,2024/04/09 14:52:53,0.85
N4,,2024/04/09 14:52:54,0.87
N4,,2024/04/09 14:52:55,0.89
N4,,2024/04/09 14:52:56,0.89
N4,,2024/04/09 14:52:57,0.87
N4,,2024/04/09 14:52:59,0.84
N4,,2024/04/09 14:53:00,0.85
N4,,2024/04/09 14:53:01,0.86
N4,,2024/04/09 14:53:02,0.89
N4,,2024/04/09 14:53:04,0.85
N4,,2024/04/09 14:53:05,0.86
N4,,2024/04/09 14:53:06,0.87
N4,,2024/04/09 14:53:07,0.89
N4,,2024/04/09 14:53:08,0.89
N4,,2024/04/09 14:53:09,0.90
N4,,2024/04/09 14:53:10,0.80
N4,,2024/04/09 14:53:11,0.58
N4,,2024/04/09 14:53:11,0.49
N4,,2024/04/09 14:53:12,0.82
N4,,2024/04/09 14:53:12,0.74
N4,,2024/04/09 14:53:13,0.88
N4,,2024/04/09 14:53:14,0.92
N4,,2024/04/09 14:55:28,0.87
N4,,2024/04/09 14:55:29,0.90
N4,,2024/04/09 14:55:30,0.91
N4,,2024/04/09 14:55:31,0.92
N4,,2024/04/09 14:55:32,0.94
N4,,2024/04/09 14:55:33,0.94
N4,,2024/04/09 14:55:34,0.92
N4,,2024/04/09 14:55:35,0.94
N4,,2024/04/09 14:55:36,0.93
N4,,2024/04/09 14:55:37,0.92
N4,,2024/04/09 14:55:38,0.91
N4,,2024/04/09 14:55:39,0.92
N4,,2024/04/09 14:55:40,0.91
N4,,2024/04/09 14:55:41,0.93
N4,,2024/04/09 14:55:42,0.94
N4,,2024/04/09 14:55:43,0.92
N4,,2024/04/09 14:55:44,0.94
N4,,2024/04/09 14:55:45,0.94
N4,,2024/04/09 14:55:46,0.94
N4,,2024/04/09 14:55:47,0.92
N4,,2024/04/09 14:55:48,0.92
N4,,2024/04/09 14:55:49,0.92
N4,,2024/04/09 14:55:50,0.81
N4,,2024/04/09 14:57:51,0.87
N4,,2024/04/09 14:57:54,0.87
N4,,2024/04/09 14:58:31,0.84
N4,,2024/04/09 14:58:32,0.86
N4,,2024/04/09 14:58:33,0.91
N4,,2024/04/09 14:58:34,0.90
N4,,2024/04/09 14:58:35,0.90
N4,,2024/04/09 14:58:46,0.85
N4,,2024/04/09 14:58:47,0.83
N4,,2024/04/09 14:58:48,0.88
N4,,2024/04/09 14:58:49,0.88
N4,,2024/04/09 14:58:50,0.89
N4,,2024/04/09 14:58:51,0.86
N4,,2024/04/09 14:58:52,0.86
N4,,2024/04/09 14:58:53,0.83
N4,,2024/04/09 14:58:54,0.59
N4,,2024/04/09 14:58:54,0.52
N4,,2024/04/09 14:58:55,0.90
N4,,2024/04/09 15:01:15,0.91
N4,,2024/04/09 15:01:16,0.92
N4,,2024/04/09 15:01:18,0.85
N4,,2024/04/09 15:01:19,0.44
N4,,2024/04/09 15:01:25,0.86
N4,,2024/04/09 15:01:26,0.89
N4,,2024/04/09 15:01:27,0.89
N4,,2024/04/09 15:01:28,0.93
N4,,2024/04/09 15:01:29,0.92
N4,,2024/04/09 15:01:30,0.91
N4,,2024/04/09 15:01:31,0.87
N4,,2024/04/09 15:01:32,0.93
N4,,2024/04/09 15:01:33,0.92
N4,,2024/04/09 15:01:34,0.92
N4,,2024/04/09 15:01:34,0.91
N4,,2024/04/09 15:01:35,0.93
N4,,2024/04/09 15:01:36,0.92
N4,,2024/04/09 15:01:37,0.93
N4,,2024/04/09 15:01:38,0.91
N4,,2024/04/09 15:01:39,0.57
N4,,2024/04/09 15:01:39,0.39
N4,,2024/04/09 15:01:40,0.93
N4,,2024/04/09 15:01:41,0.92
N4,,2024/04/09 15:01:42,0.92
N4,,2024/04/09 15:01:43,0.94
N4,,2024/04/09 15:01:44,0.92
N4,,2024/04/09 15:01:45,0.94
N4,,2024/04/09 15:01:46,0.93
N4,,2024/04/09 15:01:47,0.92
N4,,2024/04/09 15:01:48,0.92
N4,,2024/04/09 15:01:49,0.92
N4,,2024/04/09 15:01:50,0.86
N4,,2024/04/09 15:01:51,0.70
N4,,2024/04/09 15:02:55,0.49
N4,,2024/04/09 15:02:56,0.84
N4,,2024/04/09 15:02:57,0.90
N4,,2024/04/09 15:02:59,0.91
N4,,2024/04/09 15:03:00,0.90
N4,,2024/04/09 15:03:01,0.93
N4,,2024/04/09 15:03:02,0.65
N4,,2024/04/09 15:03:05,0.94
N4,,2024/04/09 15:03:24,0.94
N4,,2024/04/09 15:03:25,0.93
N4,,2024/04/09 15:03:26,0.90
N4,,2024/04/09 15:03:27,0.89
N4,,2024/04/09 15:04:07,0.88
N4,,2024/04/09 15:04:08,0.88
N4,,2024/04/09 15:04:09,0.90
N4,,2024/04/09 15:04:10,0.89
N4,,2024/04/09 15:04:11,0.90
N4,,2024/04/09 15:04:11,0.86
N4,,2024/04/09 15:04:12,0.87
N4,,2024/04/09 15:04:13,0.84
N4,,2024/04/09 15:04:14,0.88
N4,,2024/04/09 15:04:15,0.88
N4,,2024/04/09 15:04:16,0.85
N4,,2024/04/09 15:04:23,0.90
N4,,2024/04/09 15:04:24,0.87
N4,,2024/04/09 15:04:25,0.88
N4,,2024/04/09 15:04:26,0.86
N4,,2024/04/09 15:04:27,0.85
N4,,2024/04/09 15:04:28,0.93
N4,,2024/04/09 15:04:29,0.88
N4,,2024/04/09 15:06:49,0.83
N4,,2024/04/09 15:06:50,0.92
N4,,2024/04/09 15:06:51,0.93
N4,,2024/04/09 15:06:52,0.92
N4,,2024/04/09 15:06:53,0.90
N4,,2024/04/09 15:06:54,0.90
N4,,2024/04/09 15:06:55,0.61
N4,,2024/04/09 15:07:18,0.55
N4,,2024/04/09 15:07:20,0.92
N4,,2024/04/09 15:07:21,0.92
N4,,2024/04/09 15:07:22,0.90
N4,,2024/04/09 15:07:23,0.88
N4,,2024/04/09 15:07:24,0.90
N4,,2024/04/09 15:07:25,0.90
N4,,2024/04/09 15:07:26,0.87
N4,,2024/04/09 15:07:27,0.90
N4,,2024/04/09 15:07:28,0.89
N4,,2024/04/09 15:07:29,0.88
N4,,2024/04/09 15:07:30,0.90
N4,,2024/04/09 15:07:31,0.88
N4,,2024/04/09 15:07:32,0.91
N4,,2024/04/09 15:07:33,0.90
N4,,2024/04/09 15:07:34,0.91
N4,,2024/04/09 15:07:35,0.92
N4,,2024/04/09 15:07:36,0.92
N4,,2024/04/09 15:07:37,0.94
N4,,2024/04/09 15:07:38,0.92
N4,,2024/04/09 15:07:39,0.92
N4,,2024/04/09 15:07:40,0.93
N4,,2024/04/09 15:07:41,0.90
N4,,2024/04/09 15:07:41,0.92
N4,,2024/04/09 15:07:42,0.94
N4,,2024/04/09 15:07:43,0.93
N4,,2024/04/09 15:07:44,0.93
N4,,2024/04/09 15:07:45,0.91
N4,,2024/04/09 15:07:46,0.94
N4,,2024/04/09 15:07:47,0.94
N4,,2024/04/09 15:07:48,0.92
N4,,2024/04/09 15:07:49,0.93
N4,,2024/04/09 15:07:50,0.92
N4,,2024/04/09 15:07:51,0.91
N4,,2024/04/09 15:07:52,0.55
N4,,2024/04/09 15:09:03,0.71
N4,,2024/04/09 15:09:06,0.93
N4,,2024/04/09 15:09:43,0.87
N4,,2024/04/09 15:09:44,0.86
N4,,2024/04/09 15:09:45,0.88
N4,,2024/04/09 15:09:46,0.90
N4,,2024/04/09 15:09:47,0.89
N4,,2024/04/09 15:09:49,0.89
N4,,2024/04/09 15:09:49,0.85
N4,,2024/04/09 15:09:50,0.84
N4,,2024/04/09 15:09:51,0.88
N4,,2024/04/09 15:09:52,0.89
N4,,2024/04/09 15:09:53,0.91
N4,,2024/04/09 15:09:54,0.89
N4,,2024/04/09 15:09:55,0.55
N4,,2024/04/09 15:09:55,0.38
N4,,2024/04/09 15:09:56,0.87
N4,,2024/04/09 15:09:57,0.84
N4,,2024/04/09 15:09:59,0.81
N4,,2024/04/09 15:10:00,0.78
N4,,2024/04/09 15:10:00,0.71
N4,,2024/04/09 15:10:01,0.87
N4,,2024/04/09 15:10:02,0.79
N4,,2024/04/09 15:10:03,0.87
N4,,2024/04/09 15:10:04,0.53
N4,,2024/04/09 15:10:05,0.91
N4,,2024/04/09 15:12:28,0.92
N4,,2024/04/09 15:12:29,0.91
N4,,2024/04/09 15:12:30,0.90
N4,,2024/04/09 15:12:31,0.90
N4,,2024/04/09 15:12:32,0.90
N4,,2024/04/09 15:12:33,0.87
N4,,2024/04/09 15:12:34,0.90
N4,,2024/04/09 15:12:35,0.94
N4,,2024/04/09 15:12:36,0.90
N4,,2024/04/09 15:12:37,0.65
N4,,2024/04/09 15:13:20,0.92
N4,,2024/04/09 15:13:21,0.71
N4,,2024/04/09 15:13:22,0.81
N4,,2024/04/09 15:13:23,0.89
N4,,2024/04/09 15:13:24,0.92
N4,,2024/04/09 15:13:25,0.90
N4,,2024/04/09 15:13:26,0.94
N4,,2024/04/09 15:13:27,0.94
N4,,2024/04/09 15:13:28,0.88
N4,,2024/04/09 15:13:29,0.88
N4,,2024/04/09 15:13:30,0.91
N4,,2024/04/09 15:13:31,0.92
N4,,2024/04/09 15:13:32,0.88
N4,,2024/04/09 15:13:33,0.89
N4,,2024/04/09 15:13:34,0.88
N4,,2024/04/09 15:13:35,0.89
N4,,2024/04/09 15:13:36,0.90
N4,,2024/04/09 15:13:37,0.94
N4,,2024/04/09 15:13:38,0.94
N4,,2024/04/09 15:13:39,0.93
N4,,2024/04/09 15:13:40,0.93
N4,,2024/04/09 15:13:41,0.92
N4,,2024/04/09 15:13:41,0.93
N4,,2024/04/09 15:13:42,0.93
N4,,2024/04/09 15:13:43,0.49
N4,,2024/04/09 15:13:43,0.42
N4,,2024/04/09 15:13:44,0.92
N4,,2024/04/09 15:13:45,0.92
N4,,2024/04/09 15:13:46,0.93
N4,,2024/04/09 15:13:47,0.94
N4,,2024/04/09 15:13:48,0.92
N4,,2024/04/09 15:13:49,0.93
N4,,2024/04/09 15:13:50,0.92
N4,,2024/04/09 15:13:51,0.91
N4,,2024/04/09 15:13:52,0.50
N4,,2024/04/09 15:14:55,0.71
N4,,2024/04/09 15:14:58,0.57
N4,,2024/04/09 15:15:47,0.88
N4,,2024/04/09 15:15:48,0.84
N4,,2024/04/09 15:15:49,0.85
N4,,2024/04/09 15:15:50,0.87
N4,,2024/04/09 15:15:51,0.82
N4,,2024/04/09 15:15:52,0.90
N4,,2024/04/09 15:15:53,0.76
N4,,2024/04/09 15:18:20,0.88
N4,,2024/04/09 15:18:21,0.91
N4,,2024/04/09 15:18:22,0.44
N4,,2024/04/09 15:18:23,0.91
N4,,2024/04/09 15:18:24,0.91
N4,,2024/04/09 15:18:25,0.89
N4,,2024/04/09 15:18:26,0.84
N4,,2024/04/09 15:19:22,0.66
N4,,2024/04/09 15:19:25,0.82
N4,,2024/04/09 15:19:26,0.89
N4,,2024/04/09 15:19:27,0.88
N4,,2024/04/09 15:19:28,0.89
N4,,2024/04/09 15:19:29,0.88
N4,,2024/04/09 15:19:30,0.90
N4,,2024/04/09 15:19:31,0.67
N4,,2024/04/09 15:19:32,0.91
N4,,2024/04/09 15:19:33,0.87
N4,,2024/04/09 15:19:34,0.92
N4,,2024/04/09 15:19:35,0.90
N4,,2024/04/09 15:19:36,0.93
N4,,2024/04/09 15:19:37,0.72
N4,,2024/04/09 15:19:38,0.92
N4,,2024/04/09 15:19:39,0.92
N4,,2024/04/09 15:19:40,0.94
N4,,2024/04/09 15:19:41,0.91
N4,,2024/04/09 15:19:42,0.92
N4,,2024/04/09 15:19:43,0.92
N4,,2024/04/09 15:19:44,0.94
N4,,2024/04/09 15:19:45,0.90
N4,,2024/04/09 15:19:46,0.92
N4,,2024/04/09 15:19:47,0.92
N4,,2024/04/09 15:19:48,0.94
N4,,2024/04/09 15:19:49,0.94
N4,,2024/04/09 15:19:50,0.94
N4,,2024/04/09 15:19:51,0.92
N4,,2024/04/09 15:19:52,0.92
N4,,2024/04/09 15:19:52,0.92
N4,,2024/04/09 15:19:53,0.92
N4,,2024/04/09 15:19:54,0.83
N4,,2024/04/09 15:21:02,0.66
N4,,2024/04/09 15:21:05,0.79
N4,,2024/04/09 15:21:44,0.87
N4,,2024/04/09 15:21:45,0.87
N4,,2024/04/09 15:21:46,0.90
N4,,2024/04/09 15:21:47,0.88
N4,,2024/04/09 15:21:48,0.87
N4,,2024/04/09 15:21:49,0.87
N4,,2024/04/09 15:21:50,0.86
N4,,2024/04/09 15:21:51,0.89
N4,,2024/04/09 15:21:52,0.86
N4,,2024/04/09 15:21:53,0.88
N4,,2024/04/09 15:21:54,0.86
N4,,2024/04/09 15:21:57,0.85
N4,,2024/04/09 15:21:58,0.87
N4,,2024/04/09 15:21:59,0.78
N4,,2024/04/09 15:22:00,0.79
N4,,2024/04/09 15:22:01,0.74
N4,,2024/04/09 15:22:02,0.82
N4,,2024/04/09 15:22:03,0.86
N4,,2024/04/09 15:22:04,0.91
N4,,2024/04/09 15:22:05,0.84
N4,,2024/04/09 15:22:06,0.79
N4,,2024/04/09 15:22:55,0.88
N4,,2024/04/09 15:22:56,0.58
N4,,2024/04/09 15:24:19,0.83
N4,,2024/04/09 15:24:20,0.74
N4,,2024/04/09 15:24:25,0.87
N4,,2024/04/09 15:24:29,0.70
N4,,2024/04/09 15:26:33,0.56
N4,,2024/04/09 15:26:34,0.60
N4,,2024/04/09 15:26:35,0.92
N4,,2024/04/09 15:26:38,0.87
N4,,2024/04/09 15:26:46,0.84
N4,,2024/04/09 15:27:40,0.89
N4,,2024/04/09 15:27:41,0.86
N4,,2024/04/09 15:27:42,0.86
N4,,2024/04/09 15:27:43,0.88
N4,,2024/04/09 15:27:44,0.89
N4,,2024/04/09 15:27:45,0.89
N4,,2024/04/09 15:27:45,0.90
N4,,2024/04/09 15:30:07,0.91
N4,,2024/04/09 15:30:08,0.92
N4,,2024/04/09 15:30:09,0.89
N4,,2024/04/09 15:30:10,0.86
N4,,2024/04/09 15:30:11,0.81
N4,,2024/04/09 15:30:12,0.93
N4,,2024/04/09 15:30:13,0.93
N4,,2024/04/09 15:30:14,0.93
N4,,2024/04/09 15:30:15,0.93
N4,,2024/04/09 15:30:16,0.91
N4,,2024/04/09 15:30:17,0.93
N4,,2024/04/09 15:30:18,0.92
N4,,2024/04/09 15:30:19,0.93
N4,,2024/04/09 15:30:20,0.93
N4,,2024/04/09 15:30:21,0.92
N4,,2024/04/09 15:30:22,0.92
N4,,2024/04/09 15:30:23,0.93
N4,,2024/04/09 15:30:24,0.92
N4,,2024/04/09 15:30:25,0.93
N4,,2024/04/09 15:30:26,0.91
N4,,2024/04/09 15:30:27,0.92
N4,,2024/04/09 15:30:28,0.91
N4,,2024/04/09 15:30:29,0.91
N4,,2024/04/09 15:30:30,0.73
N4,,2024/04/09 15:32:20,0.88
N4,,2024/04/09 15:32:23,0.88
N4,,2024/04/09 15:32:56,0.86
N4,,2024/04/09 15:32:57,0.90
N4,,2024/04/09 15:32:58,0.89
N4,,2024/04/09 15:32:59,0.89
N4,,2024/04/09 15:33:00,0.87
N4,,2024/04/09 15:33:01,0.86
N4,,2024/04/09 15:33:02,0.86
N4,,2024/04/09 15:33:03,0.88
N4,,2024/04/09 15:33:04,0.87
N4,,2024/04/09 15:33:05,0.86
N4,,2024/04/09 15:33:05,0.89
N4,,2024/04/09 15:33:06,0.88
N4,,2024/04/09 15:33:07,0.84
N4,,2024/04/09 15:33:08,0.88
N4,,2024/04/09 15:33:09,0.87
N4,,2024/04/09 15:33:10,0.54
N4,,2024/04/09 15:33:11,0.88
N4,,2024/04/09 15:33:12,0.87
N4,,2024/04/09 15:33:13,0.87
N4,,2024/04/09 15:33:14,0.89
N4,,2024/04/09 15:33:15,0.88
N4,,2024/04/09 15:33:16,0.95
N4,,2024/04/09 15:35:33,0.83
N4,,2024/04/09 15:35:34,0.92
N4,,2024/04/09 15:35:34,0.89
N4,,2024/04/09 15:35:35,0.91
N4,,2024/04/09 15:35:36,0.92
N4,,2024/04/09 15:35:37,0.91
N4,,2024/04/09 15:35:38,0.92
N4,,2024/04/09 15:35:39,0.85
N4,,2024/04/09 15:36:11,0.85
N4,,2024/04/09 15:36:12,0.81
N4,,2024/04/09 15:36:13,0.93
N4,,2024/04/09 15:36:14,0.64
N4,,2024/04/09 15:36:15,0.92
N4,,2024/04/09 15:36:16,0.90
N4,,2024/04/09 15:36:17,0.91
N4,,2024/04/09 15:36:18,0.92
N4,,2024/04/09 15:36:19,0.92
N4,,2024/04/09 15:36:20,0.93
N4,,2024/04/09 15:36:21,0.92
N4,,2024/04/09 15:36:22,0.93
N4,,2024/04/09 15:36:23,0.93
N4,,2024/04/09 15:36:24,0.74
N4,,2024/04/09 15:36:25,0.93
N4,,2024/04/09 15:36:26,0.92
N4,,2024/04/09 15:36:27,0.93
N4,,2024/04/09 15:36:28,0.93
N4,,2024/04/09 15:36:29,0.91
N4,,2024/04/09 15:36:30,0.93
N4,,2024/04/09 15:36:31,0.92
N4,,2024/04/09 15:36:32,0.92
N4,,2024/04/09 15:36:33,0.90
N4,,2024/04/09 15:36:34,0.80
N4,,2024/04/09 15:37:54,0.89
N4,,2024/04/09 15:37:55,0.85
N4,,2024/04/09 15:37:56,0.82
N4,,2024/04/09 15:37:57,0.83
N4,,2024/04/09 15:38:30,0.88
N4,,2024/04/09 15:38:31,0.87
N4,,2024/04/09 15:38:32,0.88
N4,,2024/04/09 15:38:33,0.90
N4,,2024/04/09 15:38:34,0.89
N4,,2024/04/09 15:38:35,0.86
N4,,2024/04/09 15:38:36,0.87
N4,,2024/04/09 15:38:37,0.87
N4,,2024/04/09 15:38:38,0.88
N4,,2024/04/09 15:38:39,0.89
N4,,2024/04/09 15:38:40,0.87
N4,,2024/04/09 15:38:41,0.87
N4,,2024/04/09 15:38:42,0.87
N4,,2024/04/09 15:38:43,0.88
N4,,2024/04/09 15:38:46,0.89
N4,,2024/04/09 15:38:47,0.85
N4,,2024/04/09 15:38:48,0.87
N4,,2024/04/09 15:38:49,0.87
N4,,2024/04/09 15:38:50,0.87
N4,,2024/04/09 15:38:51,0.88
N4,,2024/04/09 15:38:52,0.90
N4,,2024/04/09 15:41:09,0.85
N4,,2024/04/09 15:41:10,0.89
N4,,2024/04/09 15:41:11,0.90
N4,,2024/04/09 15:41:12,0.90
N4,,2024/04/09 15:41:13,0.91
N4,,2024/04/09 15:41:14,0.91
N4,,2024/04/09 15:41:15,0.91
N4,,2024/04/09 15:41:17,0.48
N4,,2024/04/09 15:41:28,0.91
N4,,2024/04/09 15:41:56,0.70
N4,,2024/04/09 15:41:59,0.61
N4,,2024/04/09 15:42:00,0.86
N4,,2024/04/09 15:42:03,0.89
N4,,2024/04/09 15:42:04,0.92
N4,,2024/04/09 15:42:05,0.88
N4,,2024/04/09 15:42:06,0.90
N4,,2024/04/09 15:42:07,0.92
N4,,2024/04/09 15:42:08,0.93
N4,,2024/04/09 15:42:09,0.81
N4,,2024/04/09 15:42:10,0.92
N4,,2024/04/09 15:42:11,0.91
N4,,2024/04/09 15:42:12,0.91
N4,,2024/04/09 15:42:12,0.92
N4,,2024/04/09 15:42:13,0.92
N4,,2024/04/09 15:42:14,0.92
N4,,2024/04/09 15:42:15,0.91
N4,,2024/04/09 15:42:16,0.93
N4,,2024/04/09 15:42:17,0.92
N4,,2024/04/09 15:42:18,0.90
N4,,2024/04/09 15:42:19,0.93
N4,,2024/04/09 15:42:20,0.92
N4,,2024/04/09 15:42:21,0.92
N4,,2024/04/09 15:42:22,0.94
N4,,2024/04/09 15:42:23,0.93
N4,,2024/04/09 15:42:24,0.93
N4,,2024/04/09 15:42:25,0.92
N4,,2024/04/09 15:42:26,0.89
N4,,2024/04/09 15:42:27,0.93
N4,,2024/04/09 15:42:28,0.94
N4,,2024/04/09 15:42:29,0.93
N4,,2024/04/09 15:42:30,0.92
N4,,2024/04/09 15:42:31,0.91
N4,,2024/04/09 15:42:32,0.91
N4,,2024/04/09 15:42:33,0.70
N4,,2024/04/09 15:43:38,0.84
N4,,2024/04/09 15:43:39,0.78
N4,,2024/04/09 15:43:40,0.89
N4,,2024/04/09 15:43:42,0.48
N4,,2024/04/09 15:44:15,0.89
N4,,2024/04/09 15:44:18,0.90
N4,,2024/04/09 15:44:30,0.89
N4,,2024/04/09 15:44:31,0.87
N4,,2024/04/09 15:44:32,0.83
N4,,2024/04/09 15:44:33,0.81
N4,,2024/04/09 15:44:34,0.76
N4,,2024/04/09 15:44:35,0.84
N4,,2024/04/09 15:44:36,0.94
N4,,2024/04/09 15:47:21,0.90
N4,,2024/04/09 15:47:22,0.91
N4,,2024/04/09 15:47:23,0.88
N4,,2024/04/09 15:47:24,0.89
N4,,2024/04/09 15:47:25,0.91
N4,,2024/04/09 15:47:27,0.60
N4,,2024/04/09 15:48:09,0.63
N4,,2024/04/09 15:48:10,0.67
N4,,2024/04/09 15:48:11,0.56
N4,,2024/04/09 15:48:13,0.89
N4,,2024/04/09 15:48:14,0.88
N4,,2024/04/09 15:48:15,0.92
N4,,2024/04/09 15:48:16,0.92
N4,,2024/04/09 15:48:17,0.76
N4,,2024/04/09 15:48:18,0.83
N4,,2024/04/09 15:48:19,0.76
N4,,2024/04/09 15:48:19,0.92
N4,,2024/04/09 15:48:20,0.91
N4,,2024/04/09 15:48:21,0.48
N4,,2024/04/09 15:48:22,0.92
N4,,2024/04/09 15:48:23,0.85
N4,,2024/04/09 15:48:24,0.93
N4,,2024/04/09 15:48:25,0.92
N4,,2024/04/09 15:48:26,0.93
N4,,2024/04/09 15:48:27,0.93
N4,,2024/04/09 15:48:28,0.90
N4,,2024/04/09 15:48:29,0.93
N4,,2024/04/09 15:48:30,0.94
N4,,2024/04/09 15:48:31,0.92
N4,,2024/04/09 15:48:32,0.92
N4,,2024/04/09 15:48:33,0.91
N4,,2024/04/09 15:48:34,0.91
N4,,2024/04/09 15:48:35,0.77
N4,,2024/04/09 15:49:35,0.42
N4,,2024/04/09 15:49:38,0.85
N4,,2024/04/09 15:50:11,0.89
N4,,2024/04/09 15:50:12,0.85
N4,,2024/04/09 15:50:13,0.88
N4,,2024/04/09 15:50:14,0.89
N4,,2024/04/09 15:50:15,0.90
N4,,2024/04/09 15:50:16,0.89
N4,,2024/04/09 15:50:17,0.88
N4,,2024/04/09 15:50:18,0.86
N4,,2024/04/09 15:50:19,0.88
N4,,2024/04/09 15:50:20,0.87
N4,,2024/04/09 15:50:23,0.89
N4,,2024/04/09 15:50:24,0.89
N4,,2024/04/09 15:50:25,0.89
N4,,2024/04/09 15:50:26,0.85
N4,,2024/04/09 15:50:27,0.89
N4,,2024/04/09 15:50:28,0.87
N4,,2024/04/09 15:50:29,0.89
N4,,2024/04/09 15:50:30,0.81
N4,,2024/04/09 15:50:31,0.80
N4,,2024/04/09 15:50:31,0.92
N4,,2024/04/09 15:50:32,0.87
N4,,2024/04/09 15:53:13,0.88
N4,,2024/04/09 15:53:14,0.91
N4,,2024/04/09 15:53:15,0.49
N4,,2024/04/09 15:53:16,0.89
N4,,2024/04/09 15:53:17,0.90
N4,,2024/04/09 15:53:18,0.75
N4,,2024/04/09 15:54:07,0.73
N4,,2024/04/09 15:54:09,0.89
N4,,2024/04/09 15:54:10,0.84
N4,,2024/04/09 15:54:11,0.77
N4,,2024/04/09 15:54:12,0.85
N4,,2024/04/09 15:54:13,0.84
N4,,2024/04/09 15:54:14,0.90
N4,,2024/04/09 15:54:14,0.92
N4,,2024/04/09 15:54:15,0.93
N4,,2024/04/09 15:54:16,0.88
N4,,2024/04/09 15:54:17,0.90
N4,,2024/04/09 15:54:18,0.91
N4,,2024/04/09 15:54:19,0.92
N4,,2024/04/09 15:54:20,0.93
N4,,2024/04/09 15:54:21,0.91
N4,,2024/04/09 15:54:22,0.93
N4,,2024/04/09 15:54:23,0.91
N4,,2024/04/09 15:54:24,0.93
N4,,2024/04/09 15:54:25,0.94
N4,,2024/04/09 15:54:26,0.93
N4,,2024/04/09 15:54:27,0.89
N4,,2024/04/09 15:54:28,0.93
N4,,2024/04/09 15:54:29,0.93
N4,,2024/04/09 15:54:30,0.94
N4,,2024/04/09 15:54:31,0.93
N4,,2024/04/09 15:54:32,0.93
N4,,2024/04/09 15:54:33,0.92
N4,,2024/04/09 15:54:34,0.92
N4,,2024/04/09 15:54:35,0.91
N4,,2024/04/09 15:54:36,0.79
N4,,2024/04/09 15:55:45,0.87
N4,,2024/04/09 15:55:46,0.85
N4,,2024/04/09 15:55:49,0.85
N4,,2024/04/09 15:56:26,0.89
N4,,2024/04/09 15:56:27,0.89
N4,,2024/04/09 15:56:38,0.86
N4,,2024/04/09 15:56:39,0.85
N4,,2024/04/09 15:56:40,0.86
N4,,2024/04/09 15:56:41,0.86
N4,,2024/04/09 15:56:42,0.90
N4,,2024/04/09 15:56:43,0.89
N4,,2024/04/09 15:56:44,0.86
N4,,2024/04/09 15:56:45,0.89
N4,,2024/04/09 15:56:46,0.82
N4,,2024/04/09 15:56:47,0.86
N4,,2024/04/09 15:59:16,0.89
N4,,2024/04/09 15:59:17,0.86
N4,,2024/04/09 15:59:18,0.90
N4,,2024/04/09 15:59:19,0.90
N4,,2024/04/09 15:59:20,0.89
N4,,2024/04/09 15:59:21,0.91
N4,,2024/04/09 15:59:22,0.84
N4,,2024/04/09 15:59:23,0.91
N4,,2024/04/09 16:00:19,0.84
N4,,2024/04/09 16:00:20,0.92
N4,,2024/04/09 16:00:21,0.89
N4,,2024/04/09 16:00:22,0.70
N4,,2024/04/09 16:00:23,0.93
N4,,2024/04/09 16:00:24,0.93
N4,,2024/04/09 16:00:25,0.93
N4,,2024/04/09 16:00:26,0.92
N4,,2024/04/09 16:00:27,0.94
N4,,2024/04/09 16:00:28,0.91
N4,,2024/04/09 16:00:29,0.92
N4,,2024/04/09 16:00:30,0.93
N4,,2024/04/09 16:00:31,0.94
N4,,2024/04/09 16:00:32,0.94
N4,,2024/04/09 16:00:33,0.92
N4,,2024/04/09 16:00:34,0.91
N4,,2024/04/09 16:00:35,0.94
N4,,2024/04/09 16:00:35,0.93
N4,,2024/04/09 16:00:36,0.90
N4,,2024/04/09 16:00:37,0.91
N4,,2024/04/09 16:00:38,0.84
N4,,2024/04/09 16:01:27,0.86
N4,,2024/04/09 16:01:28,0.64
N4,,2024/04/09 16:01:30,0.88
N4,,2024/04/09 16:01:31,0.73
N4,,2024/04/09 16:01:32,0.84
N4,,2024/04/09 16:02:12,0.88
N4,,2024/04/09 16:02:13,0.90
N4,,2024/04/09 16:02:14,0.88
N4,,2024/04/09 16:02:15,0.85
N4,,2024/04/09 16:02:16,0.88
N4,,2024/04/09 16:02:17,0.90
N4,,2024/04/09 16:02:18,0.90
N4,,2024/04/09 16:02:19,0.88
N4,,2024/04/09 16:02:20,0.88
N4,,2024/04/09 16:02:21,0.88
N4,,2024/04/09 16:02:23,0.85
N4,,2024/04/09 16:02:28,0.87
N4,,2024/04/09 16:02:29,0.88
N4,,2024/04/09 16:02:30,0.89
N4,,2024/04/09 16:02:31,0.43
N4,,2024/04/09 16:02:32,0.87
N4,,2024/04/09 16:02:33,0.86
N4,,2024/04/09 16:02:34,0.94
N4,,2024/04/09 16:04:46,0.85
N4,,2024/04/09 16:04:47,0.92
N4,,2024/04/09 16:04:48,0.88
N4,,2024/04/09 16:04:49,0.90
N4,,2024/04/09 16:04:50,0.91
N4,,2024/04/09 16:04:51,0.92
N4,,2024/04/09 16:04:52,0.86
N4,,2024/04/09 16:06:19,0.87
N4,,2024/04/09 16:06:20,0.86
N4,,2024/04/09 16:06:21,0.88
N4,,2024/04/09 16:06:22,0.92
N4,,2024/04/09 16:06:23,0.44
N4,,2024/04/09 16:06:23,0.43
N4,,2024/04/09 16:06:24,0.93
N4,,2024/04/09 16:06:25,0.92
N4,,2024/04/09 16:06:26,0.93
N4,,2024/04/09 16:06:27,0.93
N4,,2024/04/09 16:06:28,0.93
N4,,2024/04/09 16:06:29,0.92
N4,,2024/04/09 16:06:30,0.93
N4,,2024/04/09 16:06:31,0.92
N4,,2024/04/09 16:06:32,0.94
N4,,2024/04/09 16:06:33,0.93
N4,,2024/04/09 16:06:34,0.92
N4,,2024/04/09 16:06:35,0.95
N4,,2024/04/09 16:06:36,0.94
N4,,2024/04/09 16:06:36,0.93
N4,,2024/04/09 16:06:37,0.93
N4,,2024/04/09 16:06:37,0.38
N4,,2024/04/09 16:06:38,0.91
N4,,2024/04/09 16:06:39,0.92
N4,,2024/04/09 16:06:40,0.90
N4,,2024/04/09 16:06:40,0.52
N4,,2024/04/09 16:06:41,0.92
N4,,2024/04/09 16:06:41,0.84
N4,,2024/04/09 16:06:42,0.92
N4,,2024/04/09 16:06:42,0.58
N4,,2024/04/09 16:06:43,0.91
N4,,2024/04/09 16:06:44,0.93
N4,,2024/04/09 16:06:45,0.91
N4,,2024/04/09 16:06:47,0.88
N4,,2024/04/09 16:06:49,0.88
N4,,2024/04/09 16:07:09,0.44
N4,,2024/04/09 16:07:12,0.72
N4,,2024/04/09 16:07:58,0.46
N4,,2024/04/09 16:11:40,0.76
N4,,2024/04/09 16:11:54,0.76
N4,,2024/04/09 16:14:53,0.53
N4,,2024/04/09 16:15:12,0.91
N4,,2024/04/09 16:15:13,0.90
N4,,2024/04/09 16:15:18,0.89
N4,,2024/04/09 16:15:19,0.89
N4,,2024/04/09 16:15:21,0.88
N4,,2024/04/09 16:15:22,0.90
N4,,2024/04/09 16:15:23,0.89
N4,,2024/04/09 16:15:24,0.90
N4,,2024/04/09 16:15:28,0.91
N4,,2024/04/09 16:15:38,0.91
N4,,2024/04/09 16:15:39,0.91
N4,,2024/04/09 16:15:40,0.91
N4,,2024/04/09 16:15:41,0.88
N4,,2024/04/09 16:15:42,0.88
N4,,2024/04/09 16:15:43,0.90
N4,,2024/04/09 16:15:44,0.89
N4,,2024/04/09 16:15:45,0.91
N4,,2024/04/09 16:15:46,0.91
N4,,2024/04/09 16:15:47,0.90
N4,,2024/04/09 16:18:09,0.88
N4,,2024/04/09 16:18:10,0.92
N4,,2024/04/09 16:18:11,0.91
N4,,2024/04/09 16:18:12,0.93
N4,,2024/04/09 16:18:13,0.91
N4,,2024/04/09 16:18:14,0.92
N4,,2024/04/09 16:18:15,0.90
N4,,2024/04/09 16:18:16,0.92
N4,,2024/04/09 16:18:17,0.92
N4,,2024/04/09 16:18:18,0.91
N4,,2024/04/09 16:18:19,0.90
N4,,2024/04/09 16:18:20,0.92
N4,,2024/04/09 16:18:21,0.94
N4,,2024/04/09 16:18:22,0.95
N4,,2024/04/09 16:18:23,0.93
N4,,2024/04/09 16:18:24,0.89
N4,,2024/04/09 16:18:25,0.88
N4,,2024/04/09 16:20:35,0.81
N4,,2024/04/09 16:20:37,0.90
N4,,2024/04/09 16:20:38,0.82
N4,,2024/04/09 16:21:09,0.91
N4,,2024/04/09 16:21:10,0.90
N4,,2024/04/09 16:21:14,0.88
N4,,2024/04/09 16:21:20,0.92
N4,,2024/04/09 16:21:21,0.89
N4,,2024/04/09 16:21:22,0.88
N4,,2024/04/09 16:21:23,0.82
N4,,2024/04/09 16:21:24,0.85
N4,,2024/04/09 16:21:25,0.85
N4,,2024/04/09 16:21:26,0.89
N4,,2024/04/09 16:21:27,0.88
N4,,2024/04/09 16:21:28,0.90
N4,,2024/04/09 16:21:29,0.92
N4,,2024/04/09 16:23:34,0.39
N4,,2024/04/09 16:23:35,0.93
N4,,2024/04/09 16:23:36,0.91
N4,,2024/04/09 16:23:37,0.93
N4,,2024/04/09 16:23:38,0.92
N4,,2024/04/09 16:23:39,0.93
N4,,2024/04/09 16:23:40,0.93
N4,,2024/04/09 16:23:41,0.91
N4,,2024/04/09 16:23:42,0.92
N4,,2024/04/09 16:23:43,0.91
N4,,2024/04/09 16:23:44,0.72
N4,,2024/04/09 16:23:45,0.92
N4,,2024/04/09 16:23:46,0.91
N4,,2024/04/09 16:23:47,0.90
N4,,2024/04/09 16:23:48,0.90
N4,,2024/04/09 16:23:49,0.90
N4,,2024/04/09 16:23:49,0.90
N4,,2024/04/09 16:23:50,0.90
N4,,2024/04/09 16:23:51,0.89
N4,,2024/04/09 16:23:52,0.89
N4,,2024/04/09 16:23:53,0.89
N4,,2024/04/09 16:23:54,0.91
N4,,2024/04/09 16:23:55,0.91
N4,,2024/04/09 16:23:56,0.91
N4,,2024/04/09 16:23:57,0.91
N4,,2024/04/09 16:23:58,0.92
N4,,2024/04/09 16:23:59,0.90
N4,,2024/04/09 16:24:00,0.90
N4,,2024/04/09 16:24:01,0.90
N4,,2024/04/09 16:24:02,0.90
N4,,2024/04/09 16:24:03,0.91
N4,,2024/04/09 16:24:04,0.91
N4,,2024/04/09 16:24:05,0.93
N4,,2024/04/09 16:24:06,0.92
N4,,2024/04/09 16:24:07,0.93
N4,,2024/04/09 16:24:08,0.94
N4,,2024/04/09 16:24:09,0.92
N4,,2024/04/09 16:24:10,0.92
N4,,2024/04/09 16:24:11,0.91
N4,,2024/04/09 16:24:12,0.92
N4,,2024/04/09 16:24:13,0.92
N4,,2024/04/09 16:24:14,0.92
N4,,2024/04/09 16:24:15,0.91
N4,,2024/04/09 16:24:16,0.95
N4,,2024/04/09 16:24:17,0.95
N4,,2024/04/09 16:24:18,0.95
N4,,2024/04/09 16:24:19,0.94
N4,,2024/04/09 16:24:20,0.90
N4,,2024/04/09 16:24:21,0.83
N4,,2024/04/09 16:24:22,0.44
N4,,2024/04/09 16:26:20,0.88
N4,,2024/04/09 16:26:21,0.85
N4,,2024/04/09 16:26:55,0.91
N4,,2024/04/09 16:26:59,0.88
N4,,2024/04/09 16:27:04,0.94
N4,,2024/04/09 16:27:05,0.90
N4,,2024/04/09 16:27:06,0.91
N4,,2024/04/09 16:27:07,0.87
N4,,2024/04/09 16:27:08,0.87
N4,,2024/04/09 16:27:09,0.90
N4,,2024/04/09 16:27:10,0.91
N4,,2024/04/09 16:27:11,0.88
N4,,2024/04/09 16:27:12,0.93
N4,,2024/04/09 16:27:13,0.94
N4,,2024/04/09 16:29:23,0.94
N4,,2024/04/09 16:29:24,0.91
N4,,2024/04/09 16:29:25,0.92
N4,,2024/04/09 16:29:26,0.92
N4,,2024/04/09 16:29:27,0.93
N4,,2024/04/09 16:29:28,0.93
N4,,2024/04/09 16:29:29,0.93
N4,,2024/04/09 16:29:29,0.93
N4,,2024/04/09 16:29:30,0.92
N4,,2024/04/09 16:29:31,0.91
N4,,2024/04/09 16:29:32,0.91
N4,,2024/04/09 16:29:33,0.91
N4,,2024/04/09 16:29:34,0.91
N4,,2024/04/09 16:29:35,0.91
N4,,2024/04/09 16:29:36,0.91
N4,,2024/04/09 16:29:37,0.92
N4,,2024/04/09 16:29:38,0.91
N4,,2024/04/09 16:29:39,0.91
N4,,2024/04/09 16:29:40,0.91
N4,,2024/04/09 16:29:41,0.91
N4,,2024/04/09 16:29:42,0.91
N4,,2024/04/09 16:29:43,0.91
N4,,2024/04/09 16:29:44,0.91
N4,,2024/04/09 16:29:45,0.91
N4,,2024/04/09 16:29:46,0.91
N4,,2024/04/09 16:29:47,0.91
N4,,2024/04/09 16:29:48,0.90
N4,,2024/04/09 16:29:49,0.91
N4,,2024/04/09 16:29:50,0.91
N4,,2024/04/09 16:29:51,0.91
N4,,2024/04/09 16:29:52,0.92
N4,,2024/04/09 16:29:53,0.91
N4,,2024/04/09 16:29:54,0.91
N4,,2024/04/09 16:29:55,0.91
N4,,2024/04/09 16:29:56,0.90
N4,,2024/04/09 16:29:57,0.92
N4,,2024/04/09 16:29:58,0.91
N4,,2024/04/09 16:29:59,0.92
N4,,2024/04/09 16:30:00,0.91
N4,,2024/04/09 16:30:00,0.92
N4,,2024/04/09 16:30:01,0.92
N4,,2024/04/09 16:30:02,0.91
N4,,2024/04/09 16:30:03,0.91
N4,,2024/04/09 16:30:04,0.91
N4,,2024/04/09 16:30:05,0.92
N4,,2024/04/09 16:30:06,0.92
N4,,2024/04/09 16:30:07,0.92
N4,,2024/04/09 16:30:08,0.92
N4,,2024/04/09 16:30:09,0.93
N4,,2024/04/09 16:30:10,0.91
N4,,2024/04/09 16:30:11,0.92
N4,,2024/04/09 16:30:12,0.92
N4,,2024/04/09 16:30:13,0.92
N4,,2024/04/09 16:30:14,0.91
N4,,2024/04/09 16:30:15,0.93
N4,,2024/04/09 16:30:16,0.93
N4,,2024/04/09 16:30:17,0.94
N4,,2024/04/09 16:30:18,0.94
N4,,2024/04/09 16:30:19,0.90
N4,,2024/04/09 16:30:20,0.90
N4,,2024/04/09 16:31:51,0.44
N4,,2024/04/09 16:31:52,0.91
N4,,2024/04/09 16:31:53,0.74
N4,,2024/04/09 16:33:49,0.78
N4,,2024/04/09 16:33:50,0.79
N4,,2024/04/09 16:34:04,0.90
N4,,2024/04/09 16:34:12,0.85
N4,,2024/04/09 16:34:13,0.88
N4,,2024/04/09 16:34:16,0.90
N4,,2024/04/09 16:34:18,0.81
N4,,2024/04/09 16:34:19,0.71
N4,,2024/04/09 16:34:20,0.90
N4,,2024/04/09 16:34:21,0.91
N4,,2024/04/09 16:34:22,0.93
N4,,2024/04/09 16:34:23,0.93
N4,,2024/04/09 16:34:24,0.90
N4,,2024/04/09 16:34:25,0.71
N4,,2024/04/09 16:34:26,0.92
N4,,2024/04/09 16:34:26,0.92
N4,,2024/04/09 16:34:27,0.92
N4,,2024/04/09 16:34:27,0.90
N4,,2024/04/09 16:34:28,0.92
N4,,2024/04/09 16:34:29,0.92
N4,,2024/04/09 16:34:30,0.92
N4,,2024/04/09 16:34:31,0.92
N4,,2024/04/09 16:34:32,0.91
N4,,2024/04/09 16:34:33,0.91
N4,,2024/04/09 16:34:34,0.90
N4,,2024/04/09 16:34:35,0.91
N4,,2024/04/09 16:34:36,0.88
N4,,2024/04/09 16:34:37,0.90
N4,,2024/04/09 16:34:38,0.90
N4,,2024/04/09 16:34:39,0.84
N4,,2024/04/09 16:34:40,0.92
N4,,2024/04/09 16:34:40,0.90
N4,,2024/04/09 16:34:41,0.92
N4,,2024/04/09 16:34:42,0.92
N4,,2024/04/09 16:34:42,0.90
N4,,2024/04/09 16:34:43,0.93
N4,,2024/04/09 16:34:43,0.92
N4,,2024/04/09 16:34:44,0.93
N4,,2024/04/09 16:34:45,0.91
N4,,2024/04/09 16:34:46,0.92
N4,,2024/04/09 16:34:46,0.89
N4,,2024/04/09 16:34:47,0.93
N4,,2024/04/09 16:34:48,0.93
N4,,2024/04/09 16:34:49,0.93
N4,,2024/04/09 16:34:50,0.88
N4,,2024/04/09 16:34:51,0.90
N4,,2024/04/09 16:34:52,0.91
N4,,2024/04/09 16:34:53,0.92
N4,,2024/04/09 16:34:53,0.78
N4,,2024/04/09 16:34:54,0.69
N4,,2024/04/09 16:34:55,0.93
N4,,2024/04/09 16:34:55,0.79
N4,,2024/04/09 16:34:56,0.80
N4,,2024/04/09 16:34:56,0.74
N4,,2024/04/09 16:34:57,0.90
N4,,2024/04/09 16:34:57,0.83
N4,,2024/04/09 16:34:58,0.91
N4,,2024/04/09 16:34:58,0.82
N4,,2024/04/09 16:34:59,0.92
N4,,2024/04/09 16:34:59,0.81
N4,,2024/04/09 16:35:00,0.91
N4,,2024/04/09 16:35:00,0.80
N4,,2024/04/09 16:35:00,0.92
N4,,2024/04/09 16:35:00,0.82
N4,,2024/04/09 16:35:01,0.90
N4,,2024/04/09 16:35:01,0.79
N4,,2024/04/09 16:35:02,0.89
N4,,2024/04/09 16:35:02,0.86
N4,,2024/04/09 16:35:03,0.90
N4,,2024/04/09 16:35:03,0.84
N4,,2024/04/09 16:35:04,0.91
N4,,2024/04/09 16:35:04,0.42
N4,,2024/04/09 16:35:05,0.94
N4,,2024/04/09 16:35:05,0.67
N4,,2024/04/09 16:35:06,0.91
N4,,2024/04/09 16:35:06,0.82
N4,,2024/04/09 16:35:07,0.95
N4,,2024/04/09 16:35:07,0.91
N4,,2024/04/09 16:35:08,0.94
N4,,2024/04/09 16:37:21,0.78
N4,,2024/04/09 16:37:22,0.94
N4,,2024/04/09 16:37:23,0.94
N4,,2024/04/09 16:37:23,0.91
N4,,2024/04/09 16:37:24,0.90
N4,,2024/04/09 16:37:24,0.82
N4,,2024/04/09 16:37:25,0.93
N4,,2024/04/09 16:37:25,0.89
N4,,2024/04/09 16:37:26,0.77
N4,,2024/04/09 16:37:26,0.59
N4,,2024/04/09 16:37:27,0.92
N4,,2024/04/09 16:37:27,0.90
N4,,2024/04/09 16:37:28,0.94
N4,,2024/04/09 16:37:28,0.91
N4,,2024/04/09 16:37:29,0.93
N4,,2024/04/09 16:37:29,0.88
N4,,2024/04/09 16:37:30,0.90
N4,,2024/04/09 16:37:30,0.86
N4,,2024/04/09 16:37:31,0.93
N4,,2024/04/09 16:37:31,0.88
N4,,2024/04/09 16:37:32,0.94
N4,,2024/04/09 16:37:32,0.89
N4,,2024/04/09 16:37:33,0.95
N4,,2024/04/09 16:37:33,0.87
N4,,2024/04/09 16:37:34,0.91
N4,,2024/04/09 16:37:35,0.92
N4,,2024/04/09 16:37:36,0.91
N4,,2024/04/09 16:37:36,0.55
N4,,2024/04/09 16:37:37,0.90
N4,,2024/04/09 16:37:37,0.86
N4,,2024/04/09 16:37:38,0.93
N4,,2024/04/09 16:37:38,0.89
N4,,2024/04/09 16:37:39,0.89
N4,,2024/04/09 16:37:40,0.86
N4,,2024/04/09 16:37:41,0.80
N4,,2024/04/09 16:39:59,0.52
N4,,2024/04/09 16:40:00,0.74
N4,,2024/04/09 16:40:10,0.73
N4,,2024/04/09 16:40:11,0.63
N4,,2024/04/09 16:40:12,0.84
N4,,2024/04/09 16:40:13,0.90
N4,,2024/04/09 16:40:13,0.78
N4,,2024/04/09 16:40:14,0.90
N4,,2024/04/09 16:40:14,0.77
N4,,2024/04/09 16:40:15,0.70
N4,,2024/04/09 16:40:16,0.74
N4,,2024/04/09 16:40:17,0.91
N4,,2024/04/09 16:40:17,0.72
N4,,2024/04/09 16:40:18,0.91
N4,,2024/04/09 16:40:18,0.56
N4,,2024/04/09 16:40:19,0.89
N4,,2024/04/09 16:40:19,0.75
N4,,2024/04/09 16:40:20,0.90
N4,,2024/04/09 16:40:20,0.72
N4,,2024/04/09 16:40:21,0.90
N4,,2024/04/09 16:40:21,0.72
N4,,2024/04/09 16:40:22,0.90
N4,,2024/04/09 16:40:22,0.72
N4,,2024/04/09 16:40:23,0.89
N4,,2024/04/09 16:40:23,0.78
N4,,2024/04/09 16:40:24,0.90
N4,,2024/04/09 16:40:24,0.75
N4,,2024/04/09 16:40:25,0.73
N4,,2024/04/09 16:40:26,0.81
N4,,2024/04/09 16:40:27,0.69
N4,,2024/04/09 16:40:28,0.52
N4,,2024/04/09 16:40:29,0.87
N4,,2024/04/09 16:40:29,0.38
N4,,2024/04/09 16:40:30,0.90
N4,,2024/04/09 16:40:30,0.41
N4,,2024/04/09 16:40:31,0.89
N4,,2024/04/09 16:40:31,0.44
N4,,2024/04/09 16:40:32,0.91
N4,,2024/04/09 16:40:32,0.48
N4,,2024/04/09 16:40:32,0.46
N4,,2024/04/09 16:40:33,0.65
N4,,2024/04/09 16:40:34,0.75
N4,,2024/04/09 16:40:35,0.91
N4,,2024/04/09 16:40:35,0.66
N4,,2024/04/09 16:40:36,0.75
N4,,2024/04/09 16:40:38,0.52
N4,,2024/04/09 16:40:39,0.77
N4,,2024/04/09 16:40:40,0.66
N4,,2024/04/09 16:40:41,0.47
N4,,2024/04/09 16:40:42,0.60
N4,,2024/04/09 16:40:43,0.72
N4,,2024/04/09 16:40:45,0.72
N4,,2024/04/09 16:40:46,0.49
N4,,2024/04/09 16:40:47,0.90
N4,,2024/04/09 16:40:47,0.85
N4,,2024/04/09 16:40:48,0.89
N4,,2024/04/09 16:40:48,0.67
N4,,2024/04/09 16:40:49,0.89
N4,,2024/04/09 16:40:49,0.70
N4,,2024/04/09 16:40:50,0.92
N4,,2024/04/09 16:40:50,0.88
N4,,2024/04/09 16:40:51,0.88
N4,,2024/04/09 16:40:51,0.76
N4,,2024/04/09 16:40:52,0.89
N4,,2024/04/09 16:40:52,0.60
N4,,2024/04/09 16:40:53,0.89
N4,,2024/04/09 16:40:53,0.40
N4,,2024/04/09 16:40:54,0.90
N4,,2024/04/09 16:40:54,0.46
N4,,2024/04/09 16:40:55,0.83
N4,,2024/04/09 16:40:55,0.81
N4,,2024/04/09 16:40:56,0.90
N4,,2024/04/09 16:40:56,0.84
N4,,2024/04/09 16:40:57,0.90
N4,,2024/04/09 16:40:57,0.78
N4,,2024/04/09 16:40:58,0.89
N4,,2024/04/09 16:40:58,0.88
N4,,2024/04/09 16:40:59,0.92
N4,,2024/04/09 16:40:59,0.91
N4,,2024/04/09 16:41:00,0.93
N4,,2024/04/09 16:41:00,0.93
N4,,2024/04/09 16:41:01,0.91
N4,,2024/04/09 16:41:01,0.87
N4,,2024/04/09 16:41:02,0.90
N4,,2024/04/09 16:41:02,0.84
N4,,2024/04/09 16:41:03,0.93
N4,,2024/04/09 16:41:04,0.93
N4,,2024/04/09 16:41:05,0.93
N4,,2024/04/09 16:41:10,0.61
N4,,2024/04/09 16:41:11,0.93
N4,,2024/04/09 16:41:12,0.90
N4,,2024/04/09 16:43:10,0.93
N4,,2024/04/09 16:43:11,0.89
N4,,2024/04/09 16:43:12,0.92
N4,,2024/04/09 16:43:13,0.93
N4,,2024/04/09 16:43:14,0.93
N4,,2024/04/09 16:43:15,0.94
N4,,2024/04/09 16:43:16,0.92
N4,,2024/04/09 16:43:16,0.94
N4,,2024/04/09 16:43:17,0.91
N4,,2024/04/09 16:43:18,0.91
N4,,2024/04/09 16:43:19,0.93
N4,,2024/04/09 16:43:20,0.91
N4,,2024/04/09 16:43:21,0.93
N4,,2024/04/09 16:43:22,0.92
N4,,2024/04/09 16:43:23,0.92
N4,,2024/04/09 16:43:24,0.91
N4,,2024/04/09 16:43:25,0.91
N4,,2024/04/09 16:43:26,0.92
N4,,2024/04/09 16:43:27,0.93
N4,,2024/04/09 16:43:28,0.91
N4,,2024/04/09 16:43:29,0.93
N4,,2024/04/09 16:43:30,0.93
N4,,2024/04/09 16:43:31,0.95
N4,,2024/04/09 16:43:32,0.94
N4,,2024/04/09 16:43:33,0.94
N4,,2024/04/09 16:43:34,0.90
N4,,2024/04/09 16:43:35,0.88
N4,,2024/04/09 16:45:41,0.83
N4,,2024/04/09 16:45:42,0.87
N4,,2024/04/09 16:45:43,0.82
N4,,2024/04/09 16:45:44,0.83
N4,,2024/04/09 16:45:45,0.89
N4,,2024/04/09 16:45:46,0.88
N4,,2024/04/09 16:45:47,0.91
N4,,2024/04/09 16:45:48,0.85
N4,,2024/04/09 16:45:49,0.87
N4,,2024/04/09 16:45:50,0.87
N4,,2024/04/09 16:46:05,0.90
N4,,2024/04/09 16:46:06,0.90
N4,,2024/04/09 16:46:10,0.89
N4,,2024/04/09 16:46:11,0.90
N4,,2024/04/09 16:46:14,0.88
N4,,2024/04/09 16:46:15,0.88
N4,,2024/04/09 16:46:16,0.90
N4,,2024/04/09 16:46:17,0.90
N4,,2024/04/09 16:46:20,0.91
N4,,2024/04/09 16:46:21,0.89
N4,,2024/04/09 16:46:31,0.92
N4,,2024/04/09 16:46:32,0.91
N4,,2024/04/09 16:46:33,0.89
N4,,2024/04/09 16:46:34,0.89
N4,,2024/04/09 16:46:34,0.90
N4,,2024/04/09 16:46:35,0.91
N4,,2024/04/09 16:46:36,0.89
N4,,2024/04/09 16:46:37,0.93
N4,,2024/04/09 16:46:38,0.93
N4,,2024/04/09 16:48:46,0.83
N4,,2024/04/09 16:48:53,0.92
N4,,2024/04/09 16:48:54,0.93
N4,,2024/04/09 16:48:55,0.91
N4,,2024/04/09 16:48:56,0.95
N4,,2024/04/09 16:48:58,0.91
N4,,2024/04/09 16:49:01,0.93
N4,,2024/04/09 16:49:08,0.90
N4,,2024/04/09 16:49:09,0.91
N4,,2024/04/09 16:49:12,0.91
N4,,2024/04/09 16:49:14,0.91
N4,,2024/04/09 16:49:16,0.93
N4,,2024/04/09 16:49:17,0.91
N4,,2024/04/09 16:49:18,0.91
N4,,2024/04/09 16:49:19,0.91
N4,,2024/04/09 16:49:20,0.93
N4,,2024/04/09 16:49:21,0.92
N4,,2024/04/09 16:49:22,0.92
N4,,2024/04/09 16:49:23,0.91
N4,,2024/04/09 16:49:24,0.92
N4,,2024/04/09 16:49:25,0.93
N4,,2024/04/09 16:49:26,0.93
N4,,2024/04/09 16:49:27,0.93
N4,,2024/04/09 16:49:28,0.93
N4,,2024/04/09 16:49:29,0.92
N4,,2024/04/09 16:49:30,0.92
N4,,2024/04/09 16:49:31,0.93
N4,,2024/04/09 16:49:32,0.93
N4,,2024/04/09 16:49:33,0.94
N4,,2024/04/09 16:49:34,0.93
N4,,2024/04/09 16:49:35,0.90
N4,,2024/04/09 16:49:36,0.86
N4,,2024/04/09 16:50:44,0.68
N4,,2024/04/09 16:50:51,0.89
N4,,2024/04/09 16:50:53,0.91
N4,,2024/04/09 16:50:54,0.90
N4,,2024/04/09 16:50:55,0.91
N4,,2024/04/09 16:50:56,0.87
N4,,2024/04/09 16:50:56,0.39
N4,,2024/04/09 16:50:57,0.91
N4,,2024/04/09 16:50:58,0.91
N4,,2024/04/09 16:50:59,0.88
N4,,2024/04/09 16:51:00,0.92
N4,,2024/04/09 16:51:00,0.90
N4,,2024/04/09 16:51:01,0.92
N4,,2024/04/09 16:51:02,0.92
N4,,2024/04/09 16:51:03,0.92
N4,,2024/04/09 16:51:04,0.93
N4,,2024/04/09 16:51:05,0.90
N4,,2024/04/09 16:51:06,0.93
N4,,2024/04/09 16:51:07,0.89
N4,,2024/04/09 16:51:08,0.94
N4,,2024/04/09 16:51:09,0.92
N4,,2024/04/09 16:51:10,0.91
N4,,2024/04/09 16:51:11,0.91
N4,,2024/04/09 16:51:12,0.92
N4,,2024/04/09 16:51:13,0.92
N4,,2024/04/09 16:51:14,0.92
N4,,2024/04/09 16:51:15,0.90
N4,,2024/04/09 16:51:16,0.92
N4,,2024/04/09 16:51:17,0.91
N4,,2024/04/09 16:51:18,0.94
N4,,2024/04/09 16:51:19,0.92
N4,,2024/04/09 16:51:20,0.90
N4,,2024/04/09 16:51:21,0.91
N4,,2024/04/09 16:51:22,0.86
N4,,2024/04/09 16:51:23,0.93
N4,,2024/04/09 16:51:24,0.93
N4,,2024/04/09 16:51:25,0.91
N4,,2024/04/09 16:51:26,0.90
N4,,2024/04/09 16:51:27,0.89
N4,,2024/04/09 16:51:28,0.93
N4,,2024/04/09 16:51:29,0.90
N4,,2024/04/09 16:51:30,0.88
N4,,2024/04/09 16:51:59,0.90
N4,,2024/04/09 16:52:00,0.90
N4,,2024/04/09 16:52:15,0.90
N4,,2024/04/09 16:52:16,0.88
N4,,2024/04/09 16:52:17,0.91
N4,,2024/04/09 16:52:18,0.75
N4,,2024/04/09 16:52:19,0.87
N4,,2024/04/09 16:52:20,0.86
N4,,2024/04/09 16:52:21,0.87
N4,,2024/04/09 16:52:22,0.90
N4,,2024/04/09 16:52:23,0.86
N4,,2024/04/09 16:52:24,0.88
N4,,2024/04/09 16:52:25,0.93
N4,,2024/04/09 16:52:26,0.95
N4,,2024/04/09 16:52:27,0.88
N4,,2024/04/09 16:54:34,0.88
N4,,2024/04/09 16:54:35,0.93
N4,,2024/04/09 16:54:36,0.91
N4,,2024/04/09 16:54:37,0.91
N4,,2024/04/09 16:54:38,0.94
N4,,2024/04/09 16:54:41,0.92
N4,,2024/04/09 16:54:42,0.93
N4,,2024/04/09 16:54:43,0.91
N4,,2024/04/09 16:54:44,0.91
N4,,2024/04/09 16:54:46,0.94
N4,,2024/04/09 16:54:47,0.91
N4,,2024/04/09 16:54:48,0.91
N4,,2024/04/09 16:54:51,0.90
N4,,2024/04/09 16:54:52,0.86
N4,,2024/04/09 16:54:53,0.78
N4,,2024/04/09 16:54:54,0.88
N4,,2024/04/09 16:54:55,0.88
N4,,2024/04/09 16:54:56,0.90
N4,,2024/04/09 16:54:57,0.91
N4,,2024/04/09 16:54:58,0.90
N4,,2024/04/09 16:54:59,0.91
N4,,2024/04/09 16:55:00,0.90
N4,,2024/04/09 16:55:00,0.93
N4,,2024/04/09 16:55:03,0.92
N4,,2024/04/09 16:55:04,0.92
N4,,2024/04/09 16:55:05,0.94
N4,,2024/04/09 16:55:06,0.90
N4,,2024/04/09 16:55:07,0.91
N4,,2024/04/09 16:55:09,0.93
N4,,2024/04/09 16:55:10,0.91
N4,,2024/04/09 16:55:11,0.91
N4,,2024/04/09 16:55:14,0.89
N4,,2024/04/09 16:55:15,0.91
N4,,2024/04/09 16:55:16,0.92
N4,,2024/04/09 16:55:17,0.92
N4,,2024/04/09 16:55:18,0.91
N4,,2024/04/09 16:55:19,0.92
N4,,2024/04/09 16:55:20,0.93
N4,,2024/04/09 16:55:21,0.92
N4,,2024/04/09 16:55:22,0.92
N4,,2024/04/09 16:55:23,0.93
N4,,2024/04/09 16:55:24,0.91
N4,,2024/04/09 16:55:25,0.93
N4,,2024/04/09 16:55:26,0.93
N4,,2024/04/09 16:55:27,0.93
N4,,2024/04/09 16:55:28,0.93
N4,,2024/04/09 16:55:29,0.92
N4,,2024/04/09 16:55:30,0.92
N4,,2024/04/09 16:55:31,0.94
N4,,2024/04/09 16:55:31,0.94
N4,,2024/04/09 16:55:32,0.93
N4,,2024/04/09 16:55:33,0.93
N4,,2024/04/09 16:55:34,0.90
N4,,2024/04/09 16:55:35,0.75
N4,,2024/04/09 16:57:21,0.76
N4,,2024/04/09 16:57:34,0.91
N4,,2024/04/09 16:57:35,0.90
N4,,2024/04/09 16:57:37,0.88
N4,,2024/04/09 16:57:38,0.87
N4,,2024/04/09 16:57:38,0.88
N4,,2024/04/09 16:57:39,0.90
N4,,2024/04/09 16:57:40,0.91
N4,,2024/04/09 16:57:42,0.85
N4,,2024/04/09 16:57:43,0.90
N4,,2024/04/09 16:57:44,0.90
N4,,2024/04/09 16:57:45,0.89
N4,,2024/04/09 16:57:48,0.92
N4,,2024/04/09 16:57:49,0.85
N4,,2024/04/09 16:57:53,0.90
N4,,2024/04/09 16:58:00,0.93
N4,,2024/04/09 16:58:01,0.91
N4,,2024/04/09 16:58:02,0.90
N4,,2024/04/09 16:58:03,0.89
N4,,2024/04/09 16:58:04,0.85
N4,,2024/04/09 16:58:05,0.91
N4,,2024/04/09 16:58:06,0.87
N4,,2024/04/09 16:58:07,0.90
N4,,2024/04/09 16:58:08,0.92
N4,,2024/04/09 16:58:09,0.94
N4,,2024/04/09 17:00:14,0.93
N4,,2024/04/09 17:00:15,0.94
N4,,2024/04/09 17:00:16,0.89
N4,,2024/04/09 17:00:17,0.93
N4,,2024/04/09 17:00:18,0.94
N4,,2024/04/09 17:00:19,0.91
N4,,2024/04/09 17:00:20,0.91
N4,,2024/04/09 17:00:21,0.91
N4,,2024/04/09 17:00:22,0.91
N4,,2024/04/09 17:00:23,0.90
N4,,2024/04/09 17:00:24,0.90
N4,,2024/04/09 17:00:25,0.91
N4,,2024/04/09 17:00:26,0.89
N4,,2024/04/09 17:00:27,0.91
N4,,2024/04/09 17:00:28,0.92
N4,,2024/04/09 17:00:29,0.92
N4,,2024/04/09 17:00:30,0.91
N4,,2024/04/09 17:00:31,0.91
N4,,2024/04/09 17:00:32,0.91
N4,,2024/04/09 17:00:33,0.92
N4,,2024/04/09 17:00:33,0.93
N4,,2024/04/09 17:00:34,0.93
N4,,2024/04/09 17:00:35,0.93
N4,,2024/04/09 17:00:36,0.93
N4,,2024/04/09 17:00:37,0.92
N4,,2024/04/09 17:00:38,0.92
N4,,2024/04/09 17:00:39,0.90
N4,,2024/04/09 17:00:40,0.90
N4,,2024/04/09 17:00:41,0.91
N4,,2024/04/09 17:00:42,0.90
N4,,2024/04/09 17:00:43,0.88
N4,,2024/04/09 17:00:44,0.88
N4,,2024/04/09 17:00:45,0.80
N4,,2024/04/09 17:00:46,0.89
N4,,2024/04/09 17:00:47,0.90
N4,,2024/04/09 17:00:48,0.89
N4,,2024/04/09 17:00:49,0.91
N4,,2024/04/09 17:00:50,0.90
N4,,2024/04/09 17:00:51,0.91
N4,,2024/04/09 17:00:52,0.91
N4,,2024/04/09 17:00:53,0.91
N4,,2024/04/09 17:00:54,0.90
N4,,2024/04/09 17:00:55,0.91
N4,,2024/04/09 17:00:56,0.91
N4,,2024/04/09 17:00:57,0.93
N4,,2024/04/09 17:00:58,0.91
N4,,2024/04/09 17:00:59,0.90
N4,,2024/04/09 17:01:00,0.90
N4,,2024/04/09 17:01:01,0.91
N4,,2024/04/09 17:01:02,0.92
N4,,2024/04/09 17:01:03,0.93
N4,,2024/04/09 17:01:04,0.92
N4,,2024/04/09 17:01:05,0.91
N4,,2024/04/09 17:01:06,0.92
N4,,2024/04/09 17:01:06,0.93
N4,,2024/04/09 17:01:07,0.92
N4,,2024/04/09 17:01:08,0.92
N4,,2024/04/09 17:01:09,0.92
N4,,2024/04/09 17:01:10,0.92
N4,,2024/04/09 17:01:11,0.92
N4,,2024/04/09 17:01:12,0.92
N4,,2024/04/09 17:01:13,0.92
N4,,2024/04/09 17:01:14,0.92
N4,,2024/04/09 17:01:15,0.91
N4,,2024/04/09 17:01:16,0.92
N4,,2024/04/09 17:01:17,0.92
N4,,2024/04/09 17:01:18,0.92
N4,,2024/04/09 17:01:19,0.92
N4,,2024/04/09 17:01:20,0.92
N4,,2024/04/09 17:01:21,0.92
N4,,2024/04/09 17:01:22,0.92
N4,,2024/04/09 17:01:23,0.92
N4,,2024/04/09 17:01:24,0.92
N4,,2024/04/09 17:01:25,0.93
N4,,2024/04/09 17:01:26,0.93
N4,,2024/04/09 17:01:27,0.91
N4,,2024/04/09 17:01:28,0.92
N4,,2024/04/09 17:01:29,0.93
N4,,2024/04/09 17:01:30,0.93
N4,,2024/04/09 17:01:31,0.92
N4,,2024/04/09 17:01:32,0.87
N4,,2024/04/09 17:01:33,0.68
N4,,2024/04/09 17:01:35,0.85
N4,,2024/04/09 17:01:36,0.93
N4,,2024/04/09 17:01:37,0.92
N4,,2024/04/09 17:01:38,0.79
N4,,2024/04/09 17:01:39,0.70
N4,,2024/04/09 17:01:39,0.79
N4,,2024/04/09 17:01:40,0.69
N4,,2024/04/09 17:01:42,0.43
N4,,2024/04/09 17:01:50,0.68
N4,,2024/04/09 17:01:52,0.38
N4,,2024/04/09 17:01:53,0.78
N4,,2024/04/09 17:01:54,0.84
N4,,2024/04/09 17:01:55,0.80
N4,,2024/04/09 17:01:56,0.70
N4,,2024/04/09 17:01:57,0.92
N4,,2024/04/09 17:01:58,0.92
N4,,2024/04/09 17:03:04,0.88
N4,,2024/04/09 17:03:05,0.92
N4,,2024/04/09 17:03:19,0.89
N4,,2024/04/09 17:03:19,0.89
N4,,2024/04/09 17:03:20,0.87
N4,,2024/04/09 17:03:22,0.90
N4,,2024/04/09 17:03:23,0.89
N4,,2024/04/09 17:03:24,0.89
N4,,2024/04/09 17:03:25,0.88
N4,,2024/04/09 17:03:26,0.90
N4,,2024/04/09 17:03:27,0.88
N4,,2024/04/09 17:03:28,0.89
N4,,2024/04/09 17:03:29,0.92
N4,,2024/04/09 17:03:30,0.87
N4,,2024/04/09 17:03:33,0.91
N4,,2024/04/09 17:03:34,0.86
N4,,2024/04/09 17:03:35,0.83
N4,,2024/04/09 17:03:47,0.90
N4,,2024/04/09 17:03:48,0.87
N4,,2024/04/09 17:03:49,0.90
N4,,2024/04/09 17:03:50,0.88
N4,,2024/04/09 17:03:51,0.86
N4,,2024/04/09 17:03:52,0.89
N4,,2024/04/09 17:03:53,0.89
N4,,2024/04/09 17:03:53,0.91
N4,,2024/04/09 17:03:54,0.95
N4,,2024/04/09 17:03:55,0.92
N4,,2024/04/09 17:06:07,0.93
N4,,2024/04/09 17:06:08,0.93
N4,,2024/04/09 17:06:09,0.91
N4,,2024/04/09 17:06:10,0.89
N4,,2024/04/09 17:06:11,0.93
N4,,2024/04/09 17:06:12,0.93
N4,,2024/04/09 17:06:12,0.42
N4,,2024/04/09 17:06:13,0.91
N4,,2024/04/09 17:06:14,0.92
N4,,2024/04/09 17:06:15,0.93
N4,,2024/04/09 17:06:16,0.92
N4,,2024/04/09 17:06:17,0.92
N4,,2024/04/09 17:06:18,0.92
N4,,2024/04/09 17:06:19,0.92
N4,,2024/04/09 17:06:20,0.92
N4,,2024/04/09 17:06:21,0.92
N4,,2024/04/09 17:06:22,0.92
N4,,2024/04/09 17:06:23,0.92
N4,,2024/04/09 17:06:24,0.92
N4,,2024/04/09 17:06:25,0.92
N4,,2024/04/09 17:06:26,0.91
N4,,2024/04/09 17:06:27,0.91
N4,,2024/04/09 17:06:28,0.92
N4,,2024/04/09 17:06:29,0.90
N4,,2024/04/09 17:06:30,0.91
N4,,2024/04/09 17:06:31,0.92
N4,,2024/04/09 17:06:32,0.91
N4,,2024/04/09 17:06:33,0.91
N4,,2024/04/09 17:06:34,0.92
N4,,2024/04/09 17:06:34,0.91
N4,,2024/04/09 17:06:35,0.92
N4,,2024/04/09 17:06:36,0.92
N4,,2024/04/09 17:06:37,0.91
N4,,2024/04/09 17:06:38,0.92
N4,,2024/04/09 17:06:39,0.92
N4,,2024/04/09 17:06:40,0.92
N4,,2024/04/09 17:06:41,0.92
N4,,2024/04/09 17:06:42,0.91
N4,,2024/04/09 17:06:43,0.92
N4,,2024/04/09 17:06:44,0.93
N4,,2024/04/09 17:06:45,0.92
N4,,2024/04/09 17:06:46,0.92
N4,,2024/04/09 17:06:47,0.92
N4,,2024/04/09 17:06:48,0.92
N4,,2024/04/09 17:06:49,0.88
N4,,2024/04/09 17:06:50,0.93
N4,,2024/04/09 17:06:52,0.92
N4,,2024/04/09 17:06:53,0.92
N4,,2024/04/09 17:06:54,0.91
N4,,2024/04/09 17:06:56,0.92
N4,,2024/04/09 17:06:57,0.93
N4,,2024/04/09 17:06:58,0.90
N4,,2024/04/09 17:06:59,0.92
N4,,2024/04/09 17:07:01,0.91
N4,,2024/04/09 17:07:02,0.91
N4,,2024/04/09 17:07:03,0.91
N4,,2024/04/09 17:07:05,0.92
N4,,2024/04/09 17:07:06,0.91
N4,,2024/04/09 17:07:06,0.91
N4,,2024/04/09 17:07:07,0.92
N4,,2024/04/09 17:07:08,0.93
N4,,2024/04/09 17:07:09,0.84
N4,,2024/04/09 17:07:10,0.92
N4,,2024/04/09 17:07:11,0.93
N4,,2024/04/09 17:07:12,0.94
N4,,2024/04/09 17:07:13,0.93
N4,,2024/04/09 17:07:14,0.92
N4,,2024/04/09 17:07:15,0.92
N4,,2024/04/09 17:07:16,0.94
N4,,2024/04/09 17:07:17,0.91
N4,,2024/04/09 17:07:18,0.92
N4,,2024/04/09 17:07:19,0.93
N4,,2024/04/09 17:07:20,0.92
N4,,2024/04/09 17:07:21,0.94
N4,,2024/04/09 17:07:22,0.93
N4,,2024/04/09 17:07:23,0.94
N4,,2024/04/09 17:07:24,0.93
N4,,2024/04/09 17:07:25,0.92
N4,,2024/04/09 17:07:26,0.93
N4,,2024/04/09 17:07:27,0.93
N4,,2024/04/09 17:07:28,0.94
N4,,2024/04/09 17:07:29,0.93
N4,,2024/04/09 17:07:30,0.91
N4,,2024/04/09 17:07:31,0.86
N4,,2024/04/09 17:08:42,0.65
N4,,2024/04/09 17:08:43,0.91
N4,,2024/04/09 17:08:45,0.91
N4,,2024/04/09 17:08:46,0.71
N4,,2024/04/09 17:09:03,0.91
N4,,2024/04/09 17:09:04,0.90
N4,,2024/04/09 17:09:07,0.87
N4,,2024/04/09 17:09:08,0.90
N4,,2024/04/09 17:09:09,0.88
N4,,2024/04/09 17:09:12,0.90
N4,,2024/04/09 17:09:12,0.85
N4,,2024/04/09 17:09:13,0.87
N4,,2024/04/09 17:09:14,0.87
N4,,2024/04/09 17:09:17,0.89
N4,,2024/04/09 17:09:18,0.88
N4,,2024/04/09 17:09:22,0.84
N4,,2024/04/09 17:09:29,0.91
N4,,2024/04/09 17:09:30,0.90
N4,,2024/04/09 17:09:31,0.73
N4,,2024/04/09 17:09:32,0.87
N4,,2024/04/09 17:09:33,0.89
N4,,2024/04/09 17:09:34,0.88
N4,,2024/04/09 17:09:35,0.90
N4,,2024/04/09 17:09:36,0.90
N4,,2024/04/09 17:09:37,0.95
N4,,2024/04/09 17:09:38,0.93
N4,,2024/04/09 17:12:02,0.92
N4,,2024/04/09 17:12:03,0.94
N4,,2024/04/09 17:12:04,0.91
N4,,2024/04/09 17:12:05,0.91
N4,,2024/04/09 17:12:06,0.88
N4,,2024/04/09 17:12:07,0.92
N4,,2024/04/09 17:12:08,0.88
N4,,2024/04/09 17:12:09,0.90
N4,,2024/04/09 17:12:10,0.91
N4,,2024/04/09 17:12:11,0.88
N4,,2024/04/09 17:12:12,0.89
N4,,2024/04/09 17:12:13,0.89
N4,,2024/04/09 17:12:14,0.89
N4,,2024/04/09 17:12:15,0.89
N4,,2024/04/09 17:12:16,0.91
N4,,2024/04/09 17:12:17,0.87
N4,,2024/04/09 17:12:17,0.91
N4,,2024/04/09 17:12:18,0.90
N4,,2024/04/09 17:12:19,0.90
N4,,2024/04/09 17:12:20,0.88
N4,,2024/04/09 17:12:21,0.90
N4,,2024/04/09 17:12:22,0.90
N4,,2024/04/09 17:12:23,0.91
N4,,2024/04/09 17:12:24,0.90
N4,,2024/04/09 17:12:25,0.90
N4,,2024/04/09 17:12:26,0.90
N4,,2024/04/09 17:12:27,0.91
N4,,2024/04/09 17:12:28,0.87
N4,,2024/04/09 17:12:29,0.89
N4,,2024/04/09 17:12:30,0.89
N4,,2024/04/09 17:12:31,0.90
N4,,2024/04/09 17:12:32,0.88
N4,,2024/04/09 17:12:33,0.88
N4,,2024/04/09 17:12:34,0.90
N4,,2024/04/09 17:12:35,0.88
N4,,2024/04/09 17:12:36,0.91
N4,,2024/04/09 17:12:37,0.89
N4,,2024/04/09 17:12:38,0.91
N4,,2024/04/09 17:12:39,0.91
N4,,2024/04/09 17:12:40,0.89
N4,,2024/04/09 17:12:41,0.90
N4,,2024/04/09 17:12:42,0.91
N4,,2024/04/09 17:12:43,0.90
N4,,2024/04/09 17:12:44,0.89
N4,,2024/04/09 17:12:45,0.89
N4,,2024/04/09 17:12:46,0.91
N4,,2024/04/09 17:12:47,0.91
N4,,2024/04/09 17:12:48,0.91
N4,,2024/04/09 17:12:49,0.91
N4,,2024/04/09 17:12:50,0.91
N4,,2024/04/09 17:12:51,0.91
N4,,2024/04/09 17:12:51,0.92
N4,,2024/04/09 17:12:52,0.91
N4,,2024/04/09 17:12:53,0.91
N4,,2024/04/09 17:12:55,0.91
N4,,2024/04/09 17:12:56,0.91
N4,,2024/04/09 17:13:04,0.92
N4,,2024/04/09 17:13:06,0.91
N4,,2024/04/09 17:13:12,0.91
N4,,2024/04/09 17:13:13,0.92
N4,,2024/04/09 17:13:14,0.92
N4,,2024/04/09 17:13:15,0.93
N4,,2024/04/09 17:13:16,0.92
N4,,2024/04/09 17:13:17,0.93
N4,,2024/04/09 17:13:18,0.92
N4,,2024/04/09 17:13:19,0.93
N4,,2024/04/09 17:13:20,0.92
N4,,2024/04/09 17:13:21,0.93
N4,,2024/04/09 17:13:22,0.92
N4,,2024/04/09 17:13:23,0.93
N4,,2024/04/09 17:13:24,0.92
N4,,2024/04/09 17:13:25,0.94
N4,,2024/04/09 17:13:25,0.94
N4,,2024/04/09 17:13:26,0.90
N4,,2024/04/09 17:13:27,0.91
N4,,2024/04/09 17:13:28,0.85
N4,,2024/04/09 17:13:29,0.74
N4,,2024/04/09 17:14:46,0.70
N4,,2024/04/09 17:14:47,0.83
N4,,2024/04/09 17:15:00,0.90
N4,,2024/04/09 17:15:19,0.88
N4,,2024/04/09 17:15:20,0.90
N4,,2024/04/09 17:15:25,0.91
N4,,2024/04/09 17:15:26,0.91
N4,,2024/04/09 17:15:27,0.90
N4,,2024/04/09 17:15:28,0.87
N4,,2024/04/09 17:15:38,0.94
N4,,2024/04/09 17:15:39,0.91
N4,,2024/04/09 17:15:40,0.92
N4,,2024/04/09 17:15:41,0.91
N4,,2024/04/09 17:15:42,0.89
N4,,2024/04/09 17:15:43,0.80
N4,,2024/04/09 17:15:44,0.91
N4,,2024/04/09 17:15:45,0.91
N4,,2024/04/09 17:15:46,0.91
N4,,2024/04/09 17:15:47,0.94
N4,,2024/04/09 17:17:49,0.93
N4,,2024/04/09 17:17:50,0.92
N4,,2024/04/09 17:17:51,0.91
N4,,2024/04/09 17:17:52,0.93
N4,,2024/04/09 17:17:53,0.93
N4,,2024/04/09 17:17:54,0.90
N4,,2024/04/09 17:17:55,0.92
N4,,2024/04/09 17:17:56,0.91
N4,,2024/04/09 17:17:57,0.92
N4,,2024/04/09 17:17:58,0.92
N4,,2024/04/09 17:17:59,0.95
N4,,2024/04/09 17:18:01,0.92
N4,,2024/04/09 17:18:02,0.90
N4,,2024/04/09 17:18:03,0.89
N4,,2024/04/09 17:18:04,0.90
N4,,2024/04/09 17:18:04,0.90
N4,,2024/04/09 17:18:05,0.90
N4,,2024/04/09 17:18:06,0.90
N4,,2024/04/09 17:18:07,0.90
N4,,2024/04/09 17:18:08,0.90
N4,,2024/04/09 17:18:09,0.91
N4,,2024/04/09 17:18:10,0.91
N4,,2024/04/09 17:18:11,0.90
N4,,2024/04/09 17:18:12,0.91
N4,,2024/04/09 17:18:13,0.91
N4,,2024/04/09 17:18:14,0.91
N4,,2024/04/09 17:18:15,0.91
N4,,2024/04/09 17:18:16,0.92
N4,,2024/04/09 17:18:17,0.92
N4,,2024/04/09 17:18:18,0.92
N4,,2024/04/09 17:18:19,0.91
N4,,2024/04/09 17:18:20,0.91
N4,,2024/04/09 17:18:21,0.90
N4,,2024/04/09 17:18:22,0.89
N4,,2024/04/09 17:18:23,0.90
N4,,2024/04/09 17:18:24,0.89
N4,,2024/04/09 17:18:25,0.88
N4,,2024/04/09 17:18:26,0.88
N4,,2024/04/09 17:18:27,0.89
N4,,2024/04/09 17:18:28,0.89
N4,,2024/04/09 17:18:29,0.90
N4,,2024/04/09 17:18:30,0.90
N4,,2024/04/09 17:18:31,0.86
N4,,2024/04/09 17:18:32,0.90
N4,,2024/04/09 17:18:33,0.91
N4,,2024/04/09 17:18:41,0.91
N4,,2024/04/09 17:18:42,0.91
N4,,2024/04/09 17:18:43,0.91
N4,,2024/04/09 17:18:44,0.92
N4,,2024/04/09 17:18:45,0.91
N4,,2024/04/09 17:18:46,0.92
N4,,2024/04/09 17:18:47,0.91
N4,,2024/04/09 17:18:49,0.92
N4,,2024/04/09 17:18:50,0.91
N4,,2024/04/09 17:19:06,0.90
N4,,2024/04/09 17:19:06,0.92
N4,,2024/04/09 17:19:07,0.91
N4,,2024/04/09 17:19:08,0.92
N4,,2024/04/09 17:19:09,0.92
N4,,2024/04/09 17:19:10,0.92
N4,,2024/04/09 17:19:11,0.93
N4,,2024/04/09 17:19:12,0.92
N4,,2024/04/09 17:19:13,0.93
N4,,2024/04/09 17:19:14,0.92
N4,,2024/04/09 17:19:15,0.93
N4,,2024/04/09 17:19:16,0.92
N4,,2024/04/09 17:19:17,0.92
N4,,2024/04/09 17:19:18,0.93
N4,,2024/04/09 17:19:19,0.92
N4,,2024/04/09 17:19:20,0.94
N4,,2024/04/09 17:19:21,0.93
N4,,2024/04/09 17:19:22,0.93
N4,,2024/04/09 17:19:23,0.92
N4,,2024/04/09 17:19:24,0.92
N4,,2024/04/09 17:19:25,0.94
N4,,2024/04/09 17:19:26,0.94
N4,,2024/04/09 17:19:27,0.92
N4,,2024/04/09 17:19:28,0.91
N4,,2024/04/09 17:19:29,0.86
N4,,2024/04/09 17:19:30,0.81
N4,,2024/04/09 17:20:41,0.84
N4,,2024/04/09 17:20:42,0.87
N4,,2024/04/09 17:21:00,0.91
N4,,2024/04/09 17:21:11,0.89
N4,,2024/04/09 17:21:12,0.73
N4,,2024/04/09 17:21:59,0.65
N4,,2024/04/09 17:24:38,0.83
N4,,2024/04/09 17:24:39,0.87
N4,,2024/04/09 17:24:41,0.91
N4,,2024/04/09 17:24:42,0.90
N4,,2024/04/09 17:24:43,0.93
N4,,2024/04/09 17:24:44,0.92
N4,,2024/04/09 17:24:45,0.93
N4,,2024/04/09 17:24:46,0.92
N4,,2024/04/09 17:24:47,0.92
N4,,2024/04/09 17:24:48,0.92
N4,,2024/04/09 17:24:49,0.92
N4,,2024/04/09 17:24:50,0.93
N4,,2024/04/09 17:24:51,0.92
N4,,2024/04/09 17:24:52,0.92
N4,,2024/04/09 17:24:53,0.92
N4,,2024/04/09 17:24:54,0.92
N4,,2024/04/09 17:24:55,0.91
N4,,2024/04/09 17:24:57,0.89
N4,,2024/04/09 17:24:58,0.89
N4,,2024/04/09 17:24:59,0.89
N4,,2024/04/09 17:25:00,0.89
N4,,2024/04/09 17:25:01,0.83
N4,,2024/04/09 17:25:02,0.75
N4,,2024/04/09 17:25:03,0.88
N4,,2024/04/09 17:25:53,0.85
N4,,2024/04/09 17:25:54,0.83
N4,,2024/04/09 17:25:56,0.94
N4,,2024/04/09 17:25:57,0.87
N4,,2024/04/09 17:25:58,0.93
N4,,2024/04/09 17:25:59,0.90
N4,,2024/04/09 17:26:00,0.93
N4,,2024/04/09 17:26:01,0.92
N4,,2024/04/09 17:26:02,0.89
N4,,2024/04/09 17:26:03,0.90
N4,,2024/04/09 17:26:04,0.88
N4,,2024/04/09 17:26:05,0.93
N4,,2024/04/09 17:26:06,0.89
N4,,2024/04/09 17:26:06,0.89
N4,,2024/04/09 17:26:07,0.94
N4,,2024/04/09 17:26:08,0.93
N4,,2024/04/09 17:26:25,0.90
N4,,2024/04/09 17:26:26,0.89
N4,,2024/04/09 17:26:27,0.90
N4,,2024/04/09 17:26:28,0.78
N4,,2024/04/09 17:26:29,0.86
N4,,2024/04/09 17:26:30,0.83
N4,,2024/04/09 17:26:31,0.90
N4,,2024/04/09 17:26:32,0.88
N4,,2024/04/09 17:26:33,0.90
N4,,2024/04/09 17:26:34,0.85
N4,,2024/04/09 17:26:35,0.85
N4,,2024/04/09 17:26:36,0.88
N4,,2024/04/09 17:26:37,0.90
N4,,2024/04/09 17:26:38,0.87
N4,,2024/04/09 17:26:41,0.90
N4,,2024/04/09 17:26:52,0.90
N4,,2024/04/09 17:26:53,0.90
N4,,2024/04/09 17:26:54,0.91
N4,,2024/04/09 17:26:55,0.87
N4,,2024/04/09 17:26:56,0.88
N4,,2024/04/09 17:26:57,0.87
N4,,2024/04/09 17:26:58,0.85
N4,,2024/04/09 17:26:59,0.91
N4,,2024/04/09 17:27:00,0.96
N4,,2024/04/09 17:27:01,0.80
N4,,2024/04/09 17:29:15,0.92
N4,,2024/04/09 17:29:16,0.93
N4,,2024/04/09 17:29:17,0.92
N4,,2024/04/09 17:29:18,0.92
N4,,2024/04/09 17:29:19,0.91
N4,,2024/04/09 17:29:20,0.91
N4,,2024/04/09 17:29:21,0.92
N4,,2024/04/09 17:29:22,0.93
N4,,2024/04/09 17:29:23,0.93
N4,,2024/04/09 17:29:24,0.93
N4,,2024/04/09 17:29:25,0.94
N4,,2024/04/09 17:29:26,0.91
N4,,2024/04/09 17:29:27,0.91
N4,,2024/04/09 17:29:27,0.92
N4,,2024/04/09 17:29:28,0.94
N4,,2024/04/09 17:29:29,0.95
N4,,2024/04/09 17:29:30,0.92
N4,,2024/04/09 17:29:32,0.52
N4,,2024/04/09 17:32:13,0.61
N4,,2024/04/09 17:32:14,0.83
N4,,2024/04/09 17:32:39,0.89
N4,,2024/04/09 17:32:40,0.89
N4,,2024/04/09 17:33:45,0.92
N4,,2024/04/09 17:33:46,0.92
N4,,2024/04/09 17:33:47,0.82
N4,,2024/04/09 17:33:48,0.93
N4,,2024/04/09 17:33:49,0.92
N4,,2024/04/09 17:33:50,0.93
N4,,2024/04/09 17:33:51,0.93
N4,,2024/04/09 17:33:52,0.90
N4,,2024/04/09 17:33:53,0.91
N4,,2024/04/09 17:33:54,0.92
N4,,2024/04/09 17:33:55,0.93
N4,,2024/04/09 17:33:56,0.89
N4,,2024/04/09 17:33:57,0.91
N4,,2024/04/09 17:33:58,0.91
N4,,2024/04/09 17:35:59,0.89
N4,,2024/04/09 17:36:00,0.78
N4,,2024/04/09 17:36:12,0.48
N4,,2024/04/09 17:36:49,0.91
N4,,2024/04/09 17:36:50,0.91
N4,,2024/04/09 17:39:13,0.90
N4,,2024/04/09 17:39:14,0.92
N4,,2024/04/09 17:39:16,0.84
N4,,2024/04/09 17:39:17,0.85
N4,,2024/04/09 17:39:18,0.84
N4,,2024/04/09 17:39:19,0.84
N4,,2024/04/09 17:39:20,0.92
N4,,2024/04/09 17:39:21,0.89
N4,,2024/04/09 17:40:44,0.39
N4,,2024/04/09 17:40:45,0.93
N4,,2024/04/09 17:40:46,0.90
N4,,2024/04/09 17:42:58,0.91
N4,,2024/04/09 17:42:59,0.91
N4,,2024/04/09 17:43:00,0.67
N4,,2024/04/09 17:43:48,0.74
N4,,2024/04/09 17:43:49,0.92
N4,,2024/04/09 17:44:07,0.89
N4,,2024/04/09 17:44:08,0.89
N4,,2024/04/09 17:44:09,0.87
N4,,2024/04/09 17:44:12,0.86
N4,,2024/04/09 17:44:24,0.94
N4,,2024/04/09 17:44:25,0.92
N4,,2024/04/09 17:46:11,0.91
N4,,2024/04/09 17:46:12,0.93
N4,,2024/04/09 17:46:13,0.91
N4,,2024/04/09 17:46:14,0.93
N4,,2024/04/09 17:46:15,0.92
N4,,2024/04/09 17:46:16,0.91
N4,,2024/04/09 17:46:17,0.90
N4,,2024/04/09 17:46:18,0.92
N4,,2024/04/09 17:46:19,0.92
N4,,2024/04/09 17:46:20,0.91
N4,,2024/04/09 17:46:21,0.91
N4,,2024/04/09 17:46:22,0.93
N4,,2024/04/09 17:46:23,0.92
N4,,2024/04/09 17:46:24,0.94
N4,,2024/04/09 17:46:25,0.94
N4,,2024/04/09 17:46:26,0.95
N4,,2024/04/09 17:46:27,0.92
N4,,2024/04/09 17:46:28,0.89
N4,,2024/04/09 17:46:29,0.89
N4,,2024/04/09 17:49:01,0.83
N4,,2024/04/09 17:49:02,0.73
N4,,2024/04/09 17:49:04,0.91
N4,,2024/04/09 17:49:05,0.82
N4,,2024/04/09 17:49:05,0.89
N4,,2024/04/09 17:49:06,0.92
N4,,2024/04/09 17:49:07,0.91
N4,,2024/04/09 17:49:08,0.90
N4,,2024/04/09 17:49:09,0.88
N4,,2024/04/09 17:49:10,0.85
N4,,2024/04/09 17:49:11,0.83
N4,,2024/04/09 17:49:12,0.84
N4,,2024/04/09 17:49:13,0.87
N4,,2024/04/09 17:49:14,0.83
N4,,2024/04/09 17:49:15,0.88
N4,,2024/04/09 17:49:16,0.82
N4,,2024/04/09 17:49:17,0.88
N4,,2024/04/09 17:49:18,0.90
N4,,2024/04/09 17:49:19,0.89
N4,,2024/04/09 17:49:50,0.87
N4,,2024/04/09 17:49:51,0.89
N4,,2024/04/09 17:49:57,0.56
N4,,2024/04/09 17:49:57,0.39
N4,,2024/04/09 17:49:58,0.89
N4,,2024/04/09 17:50:01,0.86
N4,,2024/04/09 17:50:08,0.86
N4,,2024/04/09 17:50:14,0.90
N4,,2024/04/09 17:50:15,0.84
N4,,2024/04/09 17:52:15,0.59
N4,,2024/04/09 17:52:16,0.78
N4,,2024/04/09 17:52:17,0.91
N4,,2024/04/09 17:53:13,0.93
N4,,2024/04/09 17:53:14,0.91
N4,,2024/04/09 17:53:21,0.52
N4,,2024/04/09 17:54:50,0.90
N4,,2024/04/09 17:54:51,0.91
N4,,2024/04/09 17:54:52,0.90
N4,,2024/04/09 17:54:53,0.58
N4,,2024/04/09 17:54:54,0.92
N4,,2024/04/09 17:54:55,0.93
N4,,2024/04/09 17:54:55,0.83
N4,,2024/04/09 17:56:00,0.67
N4,,2024/04/09 17:56:04,0.87
N4,,2024/04/09 17:56:05,0.91
N4,,2024/04/09 17:56:09,0.87
N4,,2024/04/09 17:56:18,0.93
N4,,2024/04/09 17:56:19,0.91
N4,,2024/04/09 17:57:44,0.85
N4,,2024/04/09 17:57:45,0.94
N4,,2024/04/09 17:57:46,0.89
N4,,2024/04/09 17:57:47,0.92
N4,,2024/04/09 17:57:48,0.92
N4,,2024/04/09 17:57:49,0.90
N4,,2024/04/09 17:57:50,0.91
N4,,2024/04/09 17:57:51,0.93
N4,,2024/04/09 17:57:52,0.93
N4,,2024/04/09 17:57:53,0.93
N4,,2024/04/09 17:57:54,0.92
N4,,2024/04/09 17:57:55,0.92
N4,,2024/04/09 17:57:56,0.93
N4,,2024/04/09 17:57:57,0.93
N4,,2024/04/09 17:57:58,0.94
N4,,2024/04/09 17:57:59,0.92
N4,,2024/04/09 17:58:01,0.65
N4,,2024/04/09 18:01:10,0.57
N4,,2024/04/09 18:01:11,0.89
N4,,2024/04/09 18:01:12,0.91
N4,,2024/04/09 18:01:13,0.89
N4,,2024/04/09 18:01:14,0.91
N4,,2024/04/09 18:01:15,0.87
N4,,2024/04/09 18:01:16,0.90
N4,,2024/04/09 18:01:33,0.86
N4,,2024/04/09 18:01:34,0.88
N4,,2024/04/09 18:01:35,0.90
N4,,2024/04/09 18:01:36,0.90
N4,,2024/04/09 18:01:37,0.83
N4,,2024/04/09 18:01:38,0.89
N4,,2024/04/09 18:01:39,0.88
N4,,2024/04/09 18:01:40,0.91
N4,,2024/04/09 18:01:42,0.84
N4,,2024/04/09 18:01:43,0.89
N4,,2024/04/09 18:01:44,0.87
N4,,2024/04/09 18:01:45,0.89
N4,,2024/04/09 18:01:46,0.89
N4,,2024/04/09 18:01:47,0.88
N4,,2024/04/09 18:01:50,0.90
N4,,2024/04/09 18:01:51,0.88
N4,,2024/04/09 18:02:01,0.90
N4,,2024/04/09 18:02:02,0.84
N4,,2024/04/09 18:02:03,0.86
N4,,2024/04/09 18:02:04,0.88
N4,,2024/04/09 18:02:05,0.89
N4,,2024/04/09 18:02:06,0.83
N4,,2024/04/09 18:02:07,0.88
N4,,2024/04/09 18:02:08,0.92
N4,,2024/04/09 18:02:09,0.94
N4,,2024/04/09 18:02:10,0.91
N4,,2024/04/09 18:02:57,0.93
N4,,2024/04/09 18:02:58,0.57
N4,,2024/04/09 18:03:12,0.80
N4,,2024/04/09 18:03:13,0.90
N4,,2024/04/09 18:03:14,0.89
N4,,2024/04/09 18:04:37,0.93
N4,,2024/04/09 18:04:38,0.94
N4,,2024/04/09 18:04:39,0.91
N4,,2024/04/09 18:04:40,0.93
N4,,2024/04/09 18:04:41,0.92
N4,,2024/04/09 18:04:42,0.92
N4,,2024/04/09 18:04:43,0.91
N4,,2024/04/09 18:04:44,0.93
N4,,2024/04/09 18:04:45,0.93
N4,,2024/04/09 18:04:46,0.93
N4,,2024/04/09 18:04:47,0.91
N4,,2024/04/09 18:04:48,0.94
N4,,2024/04/09 18:04:49,0.92
N4,,2024/04/09 18:04:50,0.94
N4,,2024/04/09 18:04:51,0.95
N4,,2024/04/09 18:04:52,0.94
N4,,2024/04/09 18:04:53,0.90
N4,,2024/04/09 18:04:54,0.86
N4,,2024/04/09 18:04:55,0.79
N4,,2024/04/09 18:07:00,0.52
N4,,2024/04/09 18:07:00,0.91
N4,,2024/04/09 18:07:02,0.91
N4,,2024/04/09 18:07:20,0.88
N4,,2024/04/09 18:07:25,0.91
N4,,2024/04/09 18:07:26,0.90
N4,,2024/04/09 18:07:29,0.90
N4,,2024/04/09 18:07:31,0.90
N4,,2024/04/09 18:07:32,0.90
N4,,2024/04/09 18:07:42,0.89
N4,,2024/04/09 18:07:43,0.42
N4,,2024/04/09 18:07:43,0.39
N4,,2024/04/09 18:07:44,0.86
N4,,2024/04/09 18:07:55,0.92
N4,,2024/04/09 18:07:56,0.89
N4,,2024/04/09 18:07:57,0.87
N4,,2024/04/09 18:07:58,0.87
N4,,2024/04/09 18:07:59,0.88
N4,,2024/04/09 18:08:00,0.89
N4,,2024/04/09 18:08:00,0.87
N4,,2024/04/09 18:08:01,0.93
N4,,2024/04/09 18:08:02,0.95
N4,,2024/04/09 18:08:03,0.92
N4,,2024/04/09 18:10:13,0.93
N4,,2024/04/09 18:10:14,0.92
N4,,2024/04/09 18:10:15,0.93
N4,,2024/04/09 18:10:16,0.90
N4,,2024/04/09 18:10:20,0.92
N4,,2024/04/09 18:10:22,0.91
N4,,2024/04/09 18:10:23,0.92
N4,,2024/04/09 18:10:24,0.92
N4,,2024/04/09 18:10:26,0.91
N4,,2024/04/09 18:10:28,0.91
N4,,2024/04/09 18:10:30,0.91
N4,,2024/04/09 18:10:31,0.92
N4,,2024/04/09 18:10:32,0.91
N4,,2024/04/09 18:10:33,0.91
N4,,2024/04/09 18:10:37,0.93
N4,,2024/04/09 18:10:38,0.91
N4,,2024/04/09 18:10:39,0.93
N4,,2024/04/09 18:10:40,0.92
N4,,2024/04/09 18:10:41,0.94
N4,,2024/04/09 18:10:42,0.92
N4,,2024/04/09 18:10:43,0.92
N4,,2024/04/09 18:10:44,0.93
N4,,2024/04/09 18:10:45,0.94
N4,,2024/04/09 18:10:46,0.91
N4,,2024/04/09 18:10:47,0.92
N4,,2024/04/09 18:10:48,0.93
N4,,2024/04/09 18:10:49,0.94
N4,,2024/04/09 18:10:50,0.95
N4,,2024/04/09 18:10:51,0.92
N4,,2024/04/09 18:10:52,0.90
N4,,2024/04/09 18:10:53,0.91
N4,,2024/04/09 18:12:41,0.64
N4,,2024/04/09 18:12:42,0.89
N4,,2024/04/09 18:12:43,0.93
N4,,2024/04/09 18:12:44,0.91
N4,,2024/04/09 18:12:45,0.92
N4,,2024/04/09 18:12:46,0.91
N4,,2024/04/09 18:12:47,0.88
N4,,2024/04/09 18:12:48,0.89
N4,,2024/04/09 18:12:49,0.90
N4,,2024/04/09 18:12:50,0.90
N4,,2024/04/09 18:12:51,0.90
N4,,2024/04/09 18:12:52,0.88
N4,,2024/04/09 18:12:53,0.93
N4,,2024/04/09 18:12:54,0.90
N4,,2024/04/09 18:12:55,0.88
N4,,2024/04/09 18:12:56,0.88
N4,,2024/04/09 18:13:13,0.90
N4,,2024/04/09 18:13:14,0.87
N4,,2024/04/09 18:13:15,0.88
N4,,2024/04/09 18:13:16,0.85
N4,,2024/04/09 18:13:17,0.84
N4,,2024/04/09 18:13:18,0.86
N4,,2024/04/09 18:13:19,0.89
N4,,2024/04/09 18:13:20,0.89
N4,,2024/04/09 18:13:21,0.92
N4,,2024/04/09 18:13:22,0.88
N4,,2024/04/09 18:13:23,0.88
N4,,2024/04/09 18:13:24,0.89
N4,,2024/04/09 18:13:25,0.88
N4,,2024/04/09 18:13:26,0.89
N4,,2024/04/09 18:13:27,0.90
N4,,2024/04/09 18:13:35,0.91
N4,,2024/04/09 18:13:46,0.89
N4,,2024/04/09 18:13:47,0.83
N4,,2024/04/09 18:13:48,0.80
N4,,2024/04/09 18:13:49,0.76
N4,,2024/04/09 18:13:50,0.82
N4,,2024/04/09 18:13:51,0.84
N4,,2024/04/09 18:13:52,0.87
N4,,2024/04/09 18:13:53,0.87
N4,,2024/04/09 18:13:54,0.93
N4,,2024/04/09 18:13:55,0.93
N4,,2024/04/09 18:13:56,0.92
N4,,2024/04/09 18:16:16,0.92
N4,,2024/04/09 18:16:17,0.93
N4,,2024/04/09 18:16:18,0.91
N4,,2024/04/09 18:16:19,0.91
N4,,2024/04/09 18:16:20,0.92
N4,,2024/04/09 18:16:21,0.92
N4,,2024/04/09 18:16:22,0.92
N4,,2024/04/09 18:16:23,0.91
N4,,2024/04/09 18:16:24,0.91
N4,,2024/04/09 18:16:25,0.92
N4,,2024/04/09 18:16:26,0.92
N4,,2024/04/09 18:16:27,0.93
N4,,2024/04/09 18:16:28,0.92
N4,,2024/04/09 18:16:29,0.93
N4,,2024/04/09 18:16:30,0.92
N4,,2024/04/09 18:16:31,0.93
N4,,2024/04/09 18:16:32,0.92
N4,,2024/04/09 18:16:32,0.92
N4,,2024/04/09 18:16:33,0.93
N4,,2024/04/09 18:16:34,0.91
N4,,2024/04/09 18:16:35,0.92
N4,,2024/04/09 18:16:36,0.92
N4,,2024/04/09 18:16:37,0.93
N4,,2024/04/09 18:16:38,0.94
N4,,2024/04/09 18:16:39,0.93
N4,,2024/04/09 18:16:40,0.93
N4,,2024/04/09 18:16:41,0.92
N4,,2024/04/09 18:16:42,0.92
N4,,2024/04/09 18:16:43,0.91
N4,,2024/04/09 18:16:44,0.93
N4,,2024/04/09 18:16:45,0.92
N4,,2024/04/09 18:16:46,0.94
N4,,2024/04/09 18:16:47,0.93
N4,,2024/04/09 18:16:48,0.92
N4,,2024/04/09 18:16:49,0.92
N4,,2024/04/09 18:16:50,0.94
N4,,2024/04/09 18:16:51,0.94
N4,,2024/04/09 18:16:52,0.92
N4,,2024/04/09 18:16:53,0.90
N4,,2024/04/09 18:16:54,0.63
N4,,2024/04/09 18:19:18,0.91
N4,,2024/04/09 18:19:19,0.86
N4,,2024/04/09 18:19:31,0.91
N4,,2024/04/09 18:19:32,0.90
N4,,2024/04/09 18:19:33,0.91
N4,,2024/04/09 18:19:34,0.85
N4,,2024/04/09 18:19:35,0.91
N4,,2024/04/09 18:19:36,0.89
N4,,2024/04/09 18:19:36,0.80
N4,,2024/04/09 18:19:37,0.93
N4,,2024/04/09 18:19:38,0.95
N4,,2024/04/09 18:19:39,0.93
N4,,2024/04/09 18:22:00,0.93
N4,,2024/04/09 18:22:01,0.93
N4,,2024/04/09 18:22:02,0.93
N4,,2024/04/09 18:22:03,0.91
N4,,2024/04/09 18:22:04,0.92
N4,,2024/04/09 18:22:05,0.92
N4,,2024/04/09 18:22:06,0.91
N4,,2024/04/09 18:22:07,0.91
N4,,2024/04/09 18:22:08,0.92
N4,,2024/04/09 18:22:09,0.91
N4,,2024/04/09 18:22:10,0.90
N4,,2024/04/09 18:22:11,0.91
N4,,2024/04/09 18:22:25,0.91
N4,,2024/04/09 18:22:29,0.92
N4,,2024/04/09 18:22:30,0.91
N4,,2024/04/09 18:22:31,0.91
N4,,2024/04/09 18:22:32,0.91
N4,,2024/04/09 18:22:33,0.91
N4,,2024/04/09 18:22:34,0.92
N4,,2024/04/09 18:22:35,0.93
N4,,2024/04/09 18:22:36,0.90
N4,,2024/04/09 18:22:37,0.92
N4,,2024/04/09 18:22:38,0.92
N4,,2024/04/09 18:22:39,0.92
N4,,2024/04/09 18:22:40,0.91
N4,,2024/04/09 18:22:41,0.93
N4,,2024/04/09 18:22:42,0.92
N4,,2024/04/09 18:22:43,0.94
N4,,2024/04/09 18:22:44,0.93
N4,,2024/04/09 18:22:45,0.94
N4,,2024/04/09 18:22:46,0.93
N4,,2024/04/09 18:22:47,0.91
N4,,2024/04/09 18:22:48,0.92
N4,,2024/04/09 18:22:49,0.94
N4,,2024/04/09 18:22:50,0.94
N4,,2024/04/09 18:22:50,0.94
N4,,2024/04/09 18:22:51,0.92
N4,,2024/04/09 18:22:52,0.90
N4,,2024/04/09 18:22:53,0.82
N4,,2024/04/09 18:24:27,0.81
N4,,2024/04/09 18:24:30,0.87
N4,,2024/04/09 18:24:32,0.84
N4,,2024/04/09 18:25:01,0.90
N4,,2024/04/09 18:25:02,0.85
N4,,2024/04/09 18:25:14,0.91
N4,,2024/04/09 18:25:15,0.88
N4,,2024/04/09 18:25:16,0.90
N4,,2024/04/09 18:25:17,0.84
N4,,2024/04/09 18:25:18,0.80
N4,,2024/04/09 18:25:19,0.74
N4,,2024/04/09 18:25:20,0.84
N4,,2024/04/09 18:25:21,0.86
N4,,2024/04/09 18:25:22,0.93
N4,,2024/04/09 18:25:23,0.94
N4,,2024/04/09 18:25:24,0.92
N4,,2024/04/09 18:27:37,0.91
N4,,2024/04/09 18:27:38,0.94
N4,,2024/04/09 18:27:39,0.91
N4,,2024/04/09 18:27:40,0.92
N4,,2024/04/09 18:27:41,0.92
N4,,2024/04/09 18:27:42,0.90
N4,,2024/04/09 18:27:42,0.89
N4,,2024/04/09 18:27:43,0.89
N4,,2024/04/09 18:27:44,0.88
N4,,2024/04/09 18:27:45,0.90
N4,,2024/04/09 18:27:46,0.89
N4,,2024/04/09 18:27:47,0.90
N4,,2024/04/09 18:27:48,0.88
N4,,2024/04/09 18:27:49,0.89
N4,,2024/04/09 18:27:50,0.89
N4,,2024/04/09 18:27:51,0.90
N4,,2024/04/09 18:27:52,0.90
N4,,2024/04/09 18:27:53,0.91
N4,,2024/04/09 18:27:54,0.90
N4,,2024/04/09 18:27:55,0.91
N4,,2024/04/09 18:27:56,0.89
N4,,2024/04/09 18:27:57,0.89
N4,,2024/04/09 18:27:58,0.89
N4,,2024/04/09 18:27:59,0.87
N4,,2024/04/09 18:28:00,0.90
N4,,2024/04/09 18:28:01,0.90
N4,,2024/04/09 18:28:06,0.90
N4,,2024/04/09 18:28:07,0.87
N4,,2024/04/09 18:28:08,0.88
N4,,2024/04/09 18:28:09,0.91
N4,,2024/04/09 18:28:10,0.89
N4,,2024/04/09 18:28:11,0.90
N4,,2024/04/09 18:28:12,0.92
N4,,2024/04/09 18:28:13,0.91
N4,,2024/04/09 18:28:14,0.91
N4,,2024/04/09 18:28:14,0.91
N4,,2024/04/09 18:28:15,0.91
N4,,2024/04/09 18:28:16,0.91
N4,,2024/04/09 18:28:17,0.91
N4,,2024/04/09 18:28:18,0.91
N4,,2024/04/09 18:28:19,0.91
N4,,2024/04/09 18:28:20,0.91
N4,,2024/04/09 18:28:21,0.91
N4,,2024/04/09 18:28:22,0.91
N4,,2024/04/09 18:28:23,0.91
N4,,2024/04/09 18:28:24,0.92
N4,,2024/04/09 18:28:25,0.91
N4,,2024/04/09 18:28:26,0.91
N4,,2024/04/09 18:28:27,0.91
N4,,2024/04/09 18:28:28,0.90
N4,,2024/04/09 18:28:29,0.90
N4,,2024/04/09 18:28:30,0.91
N4,,2024/04/09 18:28:31,0.91
N4,,2024/04/09 18:28:32,0.89
N4,,2024/04/09 18:28:33,0.91
N4,,2024/04/09 18:28:34,0.90
N4,,2024/04/09 18:28:35,0.93
N4,,2024/04/09 18:28:36,0.93
N4,,2024/04/09 18:28:37,0.93
N4,,2024/04/09 18:28:38,0.92
N4,,2024/04/09 18:28:39,0.91
N4,,2024/04/09 18:28:40,0.93
N4,,2024/04/09 18:28:41,0.93
N4,,2024/04/09 18:28:42,0.93
N4,,2024/04/09 18:28:43,0.92
N4,,2024/04/09 18:28:44,0.93
N4,,2024/04/09 18:28:45,0.91
N4,,2024/04/09 18:28:46,0.92
N4,,2024/04/09 18:28:47,0.93
N4,,2024/04/09 18:28:47,0.94
N4,,2024/04/09 18:28:48,0.94
N4,,2024/04/09 18:28:49,0.93
N4,,2024/04/09 18:28:50,0.90
N4,,2024/04/09 18:28:51,0.91
N4,,2024/04/09 18:30:14,0.83
N4,,2024/04/09 18:30:15,0.62
N4,,2024/04/09 18:30:16,0.86
N4,,2024/04/09 18:30:18,0.49
N4,,2024/04/09 18:30:30,0.71
N4,,2024/04/09 18:30:31,0.52
N4,,2024/04/09 18:30:32,0.88
N4,,2024/04/09 18:30:32,0.50
N4,,2024/04/09 18:30:34,0.70
N4,,2024/04/09 18:30:35,0.73
N4,,2024/04/09 18:30:36,0.61
N4,,2024/04/09 18:30:37,0.60
N4,,2024/04/09 18:30:38,0.52
N4,,2024/04/09 18:30:39,0.74
N4,,2024/04/09 18:30:40,0.64
N4,,2024/04/09 18:30:41,0.79
N4,,2024/04/09 18:30:42,0.70
N4,,2024/04/09 18:30:43,0.89
N4,,2024/04/09 18:30:43,0.50
N4,,2024/04/09 18:30:44,0.89
N4,,2024/04/09 18:30:44,0.52
N4,,2024/04/09 18:30:45,0.50
N4,,2024/04/09 18:30:48,0.76
N4,,2024/04/09 18:30:49,0.91
N4,,2024/04/09 18:30:49,0.59
N4,,2024/04/09 18:30:50,0.88
N4,,2024/04/09 18:30:50,0.73
N4,,2024/04/09 18:30:57,0.61
N4,,2024/04/09 18:30:59,0.75
N4,,2024/04/09 18:31:00,0.63
N4,,2024/04/09 18:31:01,0.89
N4,,2024/04/09 18:31:01,0.78
N4,,2024/04/09 18:31:02,0.89
N4,,2024/04/09 18:31:02,0.89
N4,,2024/04/09 18:31:03,0.88
N4,,2024/04/09 18:31:04,0.88
N4,,2024/04/09 18:31:05,0.90
N4,,2024/04/09 18:31:06,0.89
N4,,2024/04/09 18:31:07,0.86
N4,,2024/04/09 18:31:08,0.91
N4,,2024/04/09 18:31:09,0.92
N4,,2024/04/09 18:33:21,0.93
N4,,2024/04/09 18:33:22,0.91
N4,,2024/04/09 18:33:23,0.92
N4,,2024/04/09 18:33:24,0.89
N4,,2024/04/09 18:33:25,0.92
N4,,2024/04/09 18:33:26,0.91
N4,,2024/04/09 18:33:27,0.91
N4,,2024/04/09 18:33:28,0.91
N4,,2024/04/09 18:33:29,0.92
N4,,2024/04/09 18:33:30,0.91
N4,,2024/04/09 18:33:31,0.91
N4,,2024/04/09 18:33:32,0.92
N4,,2024/04/09 18:33:33,0.91
N4,,2024/04/09 18:33:34,0.92
N4,,2024/04/09 18:33:35,0.91
N4,,2024/04/09 18:33:36,0.92
N4,,2024/04/09 18:33:37,0.90
N4,,2024/04/09 18:33:38,0.92
N4,,2024/04/09 18:33:39,0.91
N4,,2024/04/09 18:33:39,0.91
N4,,2024/04/09 18:33:40,0.92
N4,,2024/04/09 18:33:41,0.91
N4,,2024/04/09 18:33:42,0.90
N4,,2024/04/09 18:33:44,0.91
N4,,2024/04/09 18:33:45,0.91
N4,,2024/04/09 18:33:46,0.91
N4,,2024/04/09 18:33:47,0.91
N4,,2024/04/09 18:33:48,0.91
N4,,2024/04/09 18:33:49,0.90
N4,,2024/04/09 18:33:50,0.91
N4,,2024/04/09 18:33:51,0.89
N4,,2024/04/09 18:33:52,0.91
N4,,2024/04/09 18:33:53,0.90
N4,,2024/04/09 18:33:54,0.91
N4,,2024/04/09 18:33:55,0.91
N4,,2024/04/09 18:33:56,0.90
N4,,2024/04/09 18:33:57,0.90
N4,,2024/04/09 18:33:58,0.90
N4,,2024/04/09 18:34:02,0.91
N4,,2024/04/09 18:34:05,0.90
N4,,2024/04/09 18:34:06,0.90
N4,,2024/04/09 18:34:07,0.89
N4,,2024/04/09 18:34:09,0.89
N4,,2024/04/09 18:34:14,0.90
N4,,2024/04/09 18:34:15,0.92
N4,,2024/04/09 18:34:16,0.92
N4,,2024/04/09 18:34:17,0.92
N4,,2024/04/09 18:34:18,0.92
N4,,2024/04/09 18:34:19,0.92
N4,,2024/04/09 18:34:20,0.92
N4,,2024/04/09 18:34:21,0.92
N4,,2024/04/09 18:34:22,0.92
N4,,2024/04/09 18:34:23,0.91
N4,,2024/04/09 18:34:24,0.91
N4,,2024/04/09 18:34:25,0.92
N4,,2024/04/09 18:34:26,0.92
N4,,2024/04/09 18:34:27,0.91
N4,,2024/04/09 18:34:28,0.92
N4,,2024/04/09 18:34:29,0.92
N4,,2024/04/09 18:34:30,0.92
N4,,2024/04/09 18:34:31,0.91
N4,,2024/04/09 18:34:32,0.93
N4,,2024/04/09 18:34:33,0.92
N4,,2024/04/09 18:34:34,0.93
N4,,2024/04/09 18:34:35,0.94
N4,,2024/04/09 18:34:36,0.92
N4,,2024/04/09 18:34:37,0.91
N4,,2024/04/09 18:34:38,0.91
N4,,2024/04/09 18:34:39,0.91
N4,,2024/04/09 18:34:40,0.93
N4,,2024/04/09 18:34:41,0.93
N4,,2024/04/09 18:34:41,0.93
N4,,2024/04/09 18:34:42,0.92
N4,,2024/04/09 18:34:43,0.92
N4,,2024/04/09 18:34:44,0.92
N4,,2024/04/09 18:34:45,0.94
N4,,2024/04/09 18:34:46,0.94
N4,,2024/04/09 18:34:47,0.94
N4,,2024/04/09 18:34:48,0.94
N4,,2024/04/09 18:34:49,0.92
N4,,2024/04/09 18:34:50,0.89
N4,,2024/04/09 18:34:51,0.92
N4,,2024/04/09 18:36:16,0.87
N4,,2024/04/09 18:36:17,0.85
N4,,2024/04/09 18:36:32,0.91
N4,,2024/04/09 18:36:37,0.89
N4,,2024/04/09 18:36:40,0.86
N4,,2024/04/09 18:36:41,0.87
N4,,2024/04/09 18:36:42,0.89
N4,,2024/04/09 18:36:46,0.93
N4,,2024/04/09 18:36:47,0.81
N4,,2024/04/09 18:36:48,0.88
N4,,2024/04/09 18:37:00,0.90
N4,,2024/04/09 18:37:01,0.89
N4,,2024/04/09 18:37:01,0.91
N4,,2024/04/09 18:37:02,0.89
N4,,2024/04/09 18:37:03,0.89
N4,,2024/04/09 18:37:04,0.86
N4,,2024/04/09 18:37:05,0.87
N4,,2024/04/09 18:37:06,0.89
N4,,2024/04/09 18:37:07,0.84
N4,,2024/04/09 18:37:08,0.91
N4,,2024/04/09 18:37:09,0.93
N4,,2024/04/09 18:39:32,0.93
N4,,2024/04/09 18:39:33,0.94
N4,,2024/04/09 18:39:34,0.91
N4,,2024/04/09 18:39:34,0.90
N4,,2024/04/09 18:39:40,0.90
N4,,2024/04/09 18:39:41,0.90
N4,,2024/04/09 18:39:42,0.90
N4,,2024/04/09 18:39:43,0.91
N4,,2024/04/09 18:39:44,0.90
N4,,2024/04/09 18:39:45,0.91
N4,,2024/04/09 18:39:47,0.91
N4,,2024/04/09 18:39:53,0.90
N4,,2024/04/09 18:39:54,0.91
N4,,2024/04/09 18:39:56,0.92
N4,,2024/04/09 18:39:58,0.91
N4,,2024/04/09 18:40:00,0.88
N4,,2024/04/09 18:40:00,0.90
N4,,2024/04/09 18:40:00,0.92
N4,,2024/04/09 18:40:01,0.91
N4,,2024/04/09 18:40:02,0.91
N4,,2024/04/09 18:40:03,0.90
N4,,2024/04/09 18:40:04,0.91
N4,,2024/04/09 18:40:05,0.90
N4,,2024/04/09 18:40:06,0.90
N4,,2024/04/09 18:40:07,0.89
N4,,2024/04/09 18:40:08,0.90
N4,,2024/04/09 18:40:09,0.90
N4,,2024/04/09 18:40:10,0.89
N4,,2024/04/09 18:40:11,0.91
N4,,2024/04/09 18:40:12,0.90
N4,,2024/04/09 18:40:13,0.89
N4,,2024/04/09 18:40:14,0.91
N4,,2024/04/09 18:40:15,0.91
N4,,2024/04/09 18:40:16,0.92
N4,,2024/04/09 18:40:17,0.92
N4,,2024/04/09 18:40:18,0.92
N4,,2024/04/09 18:40:19,0.92
N4,,2024/04/09 18:40:20,0.92
N4,,2024/04/09 18:40:22,0.89
N4,,2024/04/09 18:40:23,0.90
N4,,2024/04/09 18:40:24,0.92
N4,,2024/04/09 18:40:25,0.93
N4,,2024/04/09 18:40:26,0.92
N4,,2024/04/09 18:40:27,0.92
N4,,2024/04/09 18:40:28,0.92
N4,,2024/04/09 18:40:29,0.91
N4,,2024/04/09 18:40:30,0.91
N4,,2024/04/09 18:40:30,0.91
N4,,2024/04/09 18:40:31,0.89
N4,,2024/04/09 18:40:32,0.92
N4,,2024/04/09 18:40:33,0.92
N4,,2024/04/09 18:40:34,0.91
N4,,2024/04/09 18:40:35,0.94
N4,,2024/04/09 18:40:36,0.93
N4,,2024/04/09 18:40:37,0.93
N4,,2024/04/09 18:40:38,0.94
N4,,2024/04/09 18:40:39,0.92
N4,,2024/04/09 18:40:40,0.93
N4,,2024/04/09 18:40:41,0.93
N4,,2024/04/09 18:40:42,0.94
N4,,2024/04/09 18:40:43,0.92
N4,,2024/04/09 18:40:44,0.92
N4,,2024/04/09 18:40:45,0.93
N4,,2024/04/09 18:40:46,0.92
N4,,2024/04/09 18:40:47,0.94
N4,,2024/04/09 18:40:48,0.94
N4,,2024/04/09 18:40:49,0.93
N4,,2024/04/09 18:40:50,0.92
N4,,2024/04/09 18:40:52,0.60
N4,,2024/04/09 18:42:05,0.89
N4,,2024/04/09 18:42:06,0.84
N4,,2024/04/09 18:42:34,0.90
N4,,2024/04/09 18:42:35,0.89
N4,,2024/04/09 18:42:46,0.90
N4,,2024/04/09 18:42:47,0.90
N4,,2024/04/09 18:42:48,0.86
N4,,2024/04/09 18:42:49,0.49
N4,,2024/04/09 18:42:50,0.86
N4,,2024/04/09 18:42:51,0.89
N4,,2024/04/09 18:42:52,0.87
N4,,2024/04/09 18:42:53,0.91
N4,,2024/04/09 18:42:54,0.95
N4,,2024/04/09 18:42:55,0.93
N4,,2024/04/09 18:45:18,0.92
N4,,2024/04/09 18:45:19,0.94
N4,,2024/04/09 18:45:20,0.91
N4,,2024/04/09 18:45:21,0.91
N4,,2024/04/09 18:45:27,0.89
N4,,2024/04/09 18:45:30,0.91
N4,,2024/04/09 18:45:48,0.90
N4,,2024/04/09 18:45:49,0.90
N4,,2024/04/09 18:45:50,0.87
N4,,2024/04/09 18:45:51,0.90
N4,,2024/04/09 18:46:09,0.90
N4,,2024/04/09 18:46:10,0.88
N4,,2024/04/09 18:46:11,0.89
N4,,2024/04/09 18:46:13,0.89
N4,,2024/04/09 18:46:14,0.91
N4,,2024/04/09 18:46:15,0.91
N4,,2024/04/09 18:46:20,0.91
N4,,2024/04/09 18:46:25,0.91
N4,,2024/04/09 18:46:26,0.91
N4,,2024/04/09 18:46:27,0.90
N4,,2024/04/09 18:46:28,0.90
N4,,2024/04/09 18:46:29,0.91
N4,,2024/04/09 18:46:31,0.92
N4,,2024/04/09 18:46:33,0.91
N4,,2024/04/09 18:46:35,0.92
N4,,2024/04/09 18:46:36,0.92
N4,,2024/04/09 18:46:36,0.93
N4,,2024/04/09 18:46:37,0.92
N4,,2024/04/09 18:46:38,0.93
N4,,2024/04/09 18:46:39,0.93
N4,,2024/04/09 18:46:40,0.91
N4,,2024/04/09 18:46:41,0.92
N4,,2024/04/09 18:46:42,0.92
N4,,2024/04/09 18:46:43,0.92
N4,,2024/04/09 18:46:44,0.91
N4,,2024/04/09 18:46:45,0.93
N4,,2024/04/09 18:46:46,0.92
N4,,2024/04/09 18:46:47,0.94
N4,,2024/04/09 18:46:48,0.94
N4,,2024/04/09 18:46:49,0.94
N4,,2024/04/09 18:46:50,0.92
N4,,2024/04/09 18:46:51,0.90
N4,,2024/04/09 18:46:52,0.45
N4,,2024/04/09 18:48:45,0.78
N4,,2024/04/09 18:49:17,0.91
N4,,2024/04/09 18:49:18,0.82
N4,,2024/04/09 18:49:22,0.87
N4,,2024/04/09 18:49:30,0.90
N4,,2024/04/09 18:49:31,0.90
N4,,2024/04/09 18:49:32,0.52
N4,,2024/04/09 18:49:33,0.82
N4,,2024/04/09 18:49:34,0.86
N4,,2024/04/09 18:49:35,0.87
N4,,2024/04/09 18:49:36,0.87
N4,,2024/04/09 18:49:37,0.81
N4,,2024/04/09 18:49:38,0.91
N4,,2024/04/09 18:49:39,0.94
N4,,2024/04/09 18:49:40,0.70
N4,,2024/04/09 18:52:07,0.94
N4,,2024/04/09 18:52:08,0.91
N4,,2024/04/09 18:52:09,0.92
N4,,2024/04/09 18:52:10,0.92
N4,,2024/04/09 18:52:11,0.90
N4,,2024/04/09 18:52:12,0.91
N4,,2024/04/09 18:52:13,0.91
N4,,2024/04/09 18:52:14,0.90
N4,,2024/04/09 18:52:15,0.90
N4,,2024/04/09 18:52:15,0.91
N4,,2024/04/09 18:52:16,0.90
N4,,2024/04/09 18:52:17,0.90
N4,,2024/04/09 18:52:18,0.89
N4,,2024/04/09 18:52:19,0.90
N4,,2024/04/09 18:52:20,0.90
N4,,2024/04/09 18:52:21,0.79
N4,,2024/04/09 18:52:22,0.89
N4,,2024/04/09 18:52:23,0.90
N4,,2024/04/09 18:52:24,0.90
N4,,2024/04/09 18:52:25,0.90
N4,,2024/04/09 18:52:26,0.90
N4,,2024/04/09 18:52:27,0.90
N4,,2024/04/09 18:52:28,0.90
N4,,2024/04/09 18:52:29,0.91
N4,,2024/04/09 18:52:30,0.90
N4,,2024/04/09 18:52:31,0.90
N4,,2024/04/09 18:52:32,0.90
N4,,2024/04/09 18:52:33,0.90
N4,,2024/04/09 18:52:34,0.90
N4,,2024/04/09 18:52:35,0.92
N4,,2024/04/09 18:52:36,0.92
N4,,2024/04/09 18:52:37,0.92
N4,,2024/04/09 18:52:38,0.92
N4,,2024/04/09 18:52:39,0.91
N4,,2024/04/09 18:52:40,0.92
N4,,2024/04/09 18:52:41,0.92
N4,,2024/04/09 18:52:42,0.92
N4,,2024/04/09 18:52:43,0.92
N4,,2024/04/09 18:52:44,0.93
N4,,2024/04/09 18:52:45,0.91
N4,,2024/04/09 18:52:46,0.92
N4,,2024/04/09 18:52:47,0.92
N4,,2024/04/09 18:52:48,0.94
N4,,2024/04/09 18:52:49,0.95
N4,,2024/04/09 18:52:49,0.93
N4,,2024/04/09 18:52:50,0.90
N4,,2024/04/09 18:52:51,0.88
N4,,2024/04/09 18:52:52,0.87
N4,,2024/04/09 18:54:33,0.73
N4,,2024/04/09 18:54:34,0.86
N4,,2024/04/09 18:54:49,0.88
N4,,2024/04/09 18:55:02,0.90
N4,,2024/04/09 18:55:03,0.91
N4,,2024/04/09 18:55:15,0.90
N4,,2024/04/09 18:55:16,0.90
N4,,2024/04/09 18:55:17,0.90
N4,,2024/04/09 18:55:18,0.47
N4,,2024/04/09 18:55:18,0.38
N4,,2024/04/09 18:55:19,0.89
N4,,2024/04/09 18:55:20,0.86
N4,,2024/04/09 18:55:21,0.82
N4,,2024/04/09 18:55:22,0.86
N4,,2024/04/09 18:55:23,0.90
N4,,2024/04/09 18:55:24,0.91
N4,,2024/04/09 18:55:25,0.94
N4,,2024/04/09 18:57:42,0.92
N4,,2024/04/09 18:57:43,0.93
N4,,2024/04/09 18:57:44,0.91
N4,,2024/04/09 18:57:45,0.93
N4,,2024/04/09 18:57:46,0.90
N4,,2024/04/09 18:57:47,0.92
N4,,2024/04/09 18:57:48,0.90
N4,,2024/04/09 18:57:49,0.91
N4,,2024/04/09 18:57:50,0.90
N4,,2024/04/09 18:57:51,0.91
N4,,2024/04/09 18:57:52,0.90
N4,,2024/04/09 18:57:53,0.92
N4,,2024/04/09 18:57:54,0.91
N4,,2024/04/09 18:57:55,0.91
N4,,2024/04/09 18:57:56,0.91
N4,,2024/04/09 18:57:57,0.91
N4,,2024/04/09 18:57:58,0.92
N4,,2024/04/09 18:57:59,0.91
N4,,2024/04/09 18:58:00,0.90
N4,,2024/04/09 18:58:01,0.91
N4,,2024/04/09 18:58:02,0.89
N4,,2024/04/09 18:58:03,0.91
N4,,2024/04/09 18:58:04,0.91
N4,,2024/04/09 18:58:05,0.91
N4,,2024/04/09 18:58:06,0.90
N4,,2024/04/09 18:58:07,0.91
N4,,2024/04/09 18:58:08,0.91
N4,,2024/04/09 18:58:09,0.91
N4,,2024/04/09 18:58:10,0.91
N4,,2024/04/09 18:58:10,0.92
N4,,2024/04/09 18:58:11,0.92
N4,,2024/04/09 18:58:12,0.91
N4,,2024/04/09 18:58:13,0.90
N4,,2024/04/09 18:58:14,0.91
N4,,2024/04/09 18:58:15,0.90
N4,,2024/04/09 18:58:16,0.91
N4,,2024/04/09 18:58:17,0.90
N4,,2024/04/09 18:58:18,0.90
N4,,2024/04/09 18:58:19,0.91
N4,,2024/04/09 18:58:20,0.92
N4,,2024/04/09 18:58:21,0.90
N4,,2024/04/09 18:58:22,0.91
N4,,2024/04/09 18:58:23,0.90
N4,,2024/04/09 18:58:24,0.91
N4,,2024/04/09 18:58:25,0.91
N4,,2024/04/09 18:58:26,0.89
N4,,2024/04/09 18:58:27,0.91
N4,,2024/04/09 18:58:28,0.90
N4,,2024/04/09 18:58:29,0.91
N4,,2024/04/09 18:58:30,0.92
N4,,2024/04/09 18:58:31,0.90
N4,,2024/04/09 18:58:32,0.90
N4,,2024/04/09 18:58:33,0.90
N4,,2024/04/09 18:58:34,0.92
N4,,2024/04/09 18:58:35,0.93
N4,,2024/04/09 18:58:36,0.91
N4,,2024/04/09 18:58:37,0.92
N4,,2024/04/09 18:58:38,0.91
N4,,2024/04/09 18:58:39,0.93
N4,,2024/04/09 18:58:40,0.92
N4,,2024/04/09 18:58:41,0.92
N4,,2024/04/09 18:58:42,0.92
N4,,2024/04/09 18:58:42,0.92
N4,,2024/04/09 18:58:43,0.93
N4,,2024/04/09 18:58:44,0.93
N4,,2024/04/09 18:58:45,0.91
N4,,2024/04/09 18:58:46,0.92
N4,,2024/04/09 18:58:47,0.93
N4,,2024/04/09 18:58:48,0.94
N4,,2024/04/09 18:58:49,0.94
N4,,2024/04/09 18:58:50,0.93
N4,,2024/04/09 18:58:51,0.90
N4,,2024/04/09 18:58:52,0.83
N4,,2024/04/09 19:00:14,0.71
N4,,2024/04/09 19:00:15,0.86
N4,,2024/04/09 19:00:17,0.79
N4,,2024/04/09 19:00:47,0.90
N4,,2024/04/09 19:00:48,0.90
N4,,2024/04/09 19:00:59,0.90
N4,,2024/04/09 19:01:00,0.86
N4,,2024/04/09 19:01:01,0.81
N4,,2024/04/09 19:01:02,0.85
N4,,2024/04/09 19:01:03,0.87
N4,,2024/04/09 19:01:04,0.50
N4,,2024/04/09 19:01:04,0.70
N4,,2024/04/09 19:01:05,0.91
N4,,2024/04/09 19:01:06,0.94
N4,,2024/04/09 19:01:07,0.92
N4,,2024/04/09 19:03:22,0.93
N4,,2024/04/09 19:03:23,0.93
N4,,2024/04/09 19:03:24,0.86
N4,,2024/04/09 19:03:27,0.92
N4,,2024/04/09 19:03:28,0.91
N4,,2024/04/09 19:03:29,0.91
N4,,2024/04/09 19:03:30,0.90
N4,,2024/04/09 19:03:31,0.90
N4,,2024/04/09 19:03:32,0.90
N4,,2024/04/09 19:03:33,0.91
N4,,2024/04/09 19:03:34,0.91
N4,,2024/04/09 19:03:35,0.92
N4,,2024/04/09 19:03:36,0.93
N4,,2024/04/09 19:03:37,0.91
N4,,2024/04/09 19:03:38,0.91
N4,,2024/04/09 19:03:39,0.91
N4,,2024/04/09 19:03:40,0.91
N4,,2024/04/09 19:03:41,0.90
N4,,2024/04/09 19:03:42,0.91
N4,,2024/04/09 19:03:43,0.90
N4,,2024/04/09 19:03:44,0.91
N4,,2024/04/09 19:03:45,0.90
N4,,2024/04/09 19:03:45,0.90
N4,,2024/04/09 19:03:46,0.90
N4,,2024/04/09 19:03:47,0.89
N4,,2024/04/09 19:03:49,0.90
N4,,2024/04/09 19:03:50,0.90
N4,,2024/04/09 19:03:51,0.89
N4,,2024/04/09 19:03:52,0.89
N4,,2024/04/09 19:03:53,0.89
N4,,2024/04/09 19:03:54,0.90
N4,,2024/04/09 19:03:55,0.90
N4,,2024/04/09 19:03:57,0.89
N4,,2024/04/09 19:03:59,0.89
N4,,2024/04/09 19:04:01,0.88
N4,,2024/04/09 19:04:04,0.89
N4,,2024/04/09 19:04:10,0.90
N4,,2024/04/09 19:04:11,0.89
N4,,2024/04/09 19:04:13,0.91
N4,,2024/04/09 19:04:34,0.91
N4,,2024/04/09 19:04:35,0.92
N4,,2024/04/09 19:04:36,0.93
N4,,2024/04/09 19:04:37,0.92
N4,,2024/04/09 19:04:38,0.92
N4,,2024/04/09 19:04:39,0.93
N4,,2024/04/09 19:04:40,0.92
N4,,2024/04/09 19:04:41,0.93
N4,,2024/04/09 19:04:42,0.93
N4,,2024/04/09 19:04:43,0.93
N4,,2024/04/09 19:04:44,0.93
N4,,2024/04/09 19:04:45,0.91
N4,,2024/04/09 19:04:46,0.92
N4,,2024/04/09 19:04:47,0.92
N4,,2024/04/09 19:04:48,0.94
N4,,2024/04/09 19:04:49,0.93
N4,,2024/04/09 19:04:49,0.94
N4,,2024/04/09 19:04:50,0.93
N4,,2024/04/09 19:04:51,0.90
N4,,2024/04/09 19:04:52,0.82
N4,,2024/04/09 19:04:53,0.83
N4,,2024/04/09 19:06:07,0.87
N4,,2024/04/09 19:06:08,0.91
N4,,2024/04/09 19:06:23,0.89
N4,,2024/04/09 19:06:26,0.89
N4,,2024/04/09 19:06:29,0.90
N4,,2024/04/09 19:06:31,0.85
N4,,2024/04/09 19:06:32,0.88
N4,,2024/04/09 19:06:33,0.89
N4,,2024/04/09 19:06:36,0.88
N4,,2024/04/09 19:06:37,0.89
N4,,2024/04/09 19:06:49,0.89
N4,,2024/04/09 19:06:50,0.85
N4,,2024/04/09 19:06:51,0.47
N4,,2024/04/09 19:06:52,0.88
N4,,2024/04/09 19:06:53,0.86
N4,,2024/04/09 19:06:54,0.87
N4,,2024/04/09 19:06:55,0.87
N4,,2024/04/09 19:06:56,0.90
N4,,2024/04/09 19:06:57,0.91
N4,,2024/04/09 19:06:58,0.93
N4,,2024/04/09 19:09:20,0.94
N4,,2024/04/09 19:09:21,0.92
N4,,2024/04/09 19:09:22,0.92
N4,,2024/04/09 19:09:23,0.90
N4,,2024/04/09 19:09:24,0.91
N4,,2024/04/09 19:09:25,0.90
N4,,2024/04/09 19:09:26,0.90
N4,,2024/04/09 19:09:27,0.90
N4,,2024/04/09 19:09:27,0.90
N4,,2024/04/09 19:09:28,0.89
N4,,2024/04/09 19:09:29,0.91
N4,,2024/04/09 19:09:30,0.90
N4,,2024/04/09 19:09:31,0.89
N4,,2024/04/09 19:09:32,0.90
N4,,2024/04/09 19:09:33,0.89
N4,,2024/04/09 19:09:34,0.89
N4,,2024/04/09 19:09:35,0.90
N4,,2024/04/09 19:09:36,0.90
N4,,2024/04/09 19:09:37,0.91
N4,,2024/04/09 19:09:38,0.91
N4,,2024/04/09 19:09:39,0.90
N4,,2024/04/09 19:09:40,0.89
N4,,2024/04/09 19:09:41,0.89
N4,,2024/04/09 19:09:42,0.88
N4,,2024/04/09 19:09:43,0.86
N4,,2024/04/09 19:09:44,0.89
N4,,2024/04/09 19:09:45,0.90
N4,,2024/04/09 19:09:46,0.89
N4,,2024/04/09 19:09:47,0.90
N4,,2024/04/09 19:09:48,0.90
N4,,2024/04/09 19:09:49,0.91
N4,,2024/04/09 19:09:50,0.91
N4,,2024/04/09 19:09:51,0.91
N4,,2024/04/09 19:09:52,0.89
N4,,2024/04/09 19:09:53,0.90
N4,,2024/04/09 19:09:54,0.91
N4,,2024/04/09 19:09:55,0.91
N4,,2024/04/09 19:09:56,0.92
N4,,2024/04/09 19:09:56,0.91
N4,,2024/04/09 19:10:15,0.90
N4,,2024/04/09 19:10:22,0.92
N4,,2024/04/09 19:10:27,0.91
N4,,2024/04/09 19:10:31,0.91
N4,,2024/04/09 19:10:31,0.91
N4,,2024/04/09 19:10:33,0.82
N4,,2024/04/09 19:10:34,0.92
N4,,2024/04/09 19:10:35,0.92
N4,,2024/04/09 19:10:36,0.93
N4,,2024/04/09 19:10:37,0.92
N4,,2024/04/09 19:10:38,0.91
N4,,2024/04/09 19:10:39,0.92
N4,,2024/04/09 19:10:40,0.93
N4,,2024/04/09 19:10:41,0.93
N4,,2024/04/09 19:10:42,0.91
N4,,2024/04/09 19:10:43,0.93
N4,,2024/04/09 19:10:44,0.93
N4,,2024/04/09 19:10:45,0.92
N4,,2024/04/09 19:10:46,0.92
N4,,2024/04/09 19:10:47,0.94
N4,,2024/04/09 19:10:48,0.94
N4,,2024/04/09 19:10:49,0.93
N4,,2024/04/09 19:10:50,0.90
N4,,2024/04/09 19:10:52,0.83
N4,,2024/04/09 19:12:10,0.45
N4,,2024/04/09 19:12:38,0.90
N4,,2024/04/09 19:12:39,0.55
N4,,2024/04/09 19:12:40,0.89
N4,,2024/04/09 19:12:51,0.93
N4,,2024/04/09 19:12:52,0.89
N4,,2024/04/09 19:12:53,0.89
N4,,2024/04/09 19:12:54,0.85
N4,,2024/04/09 19:12:55,0.87
N4,,2024/04/09 19:12:56,0.88
N4,,2024/04/09 19:12:57,0.89
N4,,2024/04/09 19:12:58,0.90
N4,,2024/04/09 19:12:59,0.90
N4,,2024/04/09 19:13:00,0.95
N4,,2024/04/09 19:13:01,0.91
N4,,2024/04/09 19:15:23,0.91
N4,,2024/04/09 19:15:24,0.93
N4,,2024/04/09 19:15:25,0.91
N4,,2024/04/09 19:15:26,0.89
N4,,2024/04/09 19:15:27,0.92
N4,,2024/04/09 19:15:28,0.92
N4,,2024/04/09 19:15:29,0.92
N4,,2024/04/09 19:15:30,0.92
N4,,2024/04/09 19:15:30,0.92
N4,,2024/04/09 19:15:31,0.92
N4,,2024/04/09 19:15:32,0.92
N4,,2024/04/09 19:15:33,0.90
N4,,2024/04/09 19:15:34,0.92
N4,,2024/04/09 19:15:35,0.91
N4,,2024/04/09 19:15:36,0.92
N4,,2024/04/09 19:15:37,0.92
N4,,2024/04/09 19:15:38,0.91
N4,,2024/04/09 19:15:39,0.93
N4,,2024/04/09 19:15:40,0.93
N4,,2024/04/09 19:15:41,0.91
N4,,2024/04/09 19:15:42,0.90
N4,,2024/04/09 19:15:43,0.91
N4,,2024/04/09 19:15:44,0.91
N4,,2024/04/09 19:15:45,0.90
N4,,2024/04/09 19:15:46,0.92
N4,,2024/04/09 19:15:49,0.91
N4,,2024/04/09 19:15:50,0.91
N4,,2024/04/09 19:15:51,0.90
N4,,2024/04/09 19:15:52,0.90
N4,,2024/04/09 19:15:53,0.90
N4,,2024/04/09 19:15:54,0.90
N4,,2024/04/09 19:15:55,0.90
N4,,2024/04/09 19:15:56,0.91
N4,,2024/04/09 19:15:57,0.91
N4,,2024/04/09 19:15:58,0.91
N4,,2024/04/09 19:15:59,0.90
N4,,2024/04/09 19:16:00,0.90
N4,,2024/04/09 19:16:01,0.90
N4,,2024/04/09 19:16:01,0.91
N4,,2024/04/09 19:16:02,0.90
N4,,2024/04/09 19:16:03,0.90
N4,,2024/04/09 19:16:04,0.90
N4,,2024/04/09 19:16:05,0.90
N4,,2024/04/09 19:16:06,0.90
N4,,2024/04/09 19:16:07,0.91
N4,,2024/04/09 19:16:08,0.91
N4,,2024/04/09 19:16:09,0.91
N4,,2024/04/09 19:16:10,0.91
N4,,2024/04/09 19:16:11,0.91
N4,,2024/04/09 19:16:12,0.91
N4,,2024/04/09 19:16:13,0.91
N4,,2024/04/09 19:16:14,0.91
N4,,2024/04/09 19:16:15,0.91
N4,,2024/04/09 19:16:16,0.91
N4,,2024/04/09 19:16:17,0.91
N4,,2024/04/09 19:16:18,0.91
N4,,2024/04/09 19:16:19,0.91
N4,,2024/04/09 19:16:20,0.91
N4,,2024/04/09 19:16:21,0.91
N4,,2024/04/09 19:16:22,0.91
N4,,2024/04/09 19:16:23,0.91
N4,,2024/04/09 19:16:24,0.92
N4,,2024/04/09 19:16:25,0.92
N4,,2024/04/09 19:16:26,0.92
N4,,2024/04/09 19:16:27,0.92
N4,,2024/04/09 19:16:28,0.92
N4,,2024/04/09 19:16:29,0.90
N4,,2024/04/09 19:16:30,0.90
N4,,2024/04/09 19:16:31,0.92
N4,,2024/04/09 19:16:31,0.92
N4,,2024/04/09 19:16:32,0.91
N4,,2024/04/09 19:16:33,0.91
N4,,2024/04/09 19:16:34,0.92
N4,,2024/04/09 19:16:35,0.92
N4,,2024/04/09 19:16:36,0.92
N4,,2024/04/09 19:16:37,0.92
N4,,2024/04/09 19:16:38,0.92
N4,,2024/04/09 19:16:39,0.92
N4,,2024/04/09 19:16:40,0.92
N4,,2024/04/09 19:16:41,0.92
N4,,2024/04/09 19:16:42,0.93
N4,,2024/04/09 19:16:43,0.93
N4,,2024/04/09 19:16:44,0.91
N4,,2024/04/09 19:16:45,0.92
N4,,2024/04/09 19:16:46,0.93
N4,,2024/04/09 19:16:47,0.93
N4,,2024/04/09 19:16:48,0.94
N4,,2024/04/09 19:16:49,0.90
N4,,2024/04/09 19:16:50,0.90
N4,,2024/04/09 19:18:27,0.78
N4,,2024/04/09 19:18:28,0.89
N4,,2024/04/09 19:18:42,0.87
N4,,2024/04/09 19:18:45,0.88
N4,,2024/04/09 19:18:49,0.89
N4,,2024/04/09 19:18:50,0.91
N4,,2024/04/09 19:18:51,0.90
N4,,2024/04/09 19:18:55,0.91
N4,,2024/04/09 19:18:56,0.88
N4,,2024/04/09 19:18:57,0.87
N4,,2024/04/09 19:19:07,0.94
N4,,2024/04/09 19:19:08,0.87
N4,,2024/04/09 19:19:09,0.75
N4,,2024/04/09 19:19:10,0.85
N4,,2024/04/09 19:19:11,0.65
N4,,2024/04/09 19:19:12,0.53
N4,,2024/04/09 19:19:13,0.87
N4,,2024/04/09 19:19:14,0.73
N4,,2024/04/09 19:19:15,0.93
N4,,2024/04/09 19:19:16,0.94
N4,,2024/04/09 19:19:17,0.90
N4,,2024/04/09 19:21:41,0.93
N4,,2024/04/09 19:21:42,0.93
N4,,2024/04/09 19:21:43,0.91
N4,,2024/04/09 19:21:44,0.92
N4,,2024/04/09 19:21:45,0.93
N4,,2024/04/09 19:21:46,0.91
N4,,2024/04/09 19:21:47,0.92
N4,,2024/04/09 19:21:48,0.92
N4,,2024/04/09 19:21:49,0.90
N4,,2024/04/09 19:21:50,0.90
N4,,2024/04/09 19:21:51,0.91
N4,,2024/04/09 19:21:52,0.91
N4,,2024/04/09 19:21:53,0.91
N4,,2024/04/09 19:21:54,0.91
N4,,2024/04/09 19:21:55,0.91
N4,,2024/04/09 19:21:56,0.92
N4,,2024/04/09 19:21:57,0.91
N4,,2024/04/09 19:21:58,0.91
N4,,2024/04/09 19:21:59,0.91
N4,,2024/04/09 19:22:00,0.91
N4,,2024/04/09 19:22:01,0.91
N4,,2024/04/09 19:22:02,0.90
N4,,2024/04/09 19:22:03,0.91
N4,,2024/04/09 19:22:04,0.91
N4,,2024/04/09 19:22:05,0.91
N4,,2024/04/09 19:22:06,0.91
N4,,2024/04/09 19:22:07,0.91
N4,,2024/04/09 19:22:07,0.91
N4,,2024/04/09 19:22:08,0.90
N4,,2024/04/09 19:22:09,0.90
N4,,2024/04/09 19:22:10,0.91
N4,,2024/04/09 19:22:11,0.91
N4,,2024/04/09 19:22:12,0.91
N4,,2024/04/09 19:22:13,0.91
N4,,2024/04/09 19:22:14,0.91
N4,,2024/04/09 19:22:15,0.92
N4,,2024/04/09 19:22:16,0.91
N4,,2024/04/09 19:22:17,0.90
N4,,2024/04/09 19:22:18,0.92
N4,,2024/04/09 19:22:19,0.91
N4,,2024/04/09 19:22:20,0.92
N4,,2024/04/09 19:22:21,0.92
N4,,2024/04/09 19:22:22,0.92
N4,,2024/04/09 19:22:23,0.92
N4,,2024/04/09 19:22:24,0.92
N4,,2024/04/09 19:22:25,0.92
N4,,2024/04/09 19:22:26,0.93
N4,,2024/04/09 19:22:27,0.92
N4,,2024/04/09 19:22:28,0.92
N4,,2024/04/09 19:22:29,0.92
N4,,2024/04/09 19:22:30,0.92
N4,,2024/04/09 19:22:31,0.92
N4,,2024/04/09 19:22:32,0.92
N4,,2024/04/09 19:22:33,0.92
N4,,2024/04/09 19:22:34,0.92
N4,,2024/04/09 19:22:35,0.93
N4,,2024/04/09 19:22:36,0.93
N4,,2024/04/09 19:22:37,0.92
N4,,2024/04/09 19:22:38,0.92
N4,,2024/04/09 19:22:39,0.93
N4,,2024/04/09 19:22:39,0.92
N4,,2024/04/09 19:22:40,0.91
N4,,2024/04/09 19:22:41,0.93
N4,,2024/04/09 19:22:42,0.92
N4,,2024/04/09 19:22:43,0.92
N4,,2024/04/09 19:22:44,0.92
N4,,2024/04/09 19:22:45,0.94
N4,,2024/04/09 19:22:46,0.94
N4,,2024/04/09 19:22:47,0.94
N4,,2024/04/09 19:22:48,0.92
N4,,2024/04/09 19:22:49,0.91
N4,,2024/04/09 19:22:50,0.86
N4,,2024/04/09 19:24:10,0.90
N4,,2024/04/09 19:24:11,0.72
N4,,2024/04/09 19:24:27,0.90
N4,,2024/04/09 19:24:41,0.91
N4,,2024/04/09 19:24:59,0.91
N4,,2024/04/09 19:25:00,0.88
N4,,2024/04/09 19:25:00,0.89
N4,,2024/04/09 19:25:01,0.89
N4,,2024/04/09 19:25:02,0.41
N4,,2024/04/09 19:25:03,0.80
N4,,2024/04/09 19:25:04,0.77
N4,,2024/04/09 19:25:05,0.85
N4,,2024/04/09 19:25:06,0.86
N4,,2024/04/09 19:25:07,0.91
N4,,2024/04/09 19:25:08,0.95
N4,,2024/04/09 19:25:09,0.94
N4,,2024/04/09 19:27:32,0.93
N4,,2024/04/09 19:27:33,0.92
N4,,2024/04/09 19:27:34,0.92
N4,,2024/04/09 19:27:35,0.93
N4,,2024/04/09 19:27:36,0.90
N4,,2024/04/09 19:27:37,0.91
N4,,2024/04/09 19:27:38,0.92
N4,,2024/04/09 19:27:39,0.91
N4,,2024/04/09 19:27:40,0.89
N4,,2024/04/09 19:27:41,0.91
N4,,2024/04/09 19:27:42,0.90
N4,,2024/04/09 19:27:43,0.90
N4,,2024/04/09 19:27:43,0.90
N4,,2024/04/09 19:27:44,0.90
N4,,2024/04/09 19:27:45,0.90
N4,,2024/04/09 19:27:46,0.89
N4,,2024/04/09 19:27:47,0.85
N4,,2024/04/09 19:27:48,0.91
N4,,2024/04/09 19:27:49,0.90
N4,,2024/04/09 19:27:50,0.91
N4,,2024/04/09 19:27:51,0.88
N4,,2024/04/09 19:27:52,0.92
N4,,2024/04/09 19:27:53,0.92
N4,,2024/04/09 19:27:54,0.93
N4,,2024/04/09 19:28:00,0.91
N4,,2024/04/09 19:28:01,0.91
N4,,2024/04/09 19:28:09,0.90
N4,,2024/04/09 19:28:11,0.90
N4,,2024/04/09 19:28:12,0.89
N4,,2024/04/09 19:28:15,0.91
N4,,2024/04/09 19:28:16,0.94
N4,,2024/04/09 19:28:16,0.92
N4,,2024/04/09 19:28:17,0.92
N4,,2024/04/09 19:28:18,0.93
N4,,2024/04/09 19:28:19,0.92
N4,,2024/04/09 19:28:20,0.91
N4,,2024/04/09 19:28:21,0.92
N4,,2024/04/09 19:28:22,0.92
N4,,2024/04/09 19:28:23,0.93
N4,,2024/04/09 19:28:24,0.93
N4,,2024/04/09 19:28:25,0.93
N4,,2024/04/09 19:28:26,0.94
N4,,2024/04/09 19:28:27,0.92
N4,,2024/04/09 19:28:28,0.92
N4,,2024/04/09 19:28:29,0.93
N4,,2024/04/09 19:28:30,0.92
N4,,2024/04/09 19:28:31,0.94
N4,,2024/04/09 19:28:32,0.92
N4,,2024/04/09 19:28:33,0.92
N4,,2024/04/09 19:28:34,0.93
N4,,2024/04/09 19:28:35,0.92
N4,,2024/04/09 19:28:36,0.92
N4,,2024/04/09 19:28:37,0.93
N4,,2024/04/09 19:28:38,0.92
N4,,2024/04/09 19:28:39,0.93
N4,,2024/04/09 19:28:40,0.93
N4,,2024/04/09 19:28:41,0.92
N4,,2024/04/09 19:28:42,0.93
N4,,2024/04/09 19:28:43,0.92
N4,,2024/04/09 19:28:44,0.94
N4,,2024/04/09 19:28:45,0.94
N4,,2024/04/09 19:28:46,0.93
N4,,2024/04/09 19:28:47,0.91
N4,,2024/04/09 19:28:48,0.89
N4,,2024/04/09 19:28:49,0.49
N4,,2024/04/09 19:30:06,0.46
N4,,2024/04/09 19:30:07,0.88
N4,,2024/04/09 19:30:21,0.91
N4,,2024/04/09 19:30:29,0.86
N4,,2024/04/09 19:30:34,0.90
N4,,2024/04/09 19:30:35,0.88
N4,,2024/04/09 19:30:39,0.86
N4,,2024/04/09 19:30:40,0.87
N4,,2024/04/09 19:30:44,0.88
N4,,2024/04/09 19:30:51,0.89
N4,,2024/04/09 19:30:51,0.73
N4,,2024/04/09 19:30:52,0.88
N4,,2024/04/09 19:30:53,0.88
N4,,2024/04/09 19:30:54,0.68
N4,,2024/04/09 19:30:55,0.47
N4,,2024/04/09 19:30:56,0.86
N4,,2024/04/09 19:30:57,0.77
N4,,2024/04/09 19:30:58,0.90
N4,,2024/04/09 19:30:59,0.91
N4,,2024/04/09 19:31:00,0.94
N4,,2024/04/09 19:31:01,0.91
N4,,2024/04/09 19:33:17,0.92
N4,,2024/04/09 19:33:17,0.94
N4,,2024/04/09 19:33:18,0.91
N4,,2024/04/09 19:33:19,0.94
N4,,2024/04/09 19:33:20,0.92
N4,,2024/04/09 19:33:21,0.91
N4,,2024/04/09 19:33:22,0.91
N4,,2024/04/09 19:33:23,0.92
N4,,2024/04/09 19:33:24,0.91
N4,,2024/04/09 19:33:25,0.90
N4,,2024/04/09 19:33:26,0.92
N4,,2024/04/09 19:33:27,0.91
N4,,2024/04/09 19:33:28,0.89
N4,,2024/04/09 19:33:29,0.90
N4,,2024/04/09 19:33:30,0.91
N4,,2024/04/09 19:33:31,0.91
N4,,2024/04/09 19:33:32,0.91
N4,,2024/04/09 19:33:33,0.89
N4,,2024/04/09 19:33:34,0.90
N4,,2024/04/09 19:33:35,0.90
N4,,2024/04/09 19:33:36,0.90
N4,,2024/04/09 19:33:37,0.92
N4,,2024/04/09 19:33:38,0.91
N4,,2024/04/09 19:33:39,0.92
N4,,2024/04/09 19:33:40,0.91
N4,,2024/04/09 19:33:41,0.92
N4,,2024/04/09 19:33:42,0.91
N4,,2024/04/09 19:33:43,0.91
N4,,2024/04/09 19:33:44,0.92
N4,,2024/04/09 19:33:45,0.92
N4,,2024/04/09 19:33:46,0.92
N4,,2024/04/09 19:33:47,0.91
N4,,2024/04/09 19:33:48,0.90
N4,,2024/04/09 19:33:49,0.91
N4,,2024/04/09 19:33:50,0.91
N4,,2024/04/09 19:33:50,0.91
N4,,2024/04/09 19:33:51,0.90
N4,,2024/04/09 19:33:52,0.90
N4,,2024/04/09 19:33:53,0.92
N4,,2024/04/09 19:33:54,0.91
N4,,2024/04/09 19:33:55,0.90
N4,,2024/04/09 19:33:56,0.91
N4,,2024/04/09 19:33:57,0.91
N4,,2024/04/09 19:34:02,0.90
N4,,2024/04/09 19:34:03,0.90
N4,,2024/04/09 19:34:04,0.90
N4,,2024/04/09 19:34:05,0.89
N4,,2024/04/09 19:34:06,0.90
N4,,2024/04/09 19:34:07,0.91
N4,,2024/04/09 19:34:08,0.90
N4,,2024/04/09 19:34:09,0.91
N4,,2024/04/09 19:34:10,0.89
N4,,2024/04/09 19:34:11,0.89
N4,,2024/04/09 19:34:12,0.91
N4,,2024/04/09 19:34:13,0.92
N4,,2024/04/09 19:34:14,0.92
N4,,2024/04/09 19:34:15,0.91
N4,,2024/04/09 19:34:16,0.91
N4,,2024/04/09 19:34:17,0.90
N4,,2024/04/09 19:34:18,0.91
N4,,2024/04/09 19:34:19,0.90
N4,,2024/04/09 19:34:20,0.91
N4,,2024/04/09 19:34:21,0.92
N4,,2024/04/09 19:34:22,0.90
N4,,2024/04/09 19:34:24,0.90
N4,,2024/04/09 19:34:25,0.91
N4,,2024/04/09 19:34:26,0.91
N4,,2024/04/09 19:34:27,0.91
N4,,2024/04/09 19:34:28,0.90
N4,,2024/04/09 19:34:29,0.90
N4,,2024/04/09 19:34:30,0.90
N4,,2024/04/09 19:34:31,0.91
N4,,2024/04/09 19:34:32,0.91
N4,,2024/04/09 19:34:33,0.91
N4,,2024/04/09 19:34:34,0.92
N4,,2024/04/09 19:34:35,0.93
N4,,2024/04/09 19:34:36,0.92
N4,,2024/04/09 19:34:37,0.92
N4,,2024/04/09 19:34:38,0.93
N4,,2024/04/09 19:34:39,0.93
N4,,2024/04/09 19:34:40,0.94
N4,,2024/04/09 19:34:41,0.94
N4,,2024/04/09 19:34:42,0.91
N4,,2024/04/09 19:34:43,0.92
N4,,2024/04/09 19:34:44,0.94
N4,,2024/04/09 19:34:45,0.91
N4,,2024/04/09 19:34:46,0.93
N4,,2024/04/09 19:34:47,0.90
N4,,2024/04/09 19:34:48,0.88
N4,,2024/04/09 19:34:49,0.82
N4,,2024/04/09 19:36:21,0.86
N4,,2024/04/09 19:36:23,0.43
N4,,2024/04/09 19:36:28,0.84
N4,,2024/04/09 19:36:29,0.60
N4,,2024/04/09 19:36:29,0.90
N4,,2024/04/09 19:36:50,0.91
N4,,2024/04/09 19:36:51,0.88
N4,,2024/04/09 19:36:54,0.54
N4,,2024/04/09 19:36:55,0.88
N4,,2024/04/09 19:36:58,0.86
N4,,2024/04/09 19:36:59,0.86
N4,,2024/04/09 19:36:59,0.88
N4,,2024/04/09 19:37:00,0.88
N4,,2024/04/09 19:37:01,0.91
N4,,2024/04/09 19:37:02,0.90
N4,,2024/04/09 19:37:03,0.78
N4,,2024/04/09 19:37:04,0.92
N4,,2024/04/09 19:37:05,0.90
N4,,2024/04/09 19:37:06,0.92
N4,,2024/04/09 19:37:07,0.91
N4,,2024/04/09 19:37:08,0.94
N4,,2024/04/09 19:37:09,0.43
N4,,2024/04/09 19:38:38,0.71
N4,,2024/04/09 19:38:39,0.93
N4,,2024/04/09 19:38:41,0.76
N4,,2024/04/09 19:39:53,0.65
N4,,2024/04/09 19:39:54,0.87
N4,,2024/04/09 19:39:55,0.90
N4,,2024/04/09 19:40:00,0.88
N4,,2024/04/09 19:40:01,0.92
N4,,2024/04/09 19:40:02,0.49
N4,,2024/04/09 19:40:10,0.91
N4,,2024/04/09 19:40:11,0.93
N4,,2024/04/09 19:40:12,0.67
N4,,2024/04/09 19:40:13,0.90
N4,,2024/04/09 19:40:14,0.90
N4,,2024/04/09 19:40:15,0.91
N4,,2024/04/09 19:40:16,0.92
N4,,2024/04/09 19:40:17,0.93
N4,,2024/04/09 19:40:18,0.91
N4,,2024/04/09 19:40:19,0.92
N4,,2024/04/09 19:40:20,0.91
N4,,2024/04/09 19:40:21,0.90
N4,,2024/04/09 19:40:22,0.90
N4,,2024/04/09 19:40:23,0.92
N4,,2024/04/09 19:40:24,0.92
N4,,2024/04/09 19:40:25,0.48
N4,,2024/04/09 19:40:26,0.89
N4,,2024/04/09 19:40:27,0.89
N4,,2024/04/09 19:40:28,0.88
N4,,2024/04/09 19:40:29,0.89
N4,,2024/04/09 19:40:29,0.89
N4,,2024/04/09 19:40:30,0.90
N4,,2024/04/09 19:40:31,0.92
N4,,2024/04/09 19:40:32,0.94
N4,,2024/04/09 19:40:33,0.92
N4,,2024/04/09 19:40:34,0.92
N4,,2024/04/09 19:40:35,0.94
N4,,2024/04/09 19:40:36,0.94
N4,,2024/04/09 19:40:37,0.95
N4,,2024/04/09 19:40:38,0.94
N4,,2024/04/09 19:40:39,0.94
N4,,2024/04/09 19:40:40,0.95
N4,,2024/04/09 19:40:41,0.94
N4,,2024/04/09 19:40:42,0.94
N4,,2024/04/09 19:40:43,0.94
N4,,2024/04/09 19:40:44,0.95
N4,,2024/04/09 19:40:45,0.95
N4,,2024/04/09 19:40:46,0.94
N4,,2024/04/09 19:40:47,0.94
N4,,2024/04/09 19:40:48,0.94
N4,,2024/04/09 19:40:49,0.93
N4,,2024/04/09 19:40:50,0.93
N4,,2024/04/09 19:40:51,0.94
N4,,2024/04/09 19:40:52,0.94
N4,,2024/04/09 19:40:53,0.91
N4,,2024/04/09 19:40:54,0.91
N4,,2024/04/09 19:40:55,0.93
N4,,2024/04/09 19:40:56,0.92
N4,,2024/04/09 19:40:57,0.92
N4,,2024/04/09 19:40:58,0.92
N4,,2024/04/09 19:40:58,0.92
N4,,2024/04/09 19:40:59,0.92
N4,,2024/04/09 19:41:00,0.93
N4,,2024/04/09 19:41:01,0.92
N4,,2024/04/09 19:41:02,0.93
N4,,2024/04/09 19:41:03,0.86
N4,,2024/04/09 20:23:27,0.63
N4,,2024/04/09 20:23:30,0.64
N4,,2024/04/09 20:23:30,0.86
N4,,2024/04/09 20:23:31,0.92
N4,,2024/04/09 20:23:32,0.94
N4,,2024/04/09 20:23:33,0.93
N4,,2024/04/09 20:23:34,0.90
N4,,2024/04/09 20:23:35,0.94
N4,,2024/04/09 20:23:36,0.94
N4,,2024/04/09 20:23:37,0.93
N4,,2024/04/09 20:23:38,0.90
N4,,2024/04/09 20:23:39,0.92
N4,,2024/04/09 20:23:40,0.92
N4,,2024/04/09 20:23:41,0.94
N4,,2024/04/09 20:23:42,0.92
N4,,2024/04/09 20:23:43,0.93
N4,,2024/04/09 20:23:44,0.92
N4,,2024/04/09 20:23:45,0.92
N4,,2024/04/09 20:23:46,0.93
N4,,2024/04/09 20:23:47,0.94
N4,,2024/04/09 20:23:48,0.94
N4,,2024/04/09 20:23:49,0.90
N4,,2024/04/09 20:23:50,0.90
N4,,2024/04/09 20:23:51,0.95
N4,,2024/04/09 20:23:52,0.95
N4,,2024/04/09 20:23:53,0.95
N4,,2024/04/09 20:23:54,0.93
N4,,2024/04/09 20:23:55,0.92
N4,,2024/04/09 20:23:56,0.93
N4,,2024/04/09 20:23:57,0.92
N4,,2024/04/09 20:23:58,0.92
N4,,2024/04/09 20:23:59,0.93
N4,,2024/04/09 20:24:00,0.90
N4,,2024/04/09 20:24:00,0.91
N4,,2024/04/09 20:24:01,0.83
N4,,2024/04/09 20:24:02,0.92
N4,,2024/04/09 20:24:03,0.94
N4,,2024/04/09 20:24:04,0.93
N4,,2024/04/09 20:24:05,0.92
N4,,2024/04/09 20:24:06,0.93
N4,,2024/04/09 20:24:07,0.92
N4,,2024/04/09 20:24:08,0.92
N4,,2024/04/09 20:24:09,0.93
N4,,2024/04/09 20:24:10,0.93
N4,,2024/04/09 20:24:11,0.94
N4,,2024/04/09 20:24:12,0.94
N4,,2024/04/09 20:24:13,0.93
N4,,2024/04/09 20:24:14,0.94
N4,,2024/04/09 20:24:15,0.94
N4,,2024/04/09 20:24:16,0.93
N4,,2024/04/09 20:24:17,0.92
N4,,2024/04/09 20:24:18,0.92
N4,,2024/04/09 20:24:19,0.91
N4,,2024/04/09 20:24:20,0.93
N4,,2024/04/09 20:24:21,0.95
N4,,2024/04/09 20:24:22,0.93
N4,,2024/04/09 20:24:23,0.94
N4,,2024/04/09 20:24:24,0.95
N4,,2024/04/09 20:24:25,0.95
N4,,2024/04/09 20:24:26,0.92
N4,,2024/04/09 20:24:27,0.95
N4,,2024/04/09 20:24:28,0.94
N4,,2024/04/09 20:24:29,0.94
N4,,2024/04/09 20:24:30,0.92
N4,,2024/04/09 20:24:30,0.91
N4,,2024/04/09 20:24:31,0.92
N4,,2024/04/09 20:24:32,0.91
N4,,2024/04/09 20:24:33,0.93
N4,,2024/04/09 20:24:34,0.92
N4,,2024/04/09 20:24:35,0.95
N4,,2024/04/09 20:24:36,0.92
N4,,2024/04/09 20:24:37,0.92
N4,,2024/04/09 20:24:38,0.93
N4,,2024/04/09 20:24:39,0.92
N4,,2024/04/09 20:24:40,0.95
N4,,2024/04/09 20:24:41,0.92
N4,,2024/04/09 20:24:42,0.94
N4,,2024/04/09 20:24:43,0.93
N4,,2024/04/09 20:24:44,0.95
N4,,2024/04/09 20:24:45,0.91
N4,,2024/04/09 20:24:46,0.93
N4,,2024/04/09 20:24:47,0.91
N4,,2024/04/09 20:24:48,0.92
N4,,2024/04/09 20:24:49,0.94
N4,,2024/04/09 20:24:50,0.94
N4,,2024/04/09 20:24:51,0.93
N4,,2024/04/09 20:24:52,0.93
N4,,2024/04/09 20:24:53,0.92
N4,,2024/04/09 20:24:54,0.95
N4,,2024/04/09 20:24:55,0.92
N4,,2024/04/09 20:24:56,0.91
N4,,2024/04/09 20:24:57,0.85
N4,,2024/04/09 20:24:58,0.90
N4,,2024/04/09 20:24:59,0.92
N4,,2024/04/09 20:25:00,0.92
N4,,2024/04/09 20:25:00,0.92
N4,,2024/04/09 20:25:01,0.92
N4,,2024/04/09 20:25:02,0.91
N4,,2024/04/09 20:25:03,0.93
N4,,2024/04/09 20:25:04,0.84
N4,,2024/04/09 20:25:05,0.92
N4,,2024/04/09 20:25:06,0.89
N4,,2024/04/09 20:25:07,0.92
N4,,2024/04/09 20:25:08,0.92
N4,,2024/04/09 20:25:09,0.92
N4,,2024/04/09 20:25:10,0.92
N4,,2024/04/09 20:25:11,0.92
N4,,2024/04/09 20:25:12,0.91
N4,,2024/04/09 20:25:13,0.92
N4,,2024/04/09 20:25:14,0.91
N4,,2024/04/09 20:25:15,0.92
N4,,2024/04/09 20:25:16,0.91
N4,,2024/04/09 20:25:17,0.91
N4,,2024/04/09 20:25:18,0.93
N4,,2024/04/09 20:25:19,0.91
N4,,2024/04/09 20:25:20,0.90
N4,,2024/04/09 20:25:21,0.91
N4,,2024/04/09 20:28:36,0.93
N4,,2024/04/09 20:28:37,0.92
N4,,2024/04/09 20:28:38,0.92
N4,,2024/04/09 20:28:41,0.90
N4,,2024/04/09 20:28:42,0.90
N4,,2024/04/09 20:28:43,0.83
N4,,2024/04/09 20:28:44,0.91
N4,,2024/04/09 20:29:18,0.91
N4,,2024/04/09 20:29:19,0.91
N4,,2024/04/09 20:29:20,0.90
N4,,2024/04/09 20:29:21,0.91
N4,,2024/04/09 20:29:22,0.91
N4,,2024/04/09 20:29:23,0.92
N4,,2024/04/09 20:29:24,0.92
N4,,2024/04/09 20:29:25,0.91
N4,,2024/04/09 20:29:26,0.91
N4,,2024/04/09 20:29:27,0.90
N4,,2024/04/09 20:29:28,0.91
N4,,2024/04/09 20:29:29,0.92
N4,,2024/04/09 20:29:30,0.89
N4,,2024/04/09 20:29:31,0.90
N4,,2024/04/09 20:29:32,0.91
N4,,2024/04/09 20:29:33,0.90
N4,,2024/04/09 20:29:34,0.92
N4,,2024/04/09 20:29:35,0.70
N4,,2024/04/09 20:29:36,0.89
N4,,2024/04/09 20:29:37,0.86
N4,,2024/04/09 20:29:38,0.87
N4,,2024/04/09 20:29:39,0.93
N4,,2024/04/09 20:29:40,0.92
N4,,2024/04/09 20:29:41,0.93
N4,,2024/04/09 20:29:42,0.93
N4,,2024/04/09 20:29:43,0.92
N4,,2024/04/09 20:29:44,0.91
N4,,2024/04/09 20:29:45,0.91
N4,,2024/04/09 20:29:46,0.88
N4,,2024/04/09 20:29:47,0.91
N4,,2024/04/09 20:29:48,0.91
N4,,2024/04/09 20:29:49,0.92
N4,,2024/04/09 20:29:50,0.90
N4,,2024/04/09 20:29:51,0.93
N4,,2024/04/09 20:30:47,0.87
N4,,2024/04/09 20:30:48,0.90
N4,,2024/04/09 20:30:49,0.90
N4,,2024/04/09 20:30:50,0.85
N4,,2024/04/09 20:30:51,0.90
N4,,2024/04/09 20:30:52,0.91
N4,,2024/04/09 20:30:53,0.64
N4,,2024/04/09 20:30:54,0.74
N4,,2024/04/09 20:30:55,0.83
N4,,2024/04/09 20:31:13,0.78
N4,,2024/04/09 20:31:14,0.93
N4,,2024/04/09 20:31:18,0.89
N4,,2024/04/09 20:31:19,0.91
N4,,2024/04/09 20:31:20,0.90
N4,,2024/04/09 20:31:21,0.91
N4,,2024/04/09 20:31:22,0.90
N4,,2024/04/09 20:31:23,0.90
N4,,2024/04/09 20:31:24,0.92
N4,,2024/04/09 20:31:25,0.90
N4,,2024/04/09 20:31:26,0.94
N4,,2024/04/09 20:31:27,0.92
N4,,2024/04/09 20:31:28,0.93
N4,,2024/04/09 20:31:29,0.91
N4,,2024/04/09 20:31:30,0.90
N4,,2024/04/09 20:31:30,0.93
N4,,2024/04/09 20:31:31,0.93
N4,,2024/04/09 20:31:32,0.92
N4,,2024/04/09 20:31:33,0.91
N4,,2024/04/09 20:31:34,0.89
N4,,2024/04/09 20:31:35,0.94
N4,,2024/04/09 20:31:36,0.78
N4,,2024/04/09 20:31:37,0.84
N4,,2024/04/09 20:32:16,0.88
N4,,2024/04/09 20:33:17,0.89
N4,,2024/04/09 20:33:18,0.90
N4,,2024/04/09 20:33:19,0.89
N4,,2024/04/09 20:33:20,0.88
N4,,2024/04/09 20:33:21,0.89
N4,,2024/04/09 20:33:22,0.90
N4,,2024/04/09 20:33:23,0.91
N4,,2024/04/09 20:33:24,0.90
N4,,2024/04/09 20:33:25,0.63
N4,,2024/04/09 20:33:43,0.61
N4,,2024/04/09 20:33:44,0.77
N4,,2024/04/09 20:33:45,0.92
N4,,2024/04/09 20:34:03,0.91
N4,,2024/04/09 20:34:04,0.89
N4,,2024/04/09 20:34:05,0.92
N4,,2024/04/09 20:34:06,0.47
